2026-02-04T22:32:26.218Z [console][error] A tree hydrated but some attributes of the server rendered HTML didn't match the client properties. This won't be patched up. This can happen if a SSR-ed Client Component used:

- A server/client branch `if (typeof window !== 'undefined')`.
- Variable input such as `Date.now()` or `Math.random()` which changes each time it's called.
- Date formatting in a user's locale which doesn't match the server.
- External changing data without sending a snapshot of it along with the HTML.
- Invalid HTML tag nesting.

It can also happen if the client has a browser extension installed which messes with the HTML before React loaded.

%s%s https://react.dev/link/hydration-mismatch 

  ...
    <InnerScrollAndFocusHandler segmentPath={[...]} focusAndScrollRef={{apply:false, ...}}>
      <ErrorBoundary errorComponent={undefined} errorStyles={undefined} errorScripts={undefined}>
        <LoadingBoundary loading={null}>
          <HTTPAccessFallbackBoundary notFound={[...]} forbidden={undefined} unauthorized={undefined}>
            <HTTPAccessFallbackErrorBoundary pathname="/" notFound={[...]} forbidden={undefined} unauthorized={undefined} ...>
              <RedirectBoundary>
                <RedirectErrorBoundary router={{...}}>
                  <InnerLayoutRouter parallelRouterKey="children" url="/" tree={[...]} childNodes={Map} ...>
                    <ClientPageRoot Component={function Home} searchParams={{}} params={{}}>
                      <Home params={Promise} searchParams={Promise}>
                        <Suspense fallback={<div>}>
                          <HomeContent>
                            <main
                              className="min-h-screen bg-[#05070a]"
-                             data-orchid-ref="ref-1jujj10vxx"
                            >
                              <HeroSection>
                                <section
                                  className="relative flex flex-col items-center pt-[56px] pb-[56px] px-[20px] md:px-[..."
- ...
2026-02-04T22:32:26.923Z [console][error] A tree hydrated but some attributes of the server rendered HTML didn't match the client properties. This won't be patched up. This can happen if a SSR-ed Client Component used:

- A server/client branch `if (typeof window !== 'undefined')`.
- Variable input such as `Date.now()` or `Math.random()` which changes each time it's called.
- Date formatting in a user's locale which doesn't match the server.
- External changing data without sending a snapshot of it along with the HTML.
- Invalid HTML tag nesting.

It can also happen if the client has a browser extension installed which messes with the HTML before React loaded.

%s%s https://react.dev/link/hydration-mismatch 

  ...
    <InnerScrollAndFocusHandler segmentPath={[...]} focusAndScrollRef={{apply:false, ...}}>
      <ErrorBoundary errorComponent={undefined} errorStyles={undefined} errorScripts={undefined}>
        <LoadingBoundary loading={null}>
          <HTTPAccessFallbackBoundary notFound={[...]} forbidden={undefined} unauthorized={undefined}>
            <HTTPAccessFallbackErrorBoundary pathname="/" notFound={[...]} forbidden={undefined} unauthorized={undefined} ...>
              <RedirectBoundary>
                <RedirectErrorBoundary router={{...}}>
                  <InnerLayoutRouter parallelRouterKey="children" url="/" tree={[...]} childNodes={Map} ...>
                    <ClientPageRoot Component={function Home} searchParams={{}} params={{}}>
                      <Home params={Promise} searchParams={Promise}>
                        <Suspense fallback={<div>}>
                          <HomeContent>
                            <main
                              className="min-h-screen bg-[#05070a]"
-                             data-orchid-ref="ref-1jujj10vxx"
                            >
                              <HeroSection>
                                <section
                                  className="relative flex flex-col items-center pt-[56px] pb-[56px] px-[20px] md:px-[..."
- ...
2026-02-04T22:32:27.591Z [console][error] A tree hydrated but some attributes of the server rendered HTML didn't match the client properties. This won't be patched up. This can happen if a SSR-ed Client Component used:

- A server/client branch `if (typeof window !== 'undefined')`.
- Variable input such as `Date.now()` or `Math.random()` which changes each time it's called.
- Date formatting in a user's locale which doesn't match the server.
- External changing data without sending a snapshot of it along with the HTML.
- Invalid HTML tag nesting.

It can also happen if the client has a browser extension installed which messes with the HTML before React loaded.

%s%s https://react.dev/link/hydration-mismatch 

  ...
    <InnerScrollAndFocusHandler segmentPath={[...]} focusAndScrollRef={{apply:false, ...}}>
      <ErrorBoundary errorComponent={undefined} errorStyles={undefined} errorScripts={undefined}>
        <LoadingBoundary loading={null}>
          <HTTPAccessFallbackBoundary notFound={[...]} forbidden={undefined} unauthorized={undefined}>
            <HTTPAccessFallbackErrorBoundary pathname="/" notFound={[...]} forbidden={undefined} unauthorized={undefined} ...>
              <RedirectBoundary>
                <RedirectErrorBoundary router={{...}}>
                  <InnerLayoutRouter parallelRouterKey="children" url="/" tree={[...]} childNodes={Map} ...>
                    <ClientPageRoot Component={function Home} searchParams={{}} params={{}}>
                      <Home params={Promise} searchParams={Promise}>
                        <Suspense fallback={<div>}>
                          <HomeContent>
                            <main
                              className="min-h-screen bg-[#05070a]"
-                             data-orchid-ref="ref-1jujj10vxx"
                            >
                              <HeroSection>
                                <section
                                  className="relative flex flex-col items-center pt-[56px] pb-[56px] px-[20px] md:px-[..."
- ...
2026-02-04T22:32:28.193Z [console][error] A tree hydrated but some attributes of the server rendered HTML didn't match the client properties. This won't be patched up. This can happen if a SSR-ed Client Component used:

- A server/client branch `if (typeof window !== 'undefined')`.
- Variable input such as `Date.now()` or `Math.random()` which changes each time it's called.
- Date formatting in a user's locale which doesn't match the server.
- External changing data without sending a snapshot of it along with the HTML.
- Invalid HTML tag nesting.

It can also happen if the client has a browser extension installed which messes with the HTML before React loaded.

%s%s https://react.dev/link/hydration-mismatch 

  ...
    <InnerScrollAndFocusHandler segmentPath={[...]} focusAndScrollRef={{apply:false, ...}}>
      <ErrorBoundary errorComponent={undefined} errorStyles={undefined} errorScripts={undefined}>
        <LoadingBoundary loading={null}>
          <HTTPAccessFallbackBoundary notFound={[...]} forbidden={undefined} unauthorized={undefined}>
            <HTTPAccessFallbackErrorBoundary pathname="/" notFound={[...]} forbidden={undefined} unauthorized={undefined} ...>
              <RedirectBoundary>
                <RedirectErrorBoundary router={{...}}>
                  <InnerLayoutRouter parallelRouterKey="children" url="/" tree={[...]} childNodes={Map} ...>
                    <ClientPageRoot Component={function Home} searchParams={{}} params={{}}>
                      <Home params={Promise} searchParams={Promise}>
                        <Suspense fallback={<div>}>
                          <HomeContent>
                            <main
                              className="min-h-screen bg-[#05070a]"
-                             data-orchid-ref="ref-1jujj10vxx"
                            >
                              <HeroSection>
                                <section
                                  className="relative flex flex-col items-center pt-[56px] pb-[56px] px-[20px] md:px-[..."
- ...
2026-02-04T22:32:28.892Z [console][error] A tree hydrated but some attributes of the server rendered HTML didn't match the client properties. This won't be patched up. This can happen if a SSR-ed Client Component used:

- A server/client branch `if (typeof window !== 'undefined')`.
- Variable input such as `Date.now()` or `Math.random()` which changes each time it's called.
- Date formatting in a user's locale which doesn't match the server.
- External changing data without sending a snapshot of it along with the HTML.
- Invalid HTML tag nesting.

It can also happen if the client has a browser extension installed which messes with the HTML before React loaded.

%s%s https://react.dev/link/hydration-mismatch 

  ...
    <InnerScrollAndFocusHandler segmentPath={[...]} focusAndScrollRef={{apply:false, ...}}>
      <ErrorBoundary errorComponent={undefined} errorStyles={undefined} errorScripts={undefined}>
        <LoadingBoundary loading={null}>
          <HTTPAccessFallbackBoundary notFound={[...]} forbidden={undefined} unauthorized={undefined}>
            <HTTPAccessFallbackErrorBoundary pathname="/" notFound={[...]} forbidden={undefined} unauthorized={undefined} ...>
              <RedirectBoundary>
                <RedirectErrorBoundary router={{...}}>
                  <InnerLayoutRouter parallelRouterKey="children" url="/" tree={[...]} childNodes={Map} ...>
                    <ClientPageRoot Component={function Home} searchParams={{}} params={{}}>
                      <Home params={Promise} searchParams={Promise}>
                        <Suspense fallback={<div>}>
                          <HomeContent>
                            <main
                              className="min-h-screen bg-[#05070a]"
-                             data-orchid-ref="ref-1jujj10vxx"
                            >
                              <HeroSection>
                                <section
                                  className="relative flex flex-col items-center pt-[56px] pb-[56px] px-[20px] md:px-[..."
- ...
2026-02-04T22:32:29.515Z [console][error] A tree hydrated but some attributes of the server rendered HTML didn't match the client properties. This won't be patched up. This can happen if a SSR-ed Client Component used:

- A server/client branch `if (typeof window !== 'undefined')`.
- Variable input such as `Date.now()` or `Math.random()` which changes each time it's called.
- Date formatting in a user's locale which doesn't match the server.
- External changing data without sending a snapshot of it along with the HTML.
- Invalid HTML tag nesting.

It can also happen if the client has a browser extension installed which messes with the HTML before React loaded.

%s%s https://react.dev/link/hydration-mismatch 

  ...
    <InnerScrollAndFocusHandler segmentPath={[...]} focusAndScrollRef={{apply:false, ...}}>
      <ErrorBoundary errorComponent={undefined} errorStyles={undefined} errorScripts={undefined}>
        <LoadingBoundary loading={null}>
          <HTTPAccessFallbackBoundary notFound={[...]} forbidden={undefined} unauthorized={undefined}>
            <HTTPAccessFallbackErrorBoundary pathname="/" notFound={[...]} forbidden={undefined} unauthorized={undefined} ...>
              <RedirectBoundary>
                <RedirectErrorBoundary router={{...}}>
                  <InnerLayoutRouter parallelRouterKey="children" url="/" tree={[...]} childNodes={Map} ...>
                    <ClientPageRoot Component={function Home} searchParams={{}} params={{}}>
                      <Home params={Promise} searchParams={Promise}>
                        <Suspense fallback={<div>}>
                          <HomeContent>
                            <main
                              className="min-h-screen bg-[#05070a]"
-                             data-orchid-ref="ref-1jujj10vxx"
                            >
                              <HeroSection>
                                <section
                                  className="relative flex flex-col items-center pt-[56px] pb-[56px] px-[20px] md:px-[..."
- ...
2026-02-04T22:32:30.124Z [console][error] A tree hydrated but some attributes of the server rendered HTML didn't match the client properties. This won't be patched up. This can happen if a SSR-ed Client Component used:

- A server/client branch `if (typeof window !== 'undefined')`.
- Variable input such as `Date.now()` or `Math.random()` which changes each time it's called.
- Date formatting in a user's locale which doesn't match the server.
- External changing data without sending a snapshot of it along with the HTML.
- Invalid HTML tag nesting.

It can also happen if the client has a browser extension installed which messes with the HTML before React loaded.

%s%s https://react.dev/link/hydration-mismatch 

  ...
    <InnerScrollAndFocusHandler segmentPath={[...]} focusAndScrollRef={{apply:false, ...}}>
      <ErrorBoundary errorComponent={undefined} errorStyles={undefined} errorScripts={undefined}>
        <LoadingBoundary loading={null}>
          <HTTPAccessFallbackBoundary notFound={[...]} forbidden={undefined} unauthorized={undefined}>
            <HTTPAccessFallbackErrorBoundary pathname="/" notFound={[...]} forbidden={undefined} unauthorized={undefined} ...>
              <RedirectBoundary>
                <RedirectErrorBoundary router={{...}}>
                  <InnerLayoutRouter parallelRouterKey="children" url="/" tree={[...]} childNodes={Map} ...>
                    <ClientPageRoot Component={function Home} searchParams={{}} params={{}}>
                      <Home params={Promise} searchParams={Promise}>
                        <Suspense fallback={<div>}>
                          <HomeContent>
                            <main
                              className="min-h-screen bg-[#05070a]"
-                             data-orchid-ref="ref-1jujj10vxx"
                            >
                              <HeroSection>
                                <section
                                  className="relative flex flex-col items-center pt-[56px] pb-[56px] px-[20px] md:px-[..."
- ...
2026-02-04T22:32:30.792Z [console][error] A tree hydrated but some attributes of the server rendered HTML didn't match the client properties. This won't be patched up. This can happen if a SSR-ed Client Component used:

- A server/client branch `if (typeof window !== 'undefined')`.
- Variable input such as `Date.now()` or `Math.random()` which changes each time it's called.
- Date formatting in a user's locale which doesn't match the server.
- External changing data without sending a snapshot of it along with the HTML.
- Invalid HTML tag nesting.

It can also happen if the client has a browser extension installed which messes with the HTML before React loaded.

%s%s https://react.dev/link/hydration-mismatch 

  ...
    <InnerScrollAndFocusHandler segmentPath={[...]} focusAndScrollRef={{apply:false, ...}}>
      <ErrorBoundary errorComponent={undefined} errorStyles={undefined} errorScripts={undefined}>
        <LoadingBoundary loading={null}>
          <HTTPAccessFallbackBoundary notFound={[...]} forbidden={undefined} unauthorized={undefined}>
            <HTTPAccessFallbackErrorBoundary pathname="/" notFound={[...]} forbidden={undefined} unauthorized={undefined} ...>
              <RedirectBoundary>
                <RedirectErrorBoundary router={{...}}>
                  <InnerLayoutRouter parallelRouterKey="children" url="/" tree={[...]} childNodes={Map} ...>
                    <ClientPageRoot Component={function Home} searchParams={{}} params={{}}>
                      <Home params={Promise} searchParams={Promise}>
                        <Suspense fallback={<div>}>
                          <HomeContent>
                            <main
                              className="min-h-screen bg-[#05070a]"
-                             data-orchid-ref="ref-1jujj10vxx"
                            >
                              <HeroSection>
                                <section
                                  className="relative flex flex-col items-center pt-[56px] pb-[56px] px-[20px] md:px-[..."
- ...
2026-02-04T22:32:31.955Z [console][error] A tree hydrated but some attributes of the server rendered HTML didn't match the client properties. This won't be patched up. This can happen if a SSR-ed Client Component used:

- A server/client branch `if (typeof window !== 'undefined')`.
- Variable input such as `Date.now()` or `Math.random()` which changes each time it's called.
- Date formatting in a user's locale which doesn't match the server.
- External changing data without sending a snapshot of it along with the HTML.
- Invalid HTML tag nesting.

It can also happen if the client has a browser extension installed which messes with the HTML before React loaded.

%s%s https://react.dev/link/hydration-mismatch 

  ...
    <InnerScrollAndFocusHandler segmentPath={[...]} focusAndScrollRef={{apply:false, ...}}>
      <ErrorBoundary errorComponent={undefined} errorStyles={undefined} errorScripts={undefined}>
        <LoadingBoundary loading={null}>
          <HTTPAccessFallbackBoundary notFound={[...]} forbidden={undefined} unauthorized={undefined}>
            <HTTPAccessFallbackErrorBoundary pathname="/" notFound={[...]} forbidden={undefined} unauthorized={undefined} ...>
              <RedirectBoundary>
                <RedirectErrorBoundary router={{...}}>
                  <InnerLayoutRouter parallelRouterKey="children" url="/" tree={[...]} childNodes={Map} ...>
                    <ClientPageRoot Component={function Home} searchParams={{}} params={{}}>
                      <Home params={Promise} searchParams={Promise}>
                        <Suspense fallback={<div>}>
                          <HomeContent>
                            <main
                              className="min-h-screen bg-[#05070a]"
-                             data-orchid-ref="ref-1jujj10vxx"
                            >
                              <HeroSection>
                                <section
                                  className="relative flex flex-col items-center pt-[56px] pb-[56px] px-[20px] md:px-[..."
- ...
2026-02-04T22:32:32.590Z [console][error] A tree hydrated but some attributes of the server rendered HTML didn't match the client properties. This won't be patched up. This can happen if a SSR-ed Client Component used:

- A server/client branch `if (typeof window !== 'undefined')`.
- Variable input such as `Date.now()` or `Math.random()` which changes each time it's called.
- Date formatting in a user's locale which doesn't match the server.
- External changing data without sending a snapshot of it along with the HTML.
- Invalid HTML tag nesting.

It can also happen if the client has a browser extension installed which messes with the HTML before React loaded.

%s%s https://react.dev/link/hydration-mismatch 

  ...
    <InnerScrollAndFocusHandler segmentPath={[...]} focusAndScrollRef={{apply:false, ...}}>
      <ErrorBoundary errorComponent={undefined} errorStyles={undefined} errorScripts={undefined}>
        <LoadingBoundary loading={null}>
          <HTTPAccessFallbackBoundary notFound={[...]} forbidden={undefined} unauthorized={undefined}>
            <HTTPAccessFallbackErrorBoundary pathname="/" notFound={[...]} forbidden={undefined} unauthorized={undefined} ...>
              <RedirectBoundary>
                <RedirectErrorBoundary router={{...}}>
                  <InnerLayoutRouter parallelRouterKey="children" url="/" tree={[...]} childNodes={Map} ...>
                    <ClientPageRoot Component={function Home} searchParams={{}} params={{}}>
                      <Home params={Promise} searchParams={Promise}>
                        <Suspense fallback={<div>}>
                          <HomeContent>
                            <main
                              className="min-h-screen bg-[#05070a]"
-                             data-orchid-ref="ref-1jujj10vxx"
                            >
                              <HeroSection>
                                <section
                                  className="relative flex flex-col items-center pt-[56px] pb-[56px] px-[20px] md:px-[..."
- ...
2026-02-04T22:32:33.853Z [console][error] A tree hydrated but some attributes of the server rendered HTML didn't match the client properties. This won't be patched up. This can happen if a SSR-ed Client Component used:

- A server/client branch `if (typeof window !== 'undefined')`.
- Variable input such as `Date.now()` or `Math.random()` which changes each time it's called.
- Date formatting in a user's locale which doesn't match the server.
- External changing data without sending a snapshot of it along with the HTML.
- Invalid HTML tag nesting.

It can also happen if the client has a browser extension installed which messes with the HTML before React loaded.

%s%s https://react.dev/link/hydration-mismatch 

  ...
    <InnerScrollAndFocusHandler segmentPath={[...]} focusAndScrollRef={{apply:false, ...}}>
      <ErrorBoundary errorComponent={undefined} errorStyles={undefined} errorScripts={undefined}>
        <LoadingBoundary loading={null}>
          <HTTPAccessFallbackBoundary notFound={[...]} forbidden={undefined} unauthorized={undefined}>
            <HTTPAccessFallbackErrorBoundary pathname="/" notFound={[...]} forbidden={undefined} unauthorized={undefined} ...>
              <RedirectBoundary>
                <RedirectErrorBoundary router={{...}}>
                  <InnerLayoutRouter parallelRouterKey="children" url="/" tree={[...]} childNodes={Map} ...>
                    <ClientPageRoot Component={function Home} searchParams={{}} params={{}}>
                      <Home params={Promise} searchParams={Promise}>
                        <Suspense fallback={<div>}>
                          <HomeContent>
                            <main
                              className="min-h-screen bg-[#05070a]"
-                             data-orchid-ref="ref-1jujj10vxx"
                            >
                              <HeroSection>
                                <section
                                  className="relative flex flex-col items-center pt-[56px] pb-[56px] px-[20px] md:px-[..."
- ...
2026-02-04T22:32:34.541Z [console][error] A tree hydrated but some attributes of the server rendered HTML didn't match the client properties. This won't be patched up. This can happen if a SSR-ed Client Component used:

- A server/client branch `if (typeof window !== 'undefined')`.
- Variable input such as `Date.now()` or `Math.random()` which changes each time it's called.
- Date formatting in a user's locale which doesn't match the server.
- External changing data without sending a snapshot of it along with the HTML.
- Invalid HTML tag nesting.

It can also happen if the client has a browser extension installed which messes with the HTML before React loaded.

%s%s https://react.dev/link/hydration-mismatch 

  ...
    <InnerScrollAndFocusHandler segmentPath={[...]} focusAndScrollRef={{apply:false, ...}}>
      <ErrorBoundary errorComponent={undefined} errorStyles={undefined} errorScripts={undefined}>
        <LoadingBoundary loading={null}>
          <HTTPAccessFallbackBoundary notFound={[...]} forbidden={undefined} unauthorized={undefined}>
            <HTTPAccessFallbackErrorBoundary pathname="/" notFound={[...]} forbidden={undefined} unauthorized={undefined} ...>
              <RedirectBoundary>
                <RedirectErrorBoundary router={{...}}>
                  <InnerLayoutRouter parallelRouterKey="children" url="/" tree={[...]} childNodes={Map} ...>
                    <ClientPageRoot Component={function Home} searchParams={{}} params={{}}>
                      <Home params={Promise} searchParams={Promise}>
                        <Suspense fallback={<div>}>
                          <HomeContent>
                            <main
                              className="min-h-screen bg-[#05070a]"
-                             data-orchid-ref="ref-1jujj10vxx"
                            >
                              <HeroSection>
                                <section
                                  className="relative flex flex-col items-center pt-[56px] pb-[56px] px-[20px] md:px-[..."
- ...
2026-02-04T22:32:35.364Z [console][error] A tree hydrated but some attributes of the server rendered HTML didn't match the client properties. This won't be patched up. This can happen if a SSR-ed Client Component used:

- A server/client branch `if (typeof window !== 'undefined')`.
- Variable input such as `Date.now()` or `Math.random()` which changes each time it's called.
- Date formatting in a user's locale which doesn't match the server.
- External changing data without sending a snapshot of it along with the HTML.
- Invalid HTML tag nesting.

It can also happen if the client has a browser extension installed which messes with the HTML before React loaded.

%s%s https://react.dev/link/hydration-mismatch 

  ...
    <InnerScrollAndFocusHandler segmentPath={[...]} focusAndScrollRef={{apply:false, ...}}>
      <ErrorBoundary errorComponent={undefined} errorStyles={undefined} errorScripts={undefined}>
        <LoadingBoundary loading={null}>
          <HTTPAccessFallbackBoundary notFound={[...]} forbidden={undefined} unauthorized={undefined}>
            <HTTPAccessFallbackErrorBoundary pathname="/" notFound={[...]} forbidden={undefined} unauthorized={undefined} ...>
              <RedirectBoundary>
                <RedirectErrorBoundary router={{...}}>
                  <InnerLayoutRouter parallelRouterKey="children" url="/" tree={[...]} childNodes={Map} ...>
                    <ClientPageRoot Component={function Home} searchParams={{}} params={{}}>
                      <Home params={Promise} searchParams={Promise}>
                        <Suspense fallback={<div>}>
                          <HomeContent>
                            <main
                              className="min-h-screen bg-[#05070a]"
-                             data-orchid-ref="ref-1jujj10vxx"
                            >
                              <HeroSection>
                                <section
                                  className="relative flex flex-col items-center pt-[56px] pb-[56px] px-[20px] md:px-[..."
- ...
2026-02-04T22:32:36.377Z [console][error] A tree hydrated but some attributes of the server rendered HTML didn't match the client properties. This won't be patched up. This can happen if a SSR-ed Client Component used:

- A server/client branch `if (typeof window !== 'undefined')`.
- Variable input such as `Date.now()` or `Math.random()` which changes each time it's called.
- Date formatting in a user's locale which doesn't match the server.
- External changing data without sending a snapshot of it along with the HTML.
- Invalid HTML tag nesting.

It can also happen if the client has a browser extension installed which messes with the HTML before React loaded.

%s%s https://react.dev/link/hydration-mismatch 

  ...
    <InnerScrollAndFocusHandler segmentPath={[...]} focusAndScrollRef={{apply:false, ...}}>
      <ErrorBoundary errorComponent={undefined} errorStyles={undefined} errorScripts={undefined}>
        <LoadingBoundary loading={null}>
          <HTTPAccessFallbackBoundary notFound={[...]} forbidden={undefined} unauthorized={undefined}>
            <HTTPAccessFallbackErrorBoundary pathname="/" notFound={[...]} forbidden={undefined} unauthorized={undefined} ...>
              <RedirectBoundary>
                <RedirectErrorBoundary router={{...}}>
                  <InnerLayoutRouter parallelRouterKey="children" url="/" tree={[...]} childNodes={Map} ...>
                    <ClientPageRoot Component={function Home} searchParams={{}} params={{}}>
                      <Home params={Promise} searchParams={Promise}>
                        <Suspense fallback={<div>}>
                          <HomeContent>
                            <main
                              className="min-h-screen bg-[#05070a]"
-                             data-orchid-ref="ref-1jujj10vxx"
                            >
                              <HeroSection>
                                <section
                                  className="relative flex flex-col items-center pt-[56px] pb-[56px] px-[20px] md:px-[..."
- ...
2026-02-04T22:32:37.172Z [console][error] A tree hydrated but some attributes of the server rendered HTML didn't match the client properties. This won't be patched up. This can happen if a SSR-ed Client Component used:

- A server/client branch `if (typeof window !== 'undefined')`.
- Variable input such as `Date.now()` or `Math.random()` which changes each time it's called.
- Date formatting in a user's locale which doesn't match the server.
- External changing data without sending a snapshot of it along with the HTML.
- Invalid HTML tag nesting.

It can also happen if the client has a browser extension installed which messes with the HTML before React loaded.

%s%s https://react.dev/link/hydration-mismatch 

  ...
    <InnerScrollAndFocusHandler segmentPath={[...]} focusAndScrollRef={{apply:false, ...}}>
      <ErrorBoundary errorComponent={undefined} errorStyles={undefined} errorScripts={undefined}>
        <LoadingBoundary loading={null}>
          <HTTPAccessFallbackBoundary notFound={[...]} forbidden={undefined} unauthorized={undefined}>
            <HTTPAccessFallbackErrorBoundary pathname="/" notFound={[...]} forbidden={undefined} unauthorized={undefined} ...>
              <RedirectBoundary>
                <RedirectErrorBoundary router={{...}}>
                  <InnerLayoutRouter parallelRouterKey="children" url="/" tree={[...]} childNodes={Map} ...>
                    <ClientPageRoot Component={function Home} searchParams={{}} params={{}}>
                      <Home params={Promise} searchParams={Promise}>
                        <Suspense fallback={<div>}>
                          <HomeContent>
                            <main
                              className="min-h-screen bg-[#05070a]"
-                             data-orchid-ref="ref-1jujj10vxx"
                            >
                              <HeroSection>
                                <section
                                  className="relative flex flex-col items-center pt-[56px] pb-[56px] px-[20px] md:px-[..."
- ...
2026-02-20T13:38:24.251Z [console][error] Uncaught ReferenceError: digistorePromocode is not defined
2026-02-21T00:48:14.323Z [console][error] A tree hydrated but some attributes of the server rendered HTML didn't match the client properties. This won't be patched up. This can happen if a SSR-ed Client Component used:

- A server/client branch `if (typeof window !== 'undefined')`.
- Variable input such as `Date.now()` or `Math.random()` which changes each time it's called.
- Date formatting in a user's locale which doesn't match the server.
- External changing data without sending a snapshot of it along with the HTML.
- Invalid HTML tag nesting.

It can also happen if the client has a browser extension installed which messes with the HTML before React loaded.

%s%s https://react.dev/link/hydration-mismatch 

  ...
    <HotReload assetPrefix="">
      <ReactDevOverlay state={{nextId:1, ...}} dispatcher={{...}}>
        <DevRootHTTPAccessFallbackBoundary>
          <HTTPAccessFallbackBoundary notFound={<NotAllowedRootHTTPFallbackError>}>
            <HTTPAccessFallbackErrorBoundary pathname="/" notFound={<NotAllowedRootHTTPFallbackError>} ...>
              <RedirectBoundary>
                <RedirectErrorBoundary router={{...}}>
                  <Head>
                  <link>
                  <RootLayout>
                    <html lang="pt-BR">
                      <head>
                        <link>
                        <link>
                        <link>
                        <link>
                        <link>
                        <link>
                        <script>
                        <script>
                        <script>
                        <script
                          dangerouslySetInnerHTML={{
+                           __html: "window.addEventListener('load', function(){ if(typeof digistorePromocode === 'fun..."
-                           __html: ""
                          }}
-                         src="//www.digistore24.com/webinc/badge/build/v1.0.2/loader.js"
                        >
                      ...
                  ...
        ...

2026-02-21T00:48:14.330Z [console][log] __ORCHIDS_NAVIGATE__ http://localhost:3000/?utm_source=direto
2026-02-21T00:48:15.029Z [console][error] A tree hydrated but some attributes of the server rendered HTML didn't match the client properties. This won't be patched up. This can happen if a SSR-ed Client Component used:

- A server/client branch `if (typeof window !== 'undefined')`.
- Variable input such as `Date.now()` or `Math.random()` which changes each time it's called.
- Date formatting in a user's locale which doesn't match the server.
- External changing data without sending a snapshot of it along with the HTML.
- Invalid HTML tag nesting.

It can also happen if the client has a browser extension installed which messes with the HTML before React loaded.

%s%s https://react.dev/link/hydration-mismatch 

  ...
    <HTTPAccessFallbackErrorBoundary pathname="/" notFound={[...]} forbidden={undefined} unauthorized={undefined} ...>
      <RedirectBoundary>
        <RedirectErrorBoundary router={{...}}>
          <InnerLayoutRouter parallelRouterKey="children" url="/?utm_sour..." tree={[...]} childNodes={Map} ...>
            <ClientPageRoot Component={function Home} searchParams={{...}} params={{}}>
              <Home params={Promise} searchParams={Promise}>
                <Suspense fallback={<div>}>
                  <HomeContent>
                    <main className="min-h-scre...">
                      <HeroSection>
                        <section className="relative f...">
                          <div>
                          <h1>
                          <p>
                          <div>
                          <div className="w-full max...">
                            <p>
                            <p>
                            <a
+                             href="#checkout"
-                             href={"http://localhost:3000/?&cid=1770994886602_17709954190034&utm_source=direto#checkout"}
                              className="w-full h-[56px] inline-flex items-center justify-center gap-2 bg-[#22c55e] ho..."
                            >
                            ...
                          ...
                      <SegredoRevelado>
                        <section className="py-[80px] ...">
                          <div className="container ...">
                            <div>
                            <div>
                            <div className="flex flex-...">
                              <a
+                               href="#pricing"
-                               href={"http://localhost:3000/?&cid=1770994886602_17709954190034&utm_source=direto#pri..."}
                                className="group btn-primary bg-[#22c55e] text-[#05070a] text-[1rem] font-bold upperca..."
                              >
+                               COMPRAR AGORA
                              ...
                      <BonusInclusos>
                        <section className="py-[80px] ...">
                          <div className="max-w-[120...">
                            <div>
                            <div>
                            <div className="flex flex-...">
                              <a
+                               href="#pricing"
-                               href={"http://localhost:3000/?&cid=1770994886602_17709954190034&utm_source=direto#pri..."}
                                className="group relative flex items-center justify-center gap-2 bg-[#22c55e] text-[#0..."
                              >
                              ...
                      <ProblemasSolucoes>
                        <section className="py-20 px-5...">
                          <div className="max-w-[120...">
                            <div>
                            <div>
                            <div className="flex justi...">
                              <a
+                               href="#pricing"
-                               href={"http://localhost:3000/?&cid=1770994886602_17709954190034&utm_source=direto#pri..."}
                                className="group relative inline-flex items-center... [truncated]
2026-02-21T00:48:14.324Z [console][error] A tree hydrated but some attributes of the server rendered HTML didn't match the client properties. This won't be patched up. This can happen if a SSR-ed Client Component used:

- A server/client branch `if (typeof window !== 'undefined')`.
- Variable input such as `Date.now()` or `Math.random()` which changes each time it's called.
- Date formatting in a user's locale which doesn't match the server.
- External changing data without sending a snapshot of it along with the HTML.
- Invalid HTML tag nesting.

It can also happen if the client has a browser extension installed which messes with the HTML before React loaded.

%s%s https://react.dev/link/hydration-mismatch 

  ...
    <HotReload assetPrefix="">
      <ReactDevOverlay state={{nextId:1, ...}} dispatcher={{...}}>
        <DevRootHTTPAccessFallbackBoundary>
          <HTTPAccessFallbackBoundary notFound={<NotAllowedRootHTTPFallbackError>}>
            <HTTPAccessFallbackErrorBoundary pathname="/" notFound={<NotAllowedRootHTTPFallbackError>} ...>
              <RedirectBoundary>
                <RedirectErrorBoundary router={{...}}>
                  <Head>
                  <link>
                  <RootLayout>
                    <html lang="pt-BR">
                      <head>
                        <link>
                        <link>
                        <link>
                        <link>
                        <link>
                        <link>
                        <script>
                        <script>
                        <script>
                        <script
                          dangerouslySetInnerHTML={{
+                           __html: "window.addEventListener('load', function(){ if(typeof digistorePromocode === 'fun..."
-                           __html: ""
                          }}
-                         src="//www.digistore24.com/webinc/badge/build/v1.0.2/loader.js"
                        >
                      ...
                  ...
        ...

2026-02-21T00:48:14.338Z [console][debug] __ORCHIDS_NAVIGATE__ http://localhost:3000/?utm_source=direto
2026-02-21T00:48:15.022Z [console][error] A tree hydrated but some attributes of the server rendered HTML didn't match the client properties. This won't be patched up. This can happen if a SSR-ed Client Component used:

- A server/client branch `if (typeof window !== 'undefined')`.
- Variable input such as `Date.now()` or `Math.random()` which changes each time it's called.
- Date formatting in a user's locale which doesn't match the server.
- External changing data without sending a snapshot of it along with the HTML.
- Invalid HTML tag nesting.

It can also happen if the client has a browser extension installed which messes with the HTML before React loaded.

%s%s https://react.dev/link/hydration-mismatch 

  ...
    <HTTPAccessFallbackErrorBoundary pathname="/" notFound={[...]} forbidden={undefined} unauthorized={undefined} ...>
      <RedirectBoundary>
        <RedirectErrorBoundary router={{...}}>
          <InnerLayoutRouter parallelRouterKey="children" url="/?utm_sour..." tree={[...]} childNodes={Map} ...>
            <ClientPageRoot Component={function Home} searchParams={{...}} params={{}}>
              <Home params={Promise} searchParams={Promise}>
                <Suspense fallback={<div>}>
                  <HomeContent>
                    <main className="min-h-scre...">
                      <HeroSection>
                        <section className="relative f...">
                          <div>
                          <h1>
                          <p>
                          <div>
                          <div className="w-full max...">
                            <p>
                            <p>
                            <a
+                             href="#checkout"
-                             href={"http://localhost:3000/?&cid=1770994886602_17709954190034&utm_source=direto#checkout"}
                              className="w-full h-[56px] inline-flex items-center justify-center gap-2 bg-[#22c55e] ho..."
                            >
                            ...
      ...
2026-02-21T02:43:48.102Z [console][error] A tree hydrated but some attributes of the server rendered HTML didn't match the client properties. This won't be patched up. This can happen if a SSR-ed Client Component used:

- A server/client branch `if (typeof window !== 'undefined')`.
- Variable input such as `Date.now()` or `Math.random()` which changes each time it's called.
- Date formatting in a user's locale which doesn't match the server.
- External changing data without sending a snapshot of it along with the HTML.
- Invalid HTML tag nesting.

It can also happen if the client has a browser extension installed which messes with the HTML before React loaded.

%s%s https://react.dev/link/hydration-mismatch 

  ...
    <HTTPAccessFallbackErrorBoundary pathname="/" notFound={[...]} forbidden={undefined} unauthorized={undefined} ...>
      <RedirectBoundary>
        <RedirectErrorBoundary router={{...}}>
          <InnerLayoutRouter parallelRouterKey="children" url="/?utm_sour..." tree={[...]} childNodes={Map} ...>
            <ClientPageRoot Component={function Home} searchParams={{...}} params={{}}>
              <Home params={Promise} searchParams={Promise}>
                <Suspense fallback={<div>}>
                  <HomeContent>
                    <main className="min-h-scre...">
                      <HeroSection>
                        <section className="relative f...">
                          <div>
                          <h1>
                          <p>
                          <div>
                          <div className="w-full max...">
                            <p>
                            <p>
                            <a
+                             href="#checkout"
-                             href={"http://localhost:3000/?&cid=1770994886602_17709954190034&utm_source=direto#checkout"}
                              className="w-full h-[56px] inline-flex items-center justify-center gap-2 bg-[#22c55e] ho..."
                            >
                            ...
                          ...
                      <SegredoRevelado>
                        <section className="py-[80px] ...">
                          <div className="container ...">
                            <div>
                            <div>
                            <div className="flex flex-...">
                              <a
+                               href="#pricing"
-                               href={"http://localhost:3000/?&cid=1770994886602_17709954190034&utm_source=direto#pri..."}
                                className="group btn-primary bg-[#22c55e] text-[#05070a] text-[1rem] font-bold upperca..."
                              >
+                               COMPRAR AGORA
                              ...
                      <BonusInclusos>
                        <section className="py-[80px] ...">
                          <div className="max-w-[120...">
                            <div>
                            <div>
                            <div className="flex flex-...">
                              <a
+                               href="#pricing"
-                               href={"http://localhost:3000/?&cid=1770994886602_17709954190034&utm_source=direto#pri..."}
                                className="group relative flex items-center justify-center gap-2 bg-[#22c55e] text-[#0..."
                              >
                              ...
                      <ProblemasSolucoes>
                        <section className="py-20 px-5...">
                          <div className="max-w-[120...">
                            <div>
                            <div>
                            <div className="flex justi...">
                              <a
+                               href="#pricing"
-                               href={"http://localhost:3000/?&cid=1770994886602_17709954190034&utm_source=direto#pri..."}
                                className="group relative inline-flex items-center... [truncated]
2026-02-21T02:43:47.557Z [console][error] A tree hydrated but some attributes of the server rendered HTML didn't match the client properties. This won't be patched up. This can happen if a SSR-ed Client Component used:

- A server/client branch `if (typeof window !== 'undefined')`.
- Variable input such as `Date.now()` or `Math.random()` which changes each time it's called.
- Date formatting in a user's locale which doesn't match the server.
- External changing data without sending a snapshot of it along with the HTML.
- Invalid HTML tag nesting.

It can also happen if the client has a browser extension installed which messes with the HTML before React loaded.

%s%s https://react.dev/link/hydration-mismatch 

  ...
    <HotReload assetPrefix="">
      <ReactDevOverlay state={{nextId:1, ...}} dispatcher={{...}}>
        <DevRootHTTPAccessFallbackBoundary>
          <HTTPAccessFallbackBoundary notFound={<NotAllowedRootHTTPFallbackError>}>
            <HTTPAccessFallbackErrorBoundary pathname="/" notFound={<NotAllowedRootHTTPFallbackError>} ...>
              <RedirectBoundary>
                <RedirectErrorBoundary router={{...}}>
                  <Head>
                  <link>
                  <RootLayout>
                    <html lang="pt-BR">
                      <head>
                        <link>
                        <link>
                        <link>
                        <link>
                        <link>
                        <link>
                        <script>
                        <script>
                        <script>
                        <script
                          dangerouslySetInnerHTML={{
+                           __html: "window.addEventListener('load', function(){ if(typeof digistorePromocode === 'fun..."
-                           __html: ""
                          }}
-                         src="//www.digistore24.com/webinc/badge/build/v1.0.2/loader.js"
                        >
                      ...
                  ...
        ...

2026-02-21T02:43:48.102Z [console][error] A tree hydrated but some attributes of the server rendered HTML didn't match the client properties. This won't be patched up. This can happen if a SSR-ed Client Component used:

- A server/client branch `if (typeof window !== 'undefined')`.
- Variable input such as `Date.now()` or `Math.random()` which changes each time it's called.
- Date formatting in a user's locale which doesn't match the server.
- External changing data without sending a snapshot of it along with the HTML.
- Invalid HTML tag nesting.

It can also happen if the client has a browser extension installed which messes with the HTML before React loaded.

%s%s https://react.dev/link/hydration-mismatch 

  ...
    <HTTPAccessFallbackErrorBoundary pathname="/" notFound={[...]} forbidden={undefined} unauthorized={undefined} ...>
      <RedirectBoundary>
        <RedirectErrorBoundary router={{...}}>
          <InnerLayoutRouter parallelRouterKey="children" url="/?utm_sour..." tree={[...]} childNodes={Map} ...>
            <ClientPageRoot Component={function Home} searchParams={{...}} params={{}}>
              <Home params={Promise} searchParams={Promise}>
                <Suspense fallback={<div>}>
                  <HomeContent>
                    <main className="min-h-scre...">
                      <HeroSection>
                        <section className="relative f...">
                          <div>
                          <h1>
                          <p>
                          <div>
                          <div className="w-full max...">
                            <p>
                            <p>
                            <a
+                             href="#checkout"
-                             href={"http://localhost:3000/?&cid=1770994886602_17709954190034&utm_source=direto#checkout"}
                              className="w-full h-[56px] inline-flex items-center justify-center gap-2 bg-[#22c55e] ho..."
                            >
                            ...
      ...
2026-02-21T02:45:03.816Z [console][error] A tree hydrated but some attributes of the server rendered HTML didn't match the client properties. This won't be patched up. This can happen if a SSR-ed Client Component used:

- A server/client branch `if (typeof window !== 'undefined')`.
- Variable input such as `Date.now()` or `Math.random()` which changes each time it's called.
- Date formatting in a user's locale which doesn't match the server.
- External changing data without sending a snapshot of it along with the HTML.
- Invalid HTML tag nesting.

It can also happen if the client has a browser extension installed which messes with the HTML before React loaded.

%s%s https://react.dev/link/hydration-mismatch 

  ...
    <HotReload assetPrefix="">
      <ReactDevOverlay state={{nextId:1, ...}} dispatcher={{...}}>
        <DevRootHTTPAccessFallbackBoundary>
          <HTTPAccessFallbackBoundary notFound={<NotAllowedRootHTTPFallbackError>}>
            <HTTPAccessFallbackErrorBoundary pathname="/" notFound={<NotAllowedRootHTTPFallbackError>} ...>
              <RedirectBoundary>
                <RedirectErrorBoundary router={{...}}>
                  <Head>
                  <link>
                  <RootLayout>
                    <html lang="pt-BR">
                      <head>
                        <link>
                        <link>
                        <link>
                        <link>
                        <link>
                        <link>
                        <script>
                        <script>
                        <script>
                        <script
                          dangerouslySetInnerHTML={{
+                           __html: "window.addEventListener('load', function(){ if(typeof digistorePromocode === 'fun..."
-                           __html: ""
                          }}
-                         src="//www.digistore24.com/webinc/badge/build/v1.0.2/loader.js"
                        >
                      ...
                  ...
        ...

2026-02-21T02:45:04.270Z [console][error] A tree hydrated but some attributes of the server rendered HTML didn't match the client properties. This won't be patched up. This can happen if a SSR-ed Client Component used:

- A server/client branch `if (typeof window !== 'undefined')`.
- Variable input such as `Date.now()` or `Math.random()` which changes each time it's called.
- Date formatting in a user's locale which doesn't match the server.
- External changing data without sending a snapshot of it along with the HTML.
- Invalid HTML tag nesting.

It can also happen if the client has a browser extension installed which messes with the HTML before React loaded.

%s%s https://react.dev/link/hydration-mismatch 

  ...
    <HTTPAccessFallbackErrorBoundary pathname="/" notFound={[...]} forbidden={undefined} unauthorized={undefined} ...>
      <RedirectBoundary>
        <RedirectErrorBoundary router={{...}}>
          <InnerLayoutRouter parallelRouterKey="children" url="/?utm_sour..." tree={[...]} childNodes={Map} ...>
            <ClientPageRoot Component={function Home} searchParams={{...}} params={{}}>
              <Home params={Promise} searchParams={Promise}>
                <Suspense fallback={<div>}>
                  <HomeContent>
                    <main className="min-h-scre...">
                      <HeroSection>
                        <section className="relative f...">
                          <div>
                          <h1>
                          <p>
                          <div>
                          <div className="w-full max...">
                            <p>
                            <p>
                            <a
+                             href="#checkout"
-                             href={"http://localhost:3000/?&cid=1770994886602_17709954190034&utm_source=direto#checkout"}
                              className="w-full h-[56px] inline-flex items-center justify-center gap-2 bg-[#22c55e] ho..."
                            >
                            ...
      ...
2026-02-21T02:45:04.596Z [console][error] A tree hydrated but some attributes of the server rendered HTML didn't match the client properties. This won't be patched up. This can happen if a SSR-ed Client Component used:

- A server/client branch `if (typeof window !== 'undefined')`.
- Variable input such as `Date.now()` or `Math.random()` which changes each time it's called.
- Date formatting in a user's locale which doesn't match the server.
- External changing data without sending a snapshot of it along with the HTML.
- Invalid HTML tag nesting.

It can also happen if the client has a browser extension installed which messes with the HTML before React loaded.

%s%s https://react.dev/link/hydration-mismatch 

  ...
    <HTTPAccessFallbackErrorBoundary pathname="/" notFound={[...]} forbidden={undefined} unauthorized={undefined} ...>
      <RedirectBoundary>
        <RedirectErrorBoundary router={{...}}>
          <InnerLayoutRouter parallelRouterKey="children" url="/?utm_sour..." tree={[...]} childNodes={Map} ...>
            <ClientPageRoot Component={function Home} searchParams={{...}} params={{}}>
              <Home params={Promise} searchParams={Promise}>
                <Suspense fallback={<div>}>
                  <HomeContent>
                    <main className="min-h-scre...">
                      <HeroSection>
                        <section className="relative f...">
                          <div>
                          <h1>
                          <p>
                          <div>
                          <div className="w-full max...">
                            <p>
                            <p>
                            <a
+                             href="#checkout"
-                             href={"http://localhost:3000/?&cid=1770994886602_17709954190034&utm_source=direto#checkout"}
                              className="w-full h-[56px] inline-flex items-center justify-center gap-2 bg-[#22c55e] ho..."
                            >
                            ...
      ...
2026-02-21T02:45:04.636Z [console][error] A tree hydrated but some attributes of the server rendered HTML didn't match the client properties. This won't be patched up. This can happen if a SSR-ed Client Component used:

- A server/client branch `if (typeof window !== 'undefined')`.
- Variable input such as `Date.now()` or `Math.random()` which changes each time it's called.
- Date formatting in a user's locale which doesn't match the server.
- External changing data without sending a snapshot of it along with the HTML.
- Invalid HTML tag nesting.

It can also happen if the client has a browser extension installed which messes with the HTML before React loaded.

%s%s https://react.dev/link/hydration-mismatch 

  ...
    <HTTPAccessFallbackErrorBoundary pathname="/" notFound={[...]} forbidden={undefined} unauthorized={undefined} ...>
      <RedirectBoundary>
        <RedirectErrorBoundary router={{...}}>
          <InnerLayoutRouter parallelRouterKey="children" url="/?utm_sour..." tree={[...]} childNodes={Map} ...>
            <ClientPageRoot Component={function Home} searchParams={{...}} params={{}}>
              <Home params={Promise} searchParams={Promise}>
                <Suspense fallback={<div>}>
                  <HomeContent>
                    <main className="min-h-scre...">
                      <HeroSection>
                        <section className="relative f...">
                          <div>
                          <h1>
                          <p>
                          <div>
                          <div className="w-full max...">
                            <p>
                            <p>
                            <a
+                             href="#checkout"
-                             href={"http://localhost:3000/?&cid=1770994886602_17709954190034&utm_source=direto#checkout"}
                              className="w-full h-[56px] inline-flex items-center justify-center gap-2 bg-[#22c55e] ho..."
                            >
                            ...
      ...
2026-02-21T02:45:04.673Z [console][error] A tree hydrated but some attributes of the server rendered HTML didn't match the client properties. This won't be patched up. This can happen if a SSR-ed Client Component used:

- A server/client branch `if (typeof window !== 'undefined')`.
- Variable input such as `Date.now()` or `Math.random()` which changes each time it's called.
- Date formatting in a user's locale which doesn't match the server.
- External changing data without sending a snapshot of it along with the HTML.
- Invalid HTML tag nesting.

It can also happen if the client has a browser extension installed which messes with the HTML before React loaded.

%s%s https://react.dev/link/hydration-mismatch 

  ...
    <HTTPAccessFallbackErrorBoundary pathname="/" notFound={[...]} forbidden={undefined} unauthorized={undefined} ...>
      <RedirectBoundary>
        <RedirectErrorBoundary router={{...}}>
          <InnerLayoutRouter parallelRouterKey="children" url="/?utm_sour..." tree={[...]} childNodes={Map} ...>
            <ClientPageRoot Component={function Home} searchParams={{...}} params={{}}>
              <Home params={Promise} searchParams={Promise}>
                <Suspense fallback={<div>}>
                  <HomeContent>
                    <main className="min-h-scre...">
                      <HeroSection>
                        <section className="relative f...">
                          <div>
                          <h1>
                          <p>
                          <div>
                          <div className="w-full max...">
                            <p>
                            <p>
                            <a
+                             href="#checkout"
-                             href={"http://localhost:3000/?&cid=1770994886602_17709954190034&utm_source=direto#checkout"}
                              className="w-full h-[56px] inline-flex items-center justify-center gap-2 bg-[#22c55e] ho..."
                            >
                            ...
      ...
2026-02-26T19:35:54.366Z [console][warn] %cDownload the React DevTools for a better development experience: https://react.dev/link/react-devtools font-weight:bold
2026-02-26T19:35:54.366Z [console][warn] %cDownload the React DevTools for a better development experience: https://react.dev/link/react-devtools font-weight:bold
2026-02-26T19:40:00.415Z [console][error] The resource https://slelguoygbfzlpylpxfs.supabase.co/storage/v1/object/public/scripts//route-messenger.js was preloaded using link preload but not used within a few seconds from the window's load event. Please make sure it has an appropriate `as` value and it is preloaded intentionally.
2026-02-26T19:40:00.415Z [console][error] The resource https://slelguoygbfzlpylpxfs.supabase.co/storage/v1/object/public/scripts/orchids-browser-logs.js was preloaded using link preload but not used within a few seconds from the window's load event. Please make sure it has an appropriate `as` value and it is preloaded intentionally.
2026-02-26T19:40:00.415Z [console][error] The resource https://slelguoygbfzlpylpxfs.supabase.co/storage/v1/object/public/scripts//route-messenger.js was preloaded using link preload but not used within a few seconds from the window's load event. Please make sure it has an appropriate `as` value and it is preloaded intentionally.
2026-02-26T19:40:00.415Z [console][error] The resource https://slelguoygbfzlpylpxfs.supabase.co/storage/v1/object/public/scripts/orchids-browser-logs.js was preloaded using link preload but not used within a few seconds from the window's load event. Please make sure it has an appropriate `as` value and it is preloaded intentionally.
2026-02-26T19:40:56.458Z [console][error] The resource https://slelguoygbfzlpylpxfs.supabase.co/storage/v1/object/public/scripts//route-messenger.js was preloaded using link preload but not used within a few seconds from the window's load event. Please make sure it has an appropriate `as` value and it is preloaded intentionally.
2026-02-26T19:40:56.458Z [console][error] The resource https://slelguoygbfzlpylpxfs.supabase.co/storage/v1/object/public/scripts/orchids-browser-logs.js was preloaded using link preload but not used within a few seconds from the window's load event. Please make sure it has an appropriate `as` value and it is preloaded intentionally.
2026-02-26T19:40:00.415Z [console][error] The resource https://slelguoygbfzlpylpxfs.supabase.co/storage/v1/object/public/scripts//route-messenger.js was preloaded using link preload but not used within a few seconds from the window's load event. Please make sure it has an appropriate `as` value and it is preloaded intentionally.
2026-02-26T19:40:00.415Z [console][error] The resource https://slelguoygbfzlpylpxfs.supabase.co/storage/v1/object/public/scripts/orchids-browser-logs.js was preloaded using link preload but not used within a few seconds from the window's load event. Please make sure it has an appropriate `as` value and it is preloaded intentionally.
2026-02-26T19:40:56.458Z [console][error] The resource https://slelguoygbfzlpylpxfs.supabase.co/storage/v1/object/public/scripts//route-messenger.js was preloaded using link preload but not used within a few seconds from the window's load event. Please make sure it has an appropriate `as` value and it is preloaded intentionally.
2026-02-26T19:40:56.458Z [console][error] The resource https://slelguoygbfzlpylpxfs.supabase.co/storage/v1/object/public/scripts/orchids-browser-logs.js was preloaded using link preload but not used within a few seconds from the window's load event. Please make sure it has an appropriate `as` value and it is preloaded intentionally.
2026-02-26T19:41:57.708Z [console][error] The resource https://slelguoygbfzlpylpxfs.supabase.co/storage/v1/object/public/scripts//route-messenger.js was preloaded using link preload but not used within a few seconds from the window's load event. Please make sure it has an appropriate `as` value and it is preloaded intentionally.
2026-02-26T19:41:57.708Z [console][error] The resource https://slelguoygbfzlpylpxfs.supabase.co/storage/v1/object/public/scripts/orchids-browser-logs.js was preloaded using link preload but not used within a few seconds from the window's load event. Please make sure it has an appropriate `as` value and it is preloaded intentionally.
2026-02-26T19:40:00.415Z [console][error] The resource https://slelguoygbfzlpylpxfs.supabase.co/storage/v1/object/public/scripts//route-messenger.js was preloaded using link preload but not used within a few seconds from the window's load event. Please make sure it has an appropriate `as` value and it is preloaded intentionally.
2026-02-26T19:40:00.415Z [console][error] The resource https://slelguoygbfzlpylpxfs.supabase.co/storage/v1/object/public/scripts/orchids-browser-logs.js was preloaded using link preload but not used within a few seconds from the window's load event. Please make sure it has an appropriate `as` value and it is preloaded intentionally.
2026-02-26T19:40:56.458Z [console][error] The resource https://slelguoygbfzlpylpxfs.supabase.co/storage/v1/object/public/scripts//route-messenger.js was preloaded using link preload but not used within a few seconds from the window's load event. Please make sure it has an appropriate `as` value and it is preloaded intentionally.
2026-02-26T19:40:56.458Z [console][error] The resource https://slelguoygbfzlpylpxfs.supabase.co/storage/v1/object/public/scripts/orchids-browser-logs.js was preloaded using link preload but not used within a few seconds from the window's load event. Please make sure it has an appropriate `as` value and it is preloaded intentionally.
2026-02-26T19:41:57.708Z [console][error] The resource https://slelguoygbfzlpylpxfs.supabase.co/storage/v1/object/public/scripts//route-messenger.js was preloaded using link preload but not used within a few seconds from the window's load event. Please make sure it has an appropriate `as` value and it is preloaded intentionally.
2026-02-26T19:41:57.708Z [console][error] The resource https://slelguoygbfzlpylpxfs.supabase.co/storage/v1/object/public/scripts/orchids-browser-logs.js was preloaded using link preload but not used within a few seconds from the window's load event. Please make sure it has an appropriate `as` value and it is preloaded intentionally.
2026-02-26T19:40:00.415Z [console][error] The resource https://slelguoygbfzlpylpxfs.supabase.co/storage/v1/object/public/scripts//route-messenger.js was preloaded using link preload but not used within a few seconds from the window's load event. Please make sure it has an appropriate `as` value and it is preloaded intentionally.
2026-02-26T19:40:00.415Z [console][error] The resource https://slelguoygbfzlpylpxfs.supabase.co/storage/v1/object/public/scripts/orchids-browser-logs.js was preloaded using link preload but not used within a few seconds from the window's load event. Please make sure it has an appropriate `as` value and it is preloaded intentionally.
2026-02-26T19:40:56.458Z [console][error] The resource https://slelguoygbfzlpylpxfs.supabase.co/storage/v1/object/public/scripts//route-messenger.js was preloaded using link preload but not used within a few seconds from the window's load event. Please make sure it has an appropriate `as` value and it is preloaded intentionally.
2026-02-26T19:40:56.458Z [console][error] The resource https://slelguoygbfzlpylpxfs.supabase.co/storage/v1/object/public/scripts/orchids-browser-logs.js was preloaded using link preload but not used within a few seconds from the window's load event. Please make sure it has an appropriate `as` value and it is preloaded intentionally.
2026-02-26T19:41:57.708Z [console][error] The resource https://slelguoygbfzlpylpxfs.supabase.co/storage/v1/object/public/scripts//route-messenger.js was preloaded using link preload but not used within a few seconds from the window's load event. Please make sure it has an appropriate `as` value and it is preloaded intentionally.
2026-02-26T19:41:57.708Z [console][error] The resource https://slelguoygbfzlpylpxfs.supabase.co/storage/v1/object/public/scripts/orchids-browser-logs.js was preloaded using link preload but not used within a few seconds from the window's load event. Please make sure it has an appropriate `as` value and it is preloaded intentionally.
2026-02-26T19:42:52.392Z [console][error] The resource https://slelguoygbfzlpylpxfs.supabase.co/storage/v1/object/public/scripts//route-messenger.js was preloaded using link preload but not used within a few seconds from the window's load event. Please make sure it has an appropriate `as` value and it is preloaded intentionally.
2026-02-26T19:42:52.392Z [console][error] The resource https://slelguoygbfzlpylpxfs.supabase.co/storage/v1/object/public/scripts/orchids-browser-logs.js was preloaded using link preload but not used within a few seconds from the window's load event. Please make sure it has an appropriate `as` value and it is preloaded intentionally.
2026-02-26T19:40:00.415Z [console][error] The resource https://slelguoygbfzlpylpxfs.supabase.co/storage/v1/object/public/scripts//route-messenger.js was preloaded using link preload but not used within a few seconds from the window's load event. Please make sure it has an appropriate `as` value and it is preloaded intentionally.
2026-02-26T19:40:00.415Z [console][error] The resource https://slelguoygbfzlpylpxfs.supabase.co/storage/v1/object/public/scripts/orchids-browser-logs.js was preloaded using link preload but not used within a few seconds from the window's load event. Please make sure it has an appropriate `as` value and it is preloaded intentionally.
2026-02-26T19:40:56.458Z [console][error] The resource https://slelguoygbfzlpylpxfs.supabase.co/storage/v1/object/public/scripts//route-messenger.js was preloaded using link preload but not used within a few seconds from the window's load event. Please make sure it has an appropriate `as` value and it is preloaded intentionally.
2026-02-26T19:40:56.458Z [console][error] The resource https://slelguoygbfzlpylpxfs.supabase.co/storage/v1/object/public/scripts/orchids-browser-logs.js was preloaded using link preload but not used within a few seconds from the window's load event. Please make sure it has an appropriate `as` value and it is preloaded intentionally.
2026-02-26T19:41:57.708Z [console][error] The resource https://slelguoygbfzlpylpxfs.supabase.co/storage/v1/object/public/scripts//route-messenger.js was preloaded using link preload but not used within a few seconds from the window's load event. Please make sure it has an appropriate `as` value and it is preloaded intentionally.
2026-02-26T19:41:57.708Z [console][error] The resource https://slelguoygbfzlpylpxfs.supabase.co/storage/v1/object/public/scripts/orchids-browser-logs.js was preloaded using link preload but not used within a few seconds from the window's load event. Please make sure it has an appropriate `as` value and it is preloaded intentionally.
2026-02-26T19:42:52.392Z [console][error] The resource https://slelguoygbfzlpylpxfs.supabase.co/storage/v1/object/public/scripts//route-messenger.js was preloaded using link preload but not used within a few seconds from the window's load event. Please make sure it has an appropriate `as` value and it is preloaded intentionally.
2026-02-26T19:42:52.392Z [console][error] The resource https://slelguoygbfzlpylpxfs.supabase.co/storage/v1/object/public/scripts/orchids-browser-logs.js was preloaded using link preload but not used within a few seconds from the window's load event. Please make sure it has an appropriate `as` value and it is preloaded intentionally.
2026-02-26T19:40:00.415Z [console][error] The resource https://slelguoygbfzlpylpxfs.supabase.co/storage/v1/object/public/scripts//route-messenger.js was preloaded using link preload but not used within a few seconds from the window's load event. Please make sure it has an appropriate `as` value and it is preloaded intentionally.
2026-02-26T19:40:00.415Z [console][error] The resource https://slelguoygbfzlpylpxfs.supabase.co/storage/v1/object/public/scripts/orchids-browser-logs.js was preloaded using link preload but not used within a few seconds from the window's load event. Please make sure it has an appropriate `as` value and it is preloaded intentionally.
2026-02-26T19:40:56.458Z [console][error] The resource https://slelguoygbfzlpylpxfs.supabase.co/storage/v1/object/public/scripts//route-messenger.js was preloaded using link preload but not used within a few seconds from the window's load event. Please make sure it has an appropriate `as` value and it is preloaded intentionally.
2026-02-26T19:40:56.458Z [console][error] The resource https://slelguoygbfzlpylpxfs.supabase.co/storage/v1/object/public/scripts/orchids-browser-logs.js was preloaded using link preload but not used within a few seconds from the window's load event. Please make sure it has an appropriate `as` value and it is preloaded intentionally.
2026-02-26T19:41:57.708Z [console][error] The resource https://slelguoygbfzlpylpxfs.supabase.co/storage/v1/object/public/scripts//route-messenger.js was preloaded using link preload but not used within a few seconds from the window's load event. Please make sure it has an appropriate `as` value and it is preloaded intentionally.
2026-02-26T19:41:57.708Z [console][error] The resource https://slelguoygbfzlpylpxfs.supabase.co/storage/v1/object/public/scripts/orchids-browser-logs.js was preloaded using link preload but not used within a few seconds from the window's load event. Please make sure it has an appropriate `as` value and it is preloaded intentionally.
2026-02-26T19:42:52.392Z [console][error] The resource https://slelguoygbfzlpylpxfs.supabase.co/storage/v1/object/public/scripts//route-messenger.js was preloaded using link preload but not used within a few seconds from the window's load event. Please make sure it has an appropriate `as` value and it is preloaded intentionally.
2026-02-26T19:42:52.392Z [console][error] The resource https://slelguoygbfzlpylpxfs.supabase.co/storage/v1/object/public/scripts/orchids-browser-logs.js was preloaded using link preload but not used within a few seconds from the window's load event. Please make sure it has an appropriate `as` value and it is preloaded intentionally.
2026-02-26T19:40:00.415Z [console][error] The resource https://slelguoygbfzlpylpxfs.supabase.co/storage/v1/object/public/scripts//route-messenger.js was preloaded using link preload but not used within a few seconds from the window's load event. Please make sure it has an appropriate `as` value and it is preloaded intentionally.
2026-02-26T19:40:00.415Z [console][error] The resource https://slelguoygbfzlpylpxfs.supabase.co/storage/v1/object/public/scripts/orchids-browser-logs.js was preloaded using link preload but not used within a few seconds from the window's load event. Please make sure it has an appropriate `as` value and it is preloaded intentionally.
2026-02-26T19:40:56.458Z [console][error] The resource https://slelguoygbfzlpylpxfs.supabase.co/storage/v1/object/public/scripts//route-messenger.js was preloaded using link preload but not used within a few seconds from the window's load event. Please make sure it has an appropriate `as` value and it is preloaded intentionally.
2026-02-26T19:40:56.458Z [console][error] The resource https://slelguoygbfzlpylpxfs.supabase.co/storage/v1/object/public/scripts/orchids-browser-logs.js was preloaded using link preload but not used within a few seconds from the window's load event. Please make sure it has an appropriate `as` value and it is preloaded intentionally.
2026-02-26T19:41:57.708Z [console][error] The resource https://slelguoygbfzlpylpxfs.supabase.co/storage/v1/object/public/scripts//route-messenger.js was preloaded using link preload but not used within a few seconds from the window's load event. Please make sure it has an appropriate `as` value and it is preloaded intentionally.
2026-02-26T19:41:57.708Z [console][error] The resource https://slelguoygbfzlpylpxfs.supabase.co/storage/v1/object/public/scripts/orchids-browser-logs.js was preloaded using link preload but not used within a few seconds from the window's load event. Please make sure it has an appropriate `as` value and it is preloaded intentionally.
2026-02-26T19:42:52.392Z [console][error] The resource https://slelguoygbfzlpylpxfs.supabase.co/storage/v1/object/public/scripts//route-messenger.js was preloaded using link preload but not used within a few seconds from the window's load event. Please make sure it has an appropriate `as` value and it is preloaded intentionally.
2026-02-26T19:42:52.392Z [console][error] The resource https://slelguoygbfzlpylpxfs.supabase.co/storage/v1/object/public/scripts/orchids-browser-logs.js was preloaded using link preload but not used within a few seconds from the window's load event. Please make sure it has an appropriate `as` value and it is preloaded intentionally.
2026-02-26T19:50:58.479Z [console][warn] [Fast Refresh] done in 2832ms
2026-02-26T19:50:59.080Z [console][log] __ORCHIDS_NAVIGATE__ http://localhost:3000/
2026-02-26T19:51:28.629Z [console][warn] [Fast Refresh] rebuilding
2026-02-26T19:51:30.548Z [console][warn] [Fast Refresh] rebuilding
2026-02-26T19:51:30.627Z [console][warn] [Fast Refresh] done in 78ms
2026-02-26T19:51:31.462Z [console][warn] [Fast Refresh] done in 914ms
2026-02-26T19:51:31.755Z [console][log] __ORCHIDS_NAVIGATE__ http://localhost:3000/
2026-02-26T19:50:55.647Z [console][log] [Fast Refresh] rebuilding
2026-02-26T19:50:58.479Z [console][log] [Fast Refresh] done in 2832ms
2026-02-26T19:50:59.080Z [console][debug] __ORCHIDS_NAVIGATE__ http://localhost:3000/
2026-02-26T19:51:28.628Z [console][log] [Fast Refresh] rebuilding
2026-02-26T19:51:30.549Z [console][log] [Fast Refresh] rebuilding
2026-02-26T19:51:30.627Z [console][log] [Fast Refresh] done in 78ms
2026-02-26T19:51:31.462Z [console][log] [Fast Refresh] done in 914ms
2026-02-26T19:51:31.755Z [console][debug] __ORCHIDS_NAVIGATE__ http://localhost:3000/
2026-02-26T19:50:58.443Z [network][GET 200] /_next/static/webpack/7e08f3ce79ed99c4.webpack.hot-update.json
  response: {"c":["app/layout","webpack"],"r":[],"m":[]}
2026-02-26T19:50:58.954Z [network][GET 200] 
  response: 1:"$Sreact.fragment"
3:I["(app-pages-browser)/./node_modules/next/dist/client/components/layout-router.js",["app-pages-internals","static/chunks/app-pages-internals.js"],""]
4:I["(app-pages-browser)/./node_modules/next/dist/client/components/render-from-template-context.js",["app-pages-internals","static/chunks/app-pages-internals.js"],""]
6:I["(app-pages-browser)/./node_modules/next/dist/client/script.js",["app/layout","static/chunks/app/layout.js"],""]
7:I["(app-pages-browser)/./src/components/ErrorReporter.tsx",["app/layout","static/chunks/app/layout.js"],"default"]
8:I["(app-pages-browser)/./src/components/pixel-provider.tsx",["app/layout","static/chunks/app/layout.js"],"PixelProvider"]
c:I["(app-pages-browser)/./src/visual-edits/VisualEditsMessenger.tsx",["app/layout","static/chunks/app/layout.js"],"default"]
d:I["(app-pages-browser)/./node_modules/next/dist/client/components/client-page.js",["app-pages-internals","static/chunks/app-pages-internals.js"],"ClientPageRoot"]
e:I["(app-pages-browser)/./src/app/page.tsx",["app/page","static/chunks/app/page.js"],"default"]
f:I["(app-pages-browser)/./node_modules/next/dist/lib/metadata/metadata-boundary.js",["app-pages-internals","static/chunks/app-pages-internals.js"],"OutletBoundary"]
13:I["(app-pages-browser)/./src/app/global-error.tsx",["app/global-error","static/chunks/app/global-error.js"],"default"]
14:I["(app-pages-browser)/./node_modules/next/dist/client/components/client-segment.js",["app-pages-internals","static/chunks/app-pages-internals.js"],"ClientSegmentRoot"]
15:I["(app-pages-browser)/./node_modules/next/dist/client/components/http-access-fallback/error-boundary.js",["app-pages-internals","static/chunks/app-pages-internals.js"],"HTTPAccessFallbackBoundary"]
16:I["(app-pages-browser)/./node_modules/next/dist/lib/metadata/metadata-boundary.js",["app-pages-internals","static/chunks/app-pages-internals.js"],"MetadataBoundary"]
17:I["(app-pages-browser)/./node_modules/next/dist/lib/metadata/metadata-boundary... [truncated]
2026-02-26T19:51:30.578Z [network][GET 200] /_next/static/webpack/c6f9bec85ecfa410.webpack.hot-update.json
  response: {"c":["app/layout","webpack"],"r":[],"m":[]}
2026-02-26T19:51:31.409Z [network][GET 200] /_next/static/webpack/504ffd671cd23d2a.webpack.hot-update.json
  response: {"c":["app/layout","webpack"],"r":[],"m":[]}
2026-02-26T19:51:31.713Z [network][GET 200] 
  response: 1:"$Sreact.fragment"
3:I["(app-pages-browser)/./node_modules/next/dist/client/components/layout-router.js",["app-pages-internals","static/chunks/app-pages-internals.js"],""]
4:I["(app-pages-browser)/./node_modules/next/dist/client/components/render-from-template-context.js",["app-pages-internals","static/chunks/app-pages-internals.js"],""]
6:I["(app-pages-browser)/./node_modules/next/dist/client/script.js",["app/layout","static/chunks/app/layout.js"],""]
7:I["(app-pages-browser)/./src/components/ErrorReporter.tsx",["app/layout","static/chunks/app/layout.js"],"default"]
8:I["(app-pages-browser)/./src/components/pixel-provider.tsx",["app/layout","static/chunks/app/layout.js"],"PixelProvider"]
c:I["(app-pages-browser)/./src/visual-edits/VisualEditsMessenger.tsx",["app/layout","static/chunks/app/layout.js"],"default"]
d:I["(app-pages-browser)/./node_modules/next/dist/client/components/client-page.js",["app-pages-internals","static/chunks/app-pages-internals.js"],"ClientPageRoot"]
e:I["(app-pages-browser)/./src/app/page.tsx",["app/page","static/chunks/app/page.js"],"default"]
f:I["(app-pages-browser)/./node_modules/next/dist/lib/metadata/metadata-boundary.js",["app-pages-internals","static/chunks/app-pages-internals.js"],"OutletBoundary"]
13:I["(app-pages-browser)/./src/app/global-error.tsx",["app/global-error","static/chunks/app/global-error.js"],"default"]
14:I["(app-pages-browser)/./node_modules/next/dist/client/components/client-segment.js",["app-pages-internals","static/chunks/app-pages-internals.js"],"ClientSegmentRoot"]
15:I["(app-pages-browser)/./node_modules/next/dist/client/components/http-access-fallback/error-boundary.js",["app-pages-internals","static/chunks/app-pages-internals.js"],"HTTPAccessFallbackBoundary"]
16:I["(app-pages-browser)/./node_modules/next/dist/lib/metadata/metadata-boundary.js",["app-pages-internals","static/chunks/app-pages-internals.js"],"MetadataBoundary"]
17:I["(app-pages-browser)/./node_modules/next/dist/lib/metadata/metadata-boundary... [truncated]
2026-02-26T19:52:13.754Z [console][warn] %cDownload the React DevTools for a better development experience: https://react.dev/link/react-devtools font-weight:bold
2026-02-26T19:52:13.940Z [console][error] A tree hydrated but some attributes of the server rendered HTML didn't match the client properties. This won't be patched up. This can happen if a SSR-ed Client Component used:

- A server/client branch `if (typeof window !== 'undefined')`.
- Variable input such as `Date.now()` or `Math.random()` which changes each time it's called.
- Date formatting in a user's locale which doesn't match the server.
- External changing data without sending a snapshot of it along with the HTML.
- Invalid HTML tag nesting.

It can also happen if the client has a browser extension installed which messes with the HTML before React loaded.

%s%s https://react.dev/link/hydration-mismatch 

  ...
    <HotReload assetPrefix="">
      <ReactDevOverlay state={{nextId:1, ...}} dispatcher={{...}}>
        <DevRootHTTPAccessFallbackBoundary>
          <HTTPAccessFallbackBoundary notFound={<NotAllowedRootHTTPFallbackError>}>
            <HTTPAccessFallbackErrorBoundary pathname="/" notFound={<NotAllowedRootHTTPFallbackError>} ...>
              <RedirectBoundary>
                <RedirectErrorBoundary router={{...}}>
                  <Head>
                  <link>
                  <RootLayout>
                    <html lang="pt-BR">
                      <head>
                        <link>
                        <link>
                        <link>
                        <link>
                        <link>
                        <link>
                        <script>
                        <script>
                        <script>
                        <script
                          dangerouslySetInnerHTML={{
+                           __html: "window.addEventListener('load', function(){ if(typeof digistorePromocode === 'fun..."
-                           __html: ""
                          }}
-                         src="//www.digistore24.com/webinc/badge/build/v1.0.2/loader.js"
                        >
                      ...
                  ...
        ...

2026-02-26T19:54:17.783Z [console][warn] %cDownload the React DevTools for a better development experience: https://react.dev/link/react-devtools font-weight:bold
2026-02-26T19:54:18.394Z [console][error] A tree hydrated but some attributes of the server rendered HTML didn't match the client properties. This won't be patched up. This can happen if a SSR-ed Client Component used:

- A server/client branch `if (typeof window !== 'undefined')`.
- Variable input such as `Date.now()` or `Math.random()` which changes each time it's called.
- Date formatting in a user's locale which doesn't match the server.
- External changing data without sending a snapshot of it along with the HTML.
- Invalid HTML tag nesting.

It can also happen if the client has a browser extension installed which messes with the HTML before React loaded.

%s%s https://react.dev/link/hydration-mismatch 

  ...
    <HotReload assetPrefix="">
      <ReactDevOverlay state={{nextId:1, ...}} dispatcher={{...}}>
        <DevRootHTTPAccessFallbackBoundary>
          <HTTPAccessFallbackBoundary notFound={<NotAllowedRootHTTPFallbackError>}>
            <HTTPAccessFallbackErrorBoundary pathname="/" notFound={<NotAllowedRootHTTPFallbackError>} ...>
              <RedirectBoundary>
                <RedirectErrorBoundary router={{...}}>
                  <Head>
                  <link>
                  <RootLayout>
                    <html lang="pt-BR">
                      <head>
                        <link>
                        <link>
                        <link>
                        <link>
                        <link>
                        <link>
                        <script>
                        <script>
                        <script>
                        <script
                          dangerouslySetInnerHTML={{
+                           __html: "window.addEventListener('load', function(){ if(typeof digistorePromocode === 'fun..."
-                           __html: ""
                          }}
-                         src="//www.digistore24.com/webinc/badge/build/v1.0.2/loader.js"
                        >
                      ...
                  ...
        ...

2026-02-26T19:54:18.399Z [console][log] __ORCHIDS_NAVIGATE__ http://localhost:3000/
2026-02-26T19:54:18.398Z [console][debug] __ORCHIDS_NAVIGATE__ http://localhost:3000/
2026-02-26T19:54:18.894Z [network][GET 200] /__nextjs_original-stack-frame?isServer=false&isEdgeServer=false&isAppDirectory=true&errorMessage=Error%3A+A+tree+hydrated+but+some+attributes+of+the+server+rendered+HTML+didn%27t+match+the+client+properties.+This+won%27t+be+patched+up.+This+can+happen+if+a+SSR-ed+Client+Component+used%3A%0A%0A-+A+server%2Fclient+branch+%60if+%28typeof+window+%21%3D%3D+%27undefined%27%29%60.%0A-+Variable+input+such+as+%60Date.now%28%29%60+or+%60Math.random%28%29%60+which+changes+each+time+it%27s+called.%0A-+Date+formatting+in+a+user%27s+locale+which+doesn%27t+match+the+server.%0A-+External+changing+data+without+sending+a+snapshot+of+it+along+with+the+HTML.%0A-+Invalid+HTML+tag+nesting.%0A%0AIt+can+also+happen+if+the+client+has+a+browser+extension+installed+which+messes+with+the+HTML+before+React+loaded.%0A%0Ahttps%3A%2F%2Freact.dev%2Flink%2Fhydration-mismatch%0A%0A++...%0A++++%3CHotReload+assetPrefix%3D%22%22%3E%0A++++++%3CReactDevOverlay+state%3D%7B%7BnextId%3A1%2C+...%7D%7D+dispatcher%3D%7B%7B...%7D%... [truncated]
  response: {"originalStackFrame":{"file":"node_modules/next/dist/compiled/react-dom/cjs/react-dom-client.development.js","lineNumber":4299,"column":1,"methodName":"emitPendingHydrationWarnings","arguments":[],"ignored":true},"originalCodeFrame":null}
2026-02-26T19:54:18.905Z [network][GET 200] /__nextjs_original-stack-frame?isServer=false&isEdgeServer=false&isAppDirectory=true&errorMessage=Error%3A+A+tree+hydrated+but+some+attributes+of+the+server+rendered+HTML+didn%27t+match+the+client+properties.+This+won%27t+be+patched+up.+This+can+happen+if+a+SSR-ed+Client+Component+used%3A%0A%0A-+A+server%2Fclient+branch+%60if+%28typeof+window+%21%3D%3D+%27undefined%27%29%60.%0A-+Variable+input+such+as+%60Date.now%28%29%60+or+%60Math.random%28%29%60+which+changes+each+time+it%27s+called.%0A-+Date+formatting+in+a+user%27s+locale+which+doesn%27t+match+the+server.%0A-+External+changing+data+without+sending+a+snapshot+of+it+along+with+the+HTML.%0A-+Invalid+HTML+tag+nesting.%0A%0AIt+can+also+happen+if+the+client+has+a+browser+extension+installed+which+messes+with+the+HTML+before+React+loaded.%0A%0Ahttps%3A%2F%2Freact.dev%2Flink%2Fhydration-mismatch%0A%0A++...%0A++++%3CHotReload+assetPrefix%3D%22%22%3E%0A++++++%3CReactDevOverlay+state%3D%7B%7BnextId%3A1%2C+...%7D%7D+dispatcher%3D%7B%7B...%7D%... [truncated]
  response: {"originalStackFrame":{"file":"node_modules/next/dist/compiled/scheduler/cjs/scheduler.development.js","lineNumber":44,"column":1,"methodName":"MessagePort.performWorkUntilDeadline","arguments":[],"ignored":true},"originalCodeFrame":null}
2026-02-26T19:54:18.963Z [network][GET 200] /__nextjs_original-stack-frame?isServer=false&isEdgeServer=false&isAppDirectory=true&errorMessage=Error%3A+A+tree+hydrated+but+some+attributes+of+the+server+rendered+HTML+didn%27t+match+the+client+properties.+This+won%27t+be+patched+up.+This+can+happen+if+a+SSR-ed+Client+Component+used%3A%0A%0A-+A+server%2Fclient+branch+%60if+%28typeof+window+%21%3D%3D+%27undefined%27%29%60.%0A-+Variable+input+such+as+%60Date.now%28%29%60+or+%60Math.random%28%29%60+which+changes+each+time+it%27s+called.%0A-+Date+formatting+in+a+user%27s+locale+which+doesn%27t+match+the+server.%0A-+External+changing+data+without+sending+a+snapshot+of+it+along+with+the+HTML.%0A-+Invalid+HTML+tag+nesting.%0A%0AIt+can+also+happen+if+the+client+has+a+browser+extension+installed+which+messes+with+the+HTML+before+React+loaded.%0A%0Ahttps%3A%2F%2Freact.dev%2Flink%2Fhydration-mismatch%0A%0A++...%0A++++%3CHotReload+assetPrefix%3D%22%22%3E%0A++++++%3CReactDevOverlay+state%3D%7B%7BnextId%3A1%2C+...%7D%7D+dispatcher%3D%7B%7B...%7D%... [truncated]
  response: {"originalStackFrame":{"file":"<anonymous>","lineNumber":132,"column":36,"methodName":"console.error","ignored":false,"arguments":[]},"originalCodeFrame":null}
2026-02-26T19:54:18.964Z [network][GET 200] /__nextjs_original-stack-frame?isServer=false&isEdgeServer=false&isAppDirectory=true&errorMessage=Error%3A+A+tree+hydrated+but+some+attributes+of+the+server+rendered+HTML+didn%27t+match+the+client+properties.+This+won%27t+be+patched+up.+This+can+happen+if+a+SSR-ed+Client+Component+used%3A%0A%0A-+A+server%2Fclient+branch+%60if+%28typeof+window+%21%3D%3D+%27undefined%27%29%60.%0A-+Variable+input+such+as+%60Date.now%28%29%60+or+%60Math.random%28%29%60+which+changes+each+time+it%27s+called.%0A-+Date+formatting+in+a+user%27s+locale+which+doesn%27t+match+the+server.%0A-+External+changing+data+without+sending+a+snapshot+of+it+along+with+the+HTML.%0A-+Invalid+HTML+tag+nesting.%0A%0AIt+can+also+happen+if+the+client+has+a+browser+extension+installed+which+messes+with+the+HTML+before+React+loaded.%0A%0Ahttps%3A%2F%2Freact.dev%2Flink%2Fhydration-mismatch%0A%0A++...%0A++++%3CHotReload+assetPrefix%3D%22%22%3E%0A++++++%3CReactDevOverlay+state%3D%7B%7BnextId%3A1%2C+...%7D%7D+dispatcher%3D%7B%7B...%7D%... [truncated]
  response: {"originalStackFrame":{"file":"node_modules/next/dist/compiled/react-dom/cjs/react-dom-client.development.js","lineNumber":13610,"column":1,"methodName":"completeWork","arguments":[],"ignored":true},"originalCodeFrame":null}
2026-02-26T19:54:18.964Z [network][GET 200] /__nextjs_original-stack-frame?isServer=false&isEdgeServer=false&isAppDirectory=true&errorMessage=Error%3A+A+tree+hydrated+but+some+attributes+of+the+server+rendered+HTML+didn%27t+match+the+client+properties.+This+won%27t+be+patched+up.+This+can+happen+if+a+SSR-ed+Client+Component+used%3A%0A%0A-+A+server%2Fclient+branch+%60if+%28typeof+window+%21%3D%3D+%27undefined%27%29%60.%0A-+Variable+input+such+as+%60Date.now%28%29%60+or+%60Math.random%28%29%60+which+changes+each+time+it%27s+called.%0A-+Date+formatting+in+a+user%27s+locale+which+doesn%27t+match+the+server.%0A-+External+changing+data+without+sending+a+snapshot+of+it+along+with+the+HTML.%0A-+Invalid+HTML+tag+nesting.%0A%0AIt+can+also+happen+if+the+client+has+a+browser+extension+installed+which+messes+with+the+HTML+before+React+loaded.%0A%0Ahttps%3A%2F%2Freact.dev%2Flink%2Fhydration-mismatch%0A%0A++...%0A++++%3CHotReload+assetPrefix%3D%22%22%3E%0A++++++%3CReactDevOverlay+state%3D%7B%7BnextId%3A1%2C+...%7D%7D+dispatcher%3D%7B%7B...%7D%... [truncated]
  response: {"originalStackFrame":{"file":"node_modules/next/dist/compiled/react-dom/cjs/react-dom-client.development.js","lineNumber":543,"column":1,"methodName":"runWithFiberInDEV","arguments":[],"ignored":true},"originalCodeFrame":null}
2026-02-26T19:54:18.976Z [network][GET 200] /__nextjs_original-stack-frame?isServer=false&isEdgeServer=false&isAppDirectory=true&errorMessage=Error%3A+A+tree+hydrated+but+some+attributes+of+the+server+rendered+HTML+didn%27t+match+the+client+properties.+This+won%27t+be+patched+up.+This+can+happen+if+a+SSR-ed+Client+Component+used%3A%0A%0A-+A+server%2Fclient+branch+%60if+%28typeof+window+%21%3D%3D+%27undefined%27%29%60.%0A-+Variable+input+such+as+%60Date.now%28%29%60+or+%60Math.random%28%29%60+which+changes+each+time+it%27s+called.%0A-+Date+formatting+in+a+user%27s+locale+which+doesn%27t+match+the+server.%0A-+External+changing+data+without+sending+a+snapshot+of+it+along+with+the+HTML.%0A-+Invalid+HTML+tag+nesting.%0A%0AIt+can+also+happen+if+the+client+has+a+browser+extension+installed+which+messes+with+the+HTML+before+React+loaded.%0A%0Ahttps%3A%2F%2Freact.dev%2Flink%2Fhydration-mismatch%0A%0A++...%0A++++%3CHotReload+assetPrefix%3D%22%22%3E%0A++++++%3CReactDevOverlay+state%3D%7B%7BnextId%3A1%2C+...%7D%7D+dispatcher%3D%7B%7B...%7D%... [truncated]
  response: {"originalStackFrame":{"file":"../src/client/components/react-dev-overlay/internal/helpers/console-error.ts","lineNumber":14,"column":35,"methodName":"createUnhandledError","arguments":[],"ignored":true},"originalCodeFrame":"\u001b[0m \u001b[90m 12 |\u001b[39m \u001b[36mexport\u001b[39m \u001b[36mfunction\u001b[39m createUnhandledError(message\u001b[33m:\u001b[39m string \u001b[33m|\u001b[39m \u001b[33mError\u001b[39m)\u001b[33m:\u001b[39m \u001b[33mUnhandledError\u001b[39m {\u001b[0m\n\u001b[0m \u001b[90m 13 |\u001b[39m   \u001b[36mconst\u001b[39m error \u001b[33m=\u001b[39m (\u001b[0m\n\u001b[0m\u001b[31m\u001b[1m>\u001b[22m\u001b[39m\u001b[90m 14 |\u001b[39m     \u001b[36mtypeof\u001b[39m message \u001b[33m===\u001b[39m \u001b[32m'string'\u001b[39m \u001b[33m?\u001b[39m \u001b[36mnew\u001b[39m \u001b[33mError\u001b[39m(message) \u001b[33m:\u001b[39m message\u001b[0m\n\u001b[0m \u001b[90m    |\u001b[39m                                   \u001b[31m\u001b[1m^\u001b[22m\u001b[39m\u001b[0m\n\u001b[0m \u001b[90m 15 |\u001b[39m   ) \u001b[36mas\u001b[39m \u001b[33mUnhandledError\u001b[39m\u001b[0m\n\u001b[0m \u001b[90m 16 |\u001b[39m   error[digestSym] \u001b[33m=\u001b[39m \u001b[32m'NEXT_UNHANDLED_ERROR'\u001b[39m\u001b[0m\n\u001b[0m \u001b[90m 17 |\u001b[39m   error[consoleTypeSym] \u001b[33m=\u001b[39m \u001b[36mtypeof\u001b[39m message \u001b[33m===\u001b[39m \u001b[32m'string'\u001b[39m \u001b[33m?\u001b[39m \u001b[32m'string'\u001b[39m \u001b[33m:\u001b[39m \u001b[32m'error'\u001b[39m\u001b[0m"}
2026-02-26T19:54:18.977Z [network][GET 200] /__nextjs_original-stack-frame?isServer=false&isEdgeServer=false&isAppDirectory=true&errorMessage=Error%3A+A+tree+hydrated+but+some+attributes+of+the+server+rendered+HTML+didn%27t+match+the+client+properties.+This+won%27t+be+patched+up.+This+can+happen+if+a+SSR-ed+Client+Component+used%3A%0A%0A-+A+server%2Fclient+branch+%60if+%28typeof+window+%21%3D%3D+%27undefined%27%29%60.%0A-+Variable+input+such+as+%60Date.now%28%29%60+or+%60Math.random%28%29%60+which+changes+each+time+it%27s+called.%0A-+Date+formatting+in+a+user%27s+locale+which+doesn%27t+match+the+server.%0A-+External+changing+data+without+sending+a+snapshot+of+it+along+with+the+HTML.%0A-+Invalid+HTML+tag+nesting.%0A%0AIt+can+also+happen+if+the+client+has+a+browser+extension+installed+which+messes+with+the+HTML+before+React+loaded.%0A%0Ahttps%3A%2F%2Freact.dev%2Flink%2Fhydration-mismatch%0A%0A++...%0A++++%3CHotReload+assetPrefix%3D%22%22%3E%0A++++++%3CReactDevOverlay+state%3D%7B%7BnextId%3A1%2C+...%7D%7D+dispatcher%3D%7B%7B...%7D%... [truncated]
  response: {"originalStackFrame":{"file":"../src/client/components/react-dev-overlay/internal/helpers/use-error-handler.ts","lineNumber":30,"column":34,"methodName":"formattedErrorMessage","arguments":[],"ignored":true},"originalCodeFrame":"\u001b[0m \u001b[90m 28 |\u001b[39m     \u001b[90m// If it's not an error, format the args into an error\u001b[39m\u001b[0m\n\u001b[0m \u001b[90m 29 |\u001b[39m     \u001b[36mconst\u001b[39m formattedErrorMessage \u001b[33m=\u001b[39m formatConsoleArgs(consoleErrorArgs)\u001b[0m\n\u001b[0m\u001b[31m\u001b[1m>\u001b[22m\u001b[39m\u001b[90m 30 |\u001b[39m     error \u001b[33m=\u001b[39m createUnhandledError(formattedErrorMessage)\u001b[0m\n\u001b[0m \u001b[90m    |\u001b[39m                                  \u001b[31m\u001b[1m^\u001b[22m\u001b[39m\u001b[0m\n\u001b[0m \u001b[90m 31 |\u001b[39m   } \u001b[36melse\u001b[39m {\u001b[0m\n\u001b[0m \u001b[90m 32 |\u001b[39m     error \u001b[33m=\u001b[39m capturedFromConsole\u001b[0m\n\u001b[0m \u001b[90m 33 |\u001b[39m       \u001b[33m?\u001b[39m createUnhandledError(originError)\u001b[0m"}
2026-02-26T19:54:18.977Z [network][GET 200] /__nextjs_original-stack-frame?isServer=false&isEdgeServer=false&isAppDirectory=true&errorMessage=Error%3A+A+tree+hydrated+but+some+attributes+of+the+server+rendered+HTML+didn%27t+match+the+client+properties.+This+won%27t+be+patched+up.+This+can+happen+if+a+SSR-ed+Client+Component+used%3A%0A%0A-+A+server%2Fclient+branch+%60if+%28typeof+window+%21%3D%3D+%27undefined%27%29%60.%0A-+Variable+input+such+as+%60Date.now%28%29%60+or+%60Math.random%28%29%60+which+changes+each+time+it%27s+called.%0A-+Date+formatting+in+a+user%27s+locale+which+doesn%27t+match+the+server.%0A-+External+changing+data+without+sending+a+snapshot+of+it+along+with+the+HTML.%0A-+Invalid+HTML+tag+nesting.%0A%0AIt+can+also+happen+if+the+client+has+a+browser+extension+installed+which+messes+with+the+HTML+before+React+loaded.%0A%0Ahttps%3A%2F%2Freact.dev%2Flink%2Fhydration-mismatch%0A%0A++...%0A++++%3CHotReload+assetPrefix%3D%22%22%3E%0A++++++%3CReactDevOverlay+state%3D%7B%7BnextId%3A1%2C+...%7D%7D+dispatcher%3D%7B%7B...%7D%... [truncated]
  response: {"originalStackFrame":{"file":"../src/client/components/globals/intercept-console-error.ts","lineNumber":32,"column":11,"methodName":"console.error","arguments":[],"ignored":true},"originalCodeFrame":"\u001b[0m \u001b[90m 30 |\u001b[39m       \u001b[36mif\u001b[39m (process\u001b[33m.\u001b[39menv\u001b[33m.\u001b[39m\u001b[33mNODE_ENV\u001b[39m \u001b[33m!==\u001b[39m \u001b[32m'production'\u001b[39m) {\u001b[0m\n\u001b[0m \u001b[90m 31 |\u001b[39m         handleClientError(\u001b[0m\n\u001b[0m\u001b[31m\u001b[1m>\u001b[22m\u001b[39m\u001b[90m 32 |\u001b[39m           \u001b[90m// replayed errors have their own complex format string that should be used,\u001b[39m\u001b[0m\n\u001b[0m \u001b[90m    |\u001b[39m           \u001b[31m\u001b[1m^\u001b[22m\u001b[39m\u001b[0m\n\u001b[0m \u001b[90m 33 |\u001b[39m           \u001b[90m// but if we pass the error directly, `handleClientError` will ignore it\u001b[39m\u001b[0m\n\u001b[0m \u001b[90m 34 |\u001b[39m           maybeError\u001b[33m,\u001b[39m\u001b[0m\n\u001b[0m \u001b[90m 35 |\u001b[39m           args\u001b[33m,\u001b[39m\u001b[0m"}
2026-02-26T19:54:18.977Z [network][GET 200] /__nextjs_original-stack-frame?isServer=false&isEdgeServer=false&isAppDirectory=true&errorMessage=Error%3A+A+tree+hydrated+but+some+attributes+of+the+server+rendered+HTML+didn%27t+match+the+client+properties.+This+won%27t+be+patched+up.+This+can+happen+if+a+SSR-ed+Client+Component+used%3A%0A%0A-+A+server%2Fclient+branch+%60if+%28typeof+window+%21%3D%3D+%27undefined%27%29%60.%0A-+Variable+input+such+as+%60Date.now%28%29%60+or+%60Math.random%28%29%60+which+changes+each+time+it%27s+called.%0A-+Date+formatting+in+a+user%27s+locale+which+doesn%27t+match+the+server.%0A-+External+changing+data+without+sending+a+snapshot+of+it+along+with+the+HTML.%0A-+Invalid+HTML+tag+nesting.%0A%0AIt+can+also+happen+if+the+client+has+a+browser+extension+installed+which+messes+with+the+HTML+before+React+loaded.%0A%0Ahttps%3A%2F%2Freact.dev%2Flink%2Fhydration-mismatch%0A%0A++...%0A++++%3CHotReload+assetPrefix%3D%22%22%3E%0A++++++%3CReactDevOverlay+state%3D%7B%7BnextId%3A1%2C+...%7D%7D+dispatcher%3D%7B%7B...%7D%... [truncated]
  response: {"originalStackFrame":{"file":"node_modules/next/dist/compiled/react-dom/cjs/react-dom-client.development.js","lineNumber":15080,"column":1,"methodName":"performUnitOfWork","arguments":[],"ignored":true},"originalCodeFrame":null}
2026-02-26T19:54:18.991Z [network][GET 200] /__nextjs_original-stack-frame?isServer=false&isEdgeServer=false&isAppDirectory=true&errorMessage=Error%3A+A+tree+hydrated+but+some+attributes+of+the+server+rendered+HTML+didn%27t+match+the+client+properties.+This+won%27t+be+patched+up.+This+can+happen+if+a+SSR-ed+Client+Component+used%3A%0A%0A-+A+server%2Fclient+branch+%60if+%28typeof+window+%21%3D%3D+%27undefined%27%29%60.%0A-+Variable+input+such+as+%60Date.now%28%29%60+or+%60Math.random%28%29%60+which+changes+each+time+it%27s+called.%0A-+Date+formatting+in+a+user%27s+locale+which+doesn%27t+match+the+server.%0A-+External+changing+data+without+sending+a+snapshot+of+it+along+with+the+HTML.%0A-+Invalid+HTML+tag+nesting.%0A%0AIt+can+also+happen+if+the+client+has+a+browser+extension+installed+which+messes+with+the+HTML+before+React+loaded.%0A%0Ahttps%3A%2F%2Freact.dev%2Flink%2Fhydration-mismatch%0A%0A++...%0A++++%3CHotReload+assetPrefix%3D%22%22%3E%0A++++++%3CReactDevOverlay+state%3D%7B%7BnextId%3A1%2C+...%7D%7D+dispatcher%3D%7B%7B...%7D%... [truncated]
  response: {"originalStackFrame":{"file":"node_modules/next/dist/compiled/react-dom/cjs/react-dom-client.development.js","lineNumber":15057,"column":1,"methodName":"workLoopConcurrent","arguments":[],"ignored":true},"originalCodeFrame":null}
2026-02-26T19:54:18.991Z [network][GET 200] /__nextjs_original-stack-frame?isServer=false&isEdgeServer=false&isAppDirectory=true&errorMessage=Error%3A+A+tree+hydrated+but+some+attributes+of+the+server+rendered+HTML+didn%27t+match+the+client+properties.+This+won%27t+be+patched+up.+This+can+happen+if+a+SSR-ed+Client+Component+used%3A%0A%0A-+A+server%2Fclient+branch+%60if+%28typeof+window+%21%3D%3D+%27undefined%27%29%60.%0A-+Variable+input+such+as+%60Date.now%28%29%60+or+%60Math.random%28%29%60+which+changes+each+time+it%27s+called.%0A-+Date+formatting+in+a+user%27s+locale+which+doesn%27t+match+the+server.%0A-+External+changing+data+without+sending+a+snapshot+of+it+along+with+the+HTML.%0A-+Invalid+HTML+tag+nesting.%0A%0AIt+can+also+happen+if+the+client+has+a+browser+extension+installed+which+messes+with+the+HTML+before+React+loaded.%0A%0Ahttps%3A%2F%2Freact.dev%2Flink%2Fhydration-mismatch%0A%0A++...%0A++++%3CHotReload+assetPrefix%3D%22%22%3E%0A++++++%3CReactDevOverlay+state%3D%7B%7BnextId%3A1%2C+...%7D%7D+dispatcher%3D%7B%7B...%7D%... [truncated]
  response: {"originalStackFrame":{"file":"node_modules/next/dist/compiled/react-dom/cjs/react-dom-client.development.js","lineNumber":15199,"column":1,"methodName":"completeUnitOfWork","arguments":[],"ignored":true},"originalCodeFrame":null}
2026-02-26T19:54:19.010Z [network][GET 200] /__nextjs_original-stack-frame?isServer=false&isEdgeServer=false&isAppDirectory=true&errorMessage=Error%3A+A+tree+hydrated+but+some+attributes+of+the+server+rendered+HTML+didn%27t+match+the+client+properties.+This+won%27t+be+patched+up.+This+can+happen+if+a+SSR-ed+Client+Component+used%3A%0A%0A-+A+server%2Fclient+branch+%60if+%28typeof+window+%21%3D%3D+%27undefined%27%29%60.%0A-+Variable+input+such+as+%60Date.now%28%29%60+or+%60Math.random%28%29%60+which+changes+each+time+it%27s+called.%0A-+Date+formatting+in+a+user%27s+locale+which+doesn%27t+match+the+server.%0A-+External+changing+data+without+sending+a+snapshot+of+it+along+with+the+HTML.%0A-+Invalid+HTML+tag+nesting.%0A%0AIt+can+also+happen+if+the+client+has+a+browser+extension+installed+which+messes+with+the+HTML+before+React+loaded.%0A%0Ahttps%3A%2F%2Freact.dev%2Flink%2Fhydration-mismatch%0A%0A++...%0A++++%3CHotReload+assetPrefix%3D%22%22%3E%0A++++++%3CReactDevOverlay+state%3D%7B%7BnextId%3A1%2C+...%7D%7D+dispatcher%3D%7B%7B...%7D%... [truncated]
  response: {"originalStackFrame":{"file":"node_modules/next/dist/compiled/react-dom/cjs/react-dom-client.development.js","lineNumber":15032,"column":1,"methodName":"renderRootConcurrent","arguments":[],"ignored":true},"originalCodeFrame":null}
2026-02-26T19:54:19.011Z [network][GET 200] /__nextjs_original-stack-frame?isServer=false&isEdgeServer=false&isAppDirectory=true&errorMessage=Error%3A+A+tree+hydrated+but+some+attributes+of+the+server+rendered+HTML+didn%27t+match+the+client+properties.+This+won%27t+be+patched+up.+This+can+happen+if+a+SSR-ed+Client+Component+used%3A%0A%0A-+A+server%2Fclient+branch+%60if+%28typeof+window+%21%3D%3D+%27undefined%27%29%60.%0A-+Variable+input+such+as+%60Date.now%28%29%60+or+%60Math.random%28%29%60+which+changes+each+time+it%27s+called.%0A-+Date+formatting+in+a+user%27s+locale+which+doesn%27t+match+the+server.%0A-+External+changing+data+without+sending+a+snapshot+of+it+along+with+the+HTML.%0A-+Invalid+HTML+tag+nesting.%0A%0AIt+can+also+happen+if+the+client+has+a+browser+extension+installed+which+messes+with+the+HTML+before+React+loaded.%0A%0Ahttps%3A%2F%2Freact.dev%2Flink%2Fhydration-mismatch%0A%0A++...%0A++++%3CHotReload+assetPrefix%3D%22%22%3E%0A++++++%3CReactDevOverlay+state%3D%7B%7BnextId%3A1%2C+...%7D%7D+dispatcher%3D%7B%7B...%7D%... [truncated]
  response: {"originalStackFrame":{"file":"node_modules/next/dist/compiled/react-dom/cjs/react-dom-client.development.js","lineNumber":14349,"column":1,"methodName":"performWorkOnRoot","arguments":[],"ignored":true},"originalCodeFrame":null}
2026-02-26T19:54:19.011Z [network][GET 200] /__nextjs_original-stack-frame?isServer=false&isEdgeServer=false&isAppDirectory=true&errorMessage=Error%3A+A+tree+hydrated+but+some+attributes+of+the+server+rendered+HTML+didn%27t+match+the+client+properties.+This+won%27t+be+patched+up.+This+can+happen+if+a+SSR-ed+Client+Component+used%3A%0A%0A-+A+server%2Fclient+branch+%60if+%28typeof+window+%21%3D%3D+%27undefined%27%29%60.%0A-+Variable+input+such+as+%60Date.now%28%29%60+or+%60Math.random%28%29%60+which+changes+each+time+it%27s+called.%0A-+Date+formatting+in+a+user%27s+locale+which+doesn%27t+match+the+server.%0A-+External+changing+data+without+sending+a+snapshot+of+it+along+with+the+HTML.%0A-+Invalid+HTML+tag+nesting.%0A%0AIt+can+also+happen+if+the+client+has+a+browser+extension+installed+which+messes+with+the+HTML+before+React+loaded.%0A%0Ahttps%3A%2F%2Freact.dev%2Flink%2Fhydration-mismatch%0A%0A++...%0A++++%3CHotReload+assetPrefix%3D%22%22%3E%0A++++++%3CReactDevOverlay+state%3D%7B%7BnextId%3A1%2C+...%7D%7D+dispatcher%3D%7B%7B...%7D%... [truncated]
  response: {"originalStackFrame":{"file":"node_modules/next/dist/compiled/react-dom/cjs/react-dom-client.development.js","lineNumber":15954,"column":1,"methodName":"performWorkOnRootViaSchedulerTask","arguments":[],"ignored":true},"originalCodeFrame":null}
2026-02-26T19:54:19.011Z [network][GET 200] /__nextjs_original-stack-frame?isServer=false&isEdgeServer=false&isAppDirectory=true&errorMessage=Error%3A+A+tree+hydrated+but+some+attributes+of+the+server+rendered+HTML+didn%27t+match+the+client+properties.+This+won%27t+be+patched+up.+This+can+happen+if+a+SSR-ed+Client+Component+used%3A%0A%0A-+A+server%2Fclient+branch+%60if+%28typeof+window+%21%3D%3D+%27undefined%27%29%60.%0A-+Variable+input+such+as+%60Date.now%28%29%60+or+%60Math.random%28%29%60+which+changes+each+time+it%27s+called.%0A-+Date+formatting+in+a+user%27s+locale+which+doesn%27t+match+the+server.%0A-+External+changing+data+without+sending+a+snapshot+of+it+along+with+the+HTML.%0A-+Invalid+HTML+tag+nesting.%0A%0AIt+can+also+happen+if+the+client+has+a+browser+extension+installed+which+messes+with+the+HTML+before+React+loaded.%0A%0Ahttps%3A%2F%2Freact.dev%2Flink%2Fhydration-mismatch%0A%0A++...%0A++++%3CHotReload+assetPrefix%3D%22%22%3E%0A++++++%3CReactDevOverlay+state%3D%7B%7BnextId%3A1%2C+...%7D%7D+dispatcher%3D%7B%7B...%7D%... [truncated]
  response: {"originalStackFrame":{"file":"node_modules/next/dist/compiled/scheduler/cjs/scheduler.development.js","lineNumber":44,"column":1,"methodName":"MessagePort.performWorkUntilDeadline","arguments":[],"ignored":true},"originalCodeFrame":null}
2026-02-26T19:54:17.783Z [console][warn] %cDownload the React DevTools for a better development experience: https://react.dev/link/react-devtools font-weight:bold
2026-02-26T19:54:18.394Z [console][error] A tree hydrated but some attributes of the server rendered HTML didn't match the client properties. This won't be patched up. This can happen if a SSR-ed Client Component used:

- A server/client branch `if (typeof window !== 'undefined')`.
- Variable input such as `Date.now()` or `Math.random()` which changes each time it's called.
- Date formatting in a user's locale which doesn't match the server.
- External changing data without sending a snapshot of it along with the HTML.
- Invalid HTML tag nesting.

It can also happen if the client has a browser extension installed which messes with the HTML before React loaded.

%s%s https://react.dev/link/hydration-mismatch 

  ...
    <HotReload assetPrefix="">
      <ReactDevOverlay state={{nextId:1, ...}} dispatcher={{...}}>
        <DevRootHTTPAccessFallbackBoundary>
          <HTTPAccessFallbackBoundary notFound={<NotAllowedRootHTTPFallbackError>}>
            <HTTPAccessFallbackErrorBoundary pathname="/" notFound={<NotAllowedRootHTTPFallbackError>} ...>
              <RedirectBoundary>
                <RedirectErrorBoundary router={{...}}>
                  <Head>
                  <link>
                  <RootLayout>
                    <html lang="pt-BR">
                      <head>
                        <link>
                        <link>
                        <link>
                        <link>
                        <link>
                        <link>
                        <script>
                        <script>
                        <script>
                        <script
                          dangerouslySetInnerHTML={{
+                           __html: "window.addEventListener('load', function(){ if(typeof digistorePromocode === 'fun..."
-                           __html: ""
                          }}
-                         src="//www.digistore24.com/webinc/badge/build/v1.0.2/loader.js"
                        >
                      ...
                  ...
        ...

2026-02-26T19:54:18.399Z [console][log] __ORCHIDS_NAVIGATE__ http://localhost:3000/
2026-02-26T19:54:18.398Z [console][debug] __ORCHIDS_NAVIGATE__ http://localhost:3000/
2026-02-26T19:54:18.758Z [network][GET 200] /__nextjs_original-stack-frame?isServer=false&isEdgeServer=false&isAppDirectory=true&errorMessage=Error%3A+A+tree+hydrated+but+some+attributes+of+the+server+rendered+HTML+didn%27t+match+the+client+properties.+This+won%27t+be+patched+up.+This+can+happen+if+a+SSR-ed+Client+Component+used%3A%0A%0A-+A+server%2Fclient+branch+%60if+%28typeof+window+%21%3D%3D+%27undefined%27%29%60.%0A-+Variable+input+such+as+%60Date.now%28%29%60+or+%60Math.random%28%29%60+which+changes+each+time+it%27s+called.%0A-+Date+formatting+in+a+user%27s+locale+which+doesn%27t+match+the+server.%0A-+External+changing+data+without+sending+a+snapshot+of+it+along+with+the+HTML.%0A-+Invalid+HTML+tag+nesting.%0A%0AIt+can+also+happen+if+the+client+has+a+browser+extension+installed+which+messes+with+the+HTML+before+React+loaded.%0A%0Ahttps%3A%2F%2Freact.dev%2Flink%2Fhydration-mismatch%0A%0A++...%0A++++%3CHotReload+assetPrefix%3D%22%22%3E%0A++++++%3CReactDevOverlay+state%3D%7B%7BnextId%3A1%2C+...%7D%7D+dispatcher%3D%7B%7B...%7D%... [truncated]
  response: {"originalStackFrame":{"file":"../src/client/components/react-dev-overlay/internal/helpers/console-error.ts","lineNumber":14,"column":35,"methodName":"createUnhandledError","arguments":[],"ignored":true},"originalCodeFrame":"\u001b[0m \u001b[90m 12 |\u001b[39m \u001b[36mexport\u001b[39m \u001b[36mfunction\u001b[39m createUnhandledError(message\u001b[33m:\u001b[39m string \u001b[33m|\u001b[39m \u001b[33mError\u001b[39m)\u001b[33m:\u001b[39m \u001b[33mUnhandledError\u001b[39m {\u001b[0m\n\u001b[0m \u001b[90m 13 |\u001b[39m   \u001b[36mconst\u001b[39m error \u001b[33m=\u001b[39m (\u001b[0m\n\u001b[0m\u001b[31m\u001b[1m>\u001b[22m\u001b[39m\u001b[90m 14 |\u001b[39m     \u001b[36mtypeof\u001b[39m message \u001b[33m===\u001b[39m \u001b[32m'string'\u001b[39m \u001b[33m?\u001b[39m \u001b[36mnew\u001b[39m \u001b[33mError\u001b[39m(message) \u001b[33m:\u001b[39m message\u001b[0m\n\u001b[0m \u001b[90m    |\u001b[39m                                   \u001b[31m\u001b[1m^\u001b[22m\u001b[39m\u001b[0m\n\u001b[0m \u001b[90m 15 |\u001b[39m   ) \u001b[36mas\u001b[39m \u001b[33mUnhandledError\u001b[39m\u001b[0m\n\u001b[0m \u001b[90m 16 |\u001b[39m   error[digestSym] \u001b[33m=\u001b[39m \u001b[32m'NEXT_UNHANDLED_ERROR'\u001b[39m\u001b[0m\n\u001b[0m \u001b[90m 17 |\u001b[39m   error[consoleTypeSym] \u001b[33m=\u001b[39m \u001b[36mtypeof\u001b[39m message \u001b[33m===\u001b[39m \u001b[32m'string'\u001b[39m \u001b[33m?\u001b[39m \u001b[32m'string'\u001b[39m \u001b[33m:\u001b[39m \u001b[32m'error'\u001b[39m\u001b[0m"}
2026-02-26T19:54:18.758Z [network][GET 200] /__nextjs_original-stack-frame?isServer=false&isEdgeServer=false&isAppDirectory=true&errorMessage=Error%3A+A+tree+hydrated+but+some+attributes+of+the+server+rendered+HTML+didn%27t+match+the+client+properties.+This+won%27t+be+patched+up.+This+can+happen+if+a+SSR-ed+Client+Component+used%3A%0A%0A-+A+server%2Fclient+branch+%60if+%28typeof+window+%21%3D%3D+%27undefined%27%29%60.%0A-+Variable+input+such+as+%60Date.now%28%29%60+or+%60Math.random%28%29%60+which+changes+each+time+it%27s+called.%0A-+Date+formatting+in+a+user%27s+locale+which+doesn%27t+match+the+server.%0A-+External+changing+data+without+sending+a+snapshot+of+it+along+with+the+HTML.%0A-+Invalid+HTML+tag+nesting.%0A%0AIt+can+also+happen+if+the+client+has+a+browser+extension+installed+which+messes+with+the+HTML+before+React+loaded.%0A%0Ahttps%3A%2F%2Freact.dev%2Flink%2Fhydration-mismatch%0A%0A++...%0A++++%3CHotReload+assetPrefix%3D%22%22%3E%0A++++++%3CReactDevOverlay+state%3D%7B%7BnextId%3A1%2C+...%7D%7D+dispatcher%3D%7B%7B...%7D%... [truncated]
  response: {"originalStackFrame":{"file":"../src/client/components/react-dev-overlay/internal/helpers/use-error-handler.ts","lineNumber":30,"column":34,"methodName":"formattedErrorMessage","arguments":[],"ignored":true},"originalCodeFrame":"\u001b[0m \u001b[90m 28 |\u001b[39m     \u001b[90m// If it's not an error, format the args into an error\u001b[39m\u001b[0m\n\u001b[0m \u001b[90m 29 |\u001b[39m     \u001b[36mconst\u001b[39m formattedErrorMessage \u001b[33m=\u001b[39m formatConsoleArgs(consoleErrorArgs)\u001b[0m\n\u001b[0m\u001b[31m\u001b[1m>\u001b[22m\u001b[39m\u001b[90m 30 |\u001b[39m     error \u001b[33m=\u001b[39m createUnhandledError(formattedErrorMessage)\u001b[0m\n\u001b[0m \u001b[90m    |\u001b[39m                                  \u001b[31m\u001b[1m^\u001b[22m\u001b[39m\u001b[0m\n\u001b[0m \u001b[90m 31 |\u001b[39m   } \u001b[36melse\u001b[39m {\u001b[0m\n\u001b[0m \u001b[90m 32 |\u001b[39m     error \u001b[33m=\u001b[39m capturedFromConsole\u001b[0m\n\u001b[0m \u001b[90m 33 |\u001b[39m       \u001b[33m?\u001b[39m createUnhandledError(originError)\u001b[0m"}
2026-02-26T19:54:18.758Z [network][GET 200] /__nextjs_original-stack-frame?isServer=false&isEdgeServer=false&isAppDirectory=true&errorMessage=Error%3A+A+tree+hydrated+but+some+attributes+of+the+server+rendered+HTML+didn%27t+match+the+client+properties.+This+won%27t+be+patched+up.+This+can+happen+if+a+SSR-ed+Client+Component+used%3A%0A%0A-+A+server%2Fclient+branch+%60if+%28typeof+window+%21%3D%3D+%27undefined%27%29%60.%0A-+Variable+input+such+as+%60Date.now%28%29%60+or+%60Math.random%28%29%60+which+changes+each+time+it%27s+called.%0A-+Date+formatting+in+a+user%27s+locale+which+doesn%27t+match+the+server.%0A-+External+changing+data+without+sending+a+snapshot+of+it+along+with+the+HTML.%0A-+Invalid+HTML+tag+nesting.%0A%0AIt+can+also+happen+if+the+client+has+a+browser+extension+installed+which+messes+with+the+HTML+before+React+loaded.%0A%0Ahttps%3A%2F%2Freact.dev%2Flink%2Fhydration-mismatch%0A%0A++...%0A++++%3CHotReload+assetPrefix%3D%22%22%3E%0A++++++%3CReactDevOverlay+state%3D%7B%7BnextId%3A1%2C+...%7D%7D+dispatcher%3D%7B%7B...%7D%... [truncated]
  response: {"originalStackFrame":{"file":"<anonymous>","lineNumber":132,"column":36,"methodName":"console.error","ignored":false,"arguments":[]},"originalCodeFrame":null}
2026-02-26T19:54:18.758Z [network][GET 200] /__nextjs_original-stack-frame?isServer=false&isEdgeServer=false&isAppDirectory=true&errorMessage=Error%3A+A+tree+hydrated+but+some+attributes+of+the+server+rendered+HTML+didn%27t+match+the+client+properties.+This+won%27t+be+patched+up.+This+can+happen+if+a+SSR-ed+Client+Component+used%3A%0A%0A-+A+server%2Fclient+branch+%60if+%28typeof+window+%21%3D%3D+%27undefined%27%29%60.%0A-+Variable+input+such+as+%60Date.now%28%29%60+or+%60Math.random%28%29%60+which+changes+each+time+it%27s+called.%0A-+Date+formatting+in+a+user%27s+locale+which+doesn%27t+match+the+server.%0A-+External+changing+data+without+sending+a+snapshot+of+it+along+with+the+HTML.%0A-+Invalid+HTML+tag+nesting.%0A%0AIt+can+also+happen+if+the+client+has+a+browser+extension+installed+which+messes+with+the+HTML+before+React+loaded.%0A%0Ahttps%3A%2F%2Freact.dev%2Flink%2Fhydration-mismatch%0A%0A++...%0A++++%3CHotReload+assetPrefix%3D%22%22%3E%0A++++++%3CReactDevOverlay+state%3D%7B%7BnextId%3A1%2C+...%7D%7D+dispatcher%3D%7B%7B...%7D%... [truncated]
  response: {"originalStackFrame":{"file":"node_modules/next/dist/compiled/react-dom/cjs/react-dom-client.development.js","lineNumber":4299,"column":1,"methodName":"emitPendingHydrationWarnings","arguments":[],"ignored":true},"originalCodeFrame":null}
2026-02-26T19:54:18.758Z [network][GET 200] /__nextjs_original-stack-frame?isServer=false&isEdgeServer=false&isAppDirectory=true&errorMessage=Error%3A+A+tree+hydrated+but+some+attributes+of+the+server+rendered+HTML+didn%27t+match+the+client+properties.+This+won%27t+be+patched+up.+This+can+happen+if+a+SSR-ed+Client+Component+used%3A%0A%0A-+A+server%2Fclient+branch+%60if+%28typeof+window+%21%3D%3D+%27undefined%27%29%60.%0A-+Variable+input+such+as+%60Date.now%28%29%60+or+%60Math.random%28%29%60+which+changes+each+time+it%27s+called.%0A-+Date+formatting+in+a+user%27s+locale+which+doesn%27t+match+the+server.%0A-+External+changing+data+without+sending+a+snapshot+of+it+along+with+the+HTML.%0A-+Invalid+HTML+tag+nesting.%0A%0AIt+can+also+happen+if+the+client+has+a+browser+extension+installed+which+messes+with+the+HTML+before+React+loaded.%0A%0Ahttps%3A%2F%2Freact.dev%2Flink%2Fhydration-mismatch%0A%0A++...%0A++++%3CHotReload+assetPrefix%3D%22%22%3E%0A++++++%3CReactDevOverlay+state%3D%7B%7BnextId%3A1%2C+...%7D%7D+dispatcher%3D%7B%7B...%7D%... [truncated]
  response: {"originalStackFrame":{"file":"node_modules/next/dist/compiled/react-dom/cjs/react-dom-client.development.js","lineNumber":13610,"column":1,"methodName":"completeWork","arguments":[],"ignored":true},"originalCodeFrame":null}
2026-02-26T19:54:18.758Z [network][GET 200] /__nextjs_original-stack-frame?isServer=false&isEdgeServer=false&isAppDirectory=true&errorMessage=Error%3A+A+tree+hydrated+but+some+attributes+of+the+server+rendered+HTML+didn%27t+match+the+client+properties.+This+won%27t+be+patched+up.+This+can+happen+if+a+SSR-ed+Client+Component+used%3A%0A%0A-+A+server%2Fclient+branch+%60if+%28typeof+window+%21%3D%3D+%27undefined%27%29%60.%0A-+Variable+input+such+as+%60Date.now%28%29%60+or+%60Math.random%28%29%60+which+changes+each+time+it%27s+called.%0A-+Date+formatting+in+a+user%27s+locale+which+doesn%27t+match+the+server.%0A-+External+changing+data+without+sending+a+snapshot+of+it+along+with+the+HTML.%0A-+Invalid+HTML+tag+nesting.%0A%0AIt+can+also+happen+if+the+client+has+a+browser+extension+installed+which+messes+with+the+HTML+before+React+loaded.%0A%0Ahttps%3A%2F%2Freact.dev%2Flink%2Fhydration-mismatch%0A%0A++...%0A++++%3CHotReload+assetPrefix%3D%22%22%3E%0A++++++%3CReactDevOverlay+state%3D%7B%7BnextId%3A1%2C+...%7D%7D+dispatcher%3D%7B%7B...%7D%... [truncated]
  response: {"originalStackFrame":{"file":"../src/client/components/globals/intercept-console-error.ts","lineNumber":32,"column":11,"methodName":"console.error","arguments":[],"ignored":true},"originalCodeFrame":"\u001b[0m \u001b[90m 30 |\u001b[39m       \u001b[36mif\u001b[39m (process\u001b[33m.\u001b[39menv\u001b[33m.\u001b[39m\u001b[33mNODE_ENV\u001b[39m \u001b[33m!==\u001b[39m \u001b[32m'production'\u001b[39m) {\u001b[0m\n\u001b[0m \u001b[90m 31 |\u001b[39m         handleClientError(\u001b[0m\n\u001b[0m\u001b[31m\u001b[1m>\u001b[22m\u001b[39m\u001b[90m 32 |\u001b[39m           \u001b[90m// replayed errors have their own complex format string that should be used,\u001b[39m\u001b[0m\n\u001b[0m \u001b[90m    |\u001b[39m           \u001b[31m\u001b[1m^\u001b[22m\u001b[39m\u001b[0m\n\u001b[0m \u001b[90m 33 |\u001b[39m           \u001b[90m// but if we pass the error directly, `handleClientError` will ignore it\u001b[39m\u001b[0m\n\u001b[0m \u001b[90m 34 |\u001b[39m           maybeError\u001b[33m,\u001b[39m\u001b[0m\n\u001b[0m \u001b[90m 35 |\u001b[39m           args\u001b[33m,\u001b[39m\u001b[0m"}
2026-02-26T19:54:18.758Z [network][GET 200] /__nextjs_original-stack-frame?isServer=false&isEdgeServer=false&isAppDirectory=true&errorMessage=Error%3A+A+tree+hydrated+but+some+attributes+of+the+server+rendered+HTML+didn%27t+match+the+client+properties.+This+won%27t+be+patched+up.+This+can+happen+if+a+SSR-ed+Client+Component+used%3A%0A%0A-+A+server%2Fclient+branch+%60if+%28typeof+window+%21%3D%3D+%27undefined%27%29%60.%0A-+Variable+input+such+as+%60Date.now%28%29%60+or+%60Math.random%28%29%60+which+changes+each+time+it%27s+called.%0A-+Date+formatting+in+a+user%27s+locale+which+doesn%27t+match+the+server.%0A-+External+changing+data+without+sending+a+snapshot+of+it+along+with+the+HTML.%0A-+Invalid+HTML+tag+nesting.%0A%0AIt+can+also+happen+if+the+client+has+a+browser+extension+installed+which+messes+with+the+HTML+before+React+loaded.%0A%0Ahttps%3A%2F%2Freact.dev%2Flink%2Fhydration-mismatch%0A%0A++...%0A++++%3CHotReload+assetPrefix%3D%22%22%3E%0A++++++%3CReactDevOverlay+state%3D%7B%7BnextId%3A1%2C+...%7D%7D+dispatcher%3D%7B%7B...%7D%... [truncated]
  response: {"originalStackFrame":{"file":"node_modules/next/dist/compiled/react-dom/cjs/react-dom-client.development.js","lineNumber":15199,"column":1,"methodName":"completeUnitOfWork","arguments":[],"ignored":true},"originalCodeFrame":null}
2026-02-26T19:54:18.759Z [network][GET 200] /__nextjs_original-stack-frame?isServer=false&isEdgeServer=false&isAppDirectory=true&errorMessage=Error%3A+A+tree+hydrated+but+some+attributes+of+the+server+rendered+HTML+didn%27t+match+the+client+properties.+This+won%27t+be+patched+up.+This+can+happen+if+a+SSR-ed+Client+Component+used%3A%0A%0A-+A+server%2Fclient+branch+%60if+%28typeof+window+%21%3D%3D+%27undefined%27%29%60.%0A-+Variable+input+such+as+%60Date.now%28%29%60+or+%60Math.random%28%29%60+which+changes+each+time+it%27s+called.%0A-+Date+formatting+in+a+user%27s+locale+which+doesn%27t+match+the+server.%0A-+External+changing+data+without+sending+a+snapshot+of+it+along+with+the+HTML.%0A-+Invalid+HTML+tag+nesting.%0A%0AIt+can+also+happen+if+the+client+has+a+browser+extension+installed+which+messes+with+the+HTML+before+React+loaded.%0A%0Ahttps%3A%2F%2Freact.dev%2Flink%2Fhydration-mismatch%0A%0A++...%0A++++%3CHotReload+assetPrefix%3D%22%22%3E%0A++++++%3CReactDevOverlay+state%3D%7B%7BnextId%3A1%2C+...%7D%7D+dispatcher%3D%7B%7B...%7D%... [truncated]
  response: {"originalStackFrame":{"file":"node_modules/next/dist/compiled/react-dom/cjs/react-dom-client.development.js","lineNumber":15080,"column":1,"methodName":"performUnitOfWork","arguments":[],"ignored":true},"originalCodeFrame":null}
2026-02-26T19:54:18.759Z [network][GET 200] /__nextjs_original-stack-frame?isServer=false&isEdgeServer=false&isAppDirectory=true&errorMessage=Error%3A+A+tree+hydrated+but+some+attributes+of+the+server+rendered+HTML+didn%27t+match+the+client+properties.+This+won%27t+be+patched+up.+This+can+happen+if+a+SSR-ed+Client+Component+used%3A%0A%0A-+A+server%2Fclient+branch+%60if+%28typeof+window+%21%3D%3D+%27undefined%27%29%60.%0A-+Variable+input+such+as+%60Date.now%28%29%60+or+%60Math.random%28%29%60+which+changes+each+time+it%27s+called.%0A-+Date+formatting+in+a+user%27s+locale+which+doesn%27t+match+the+server.%0A-+External+changing+data+without+sending+a+snapshot+of+it+along+with+the+HTML.%0A-+Invalid+HTML+tag+nesting.%0A%0AIt+can+also+happen+if+the+client+has+a+browser+extension+installed+which+messes+with+the+HTML+before+React+loaded.%0A%0Ahttps%3A%2F%2Freact.dev%2Flink%2Fhydration-mismatch%0A%0A++...%0A++++%3CHotReload+assetPrefix%3D%22%22%3E%0A++++++%3CReactDevOverlay+state%3D%7B%7BnextId%3A1%2C+...%7D%7D+dispatcher%3D%7B%7B...%7D%... [truncated]
  response: {"originalStackFrame":{"file":"node_modules/next/dist/compiled/react-dom/cjs/react-dom-client.development.js","lineNumber":543,"column":1,"methodName":"runWithFiberInDEV","arguments":[],"ignored":true},"originalCodeFrame":null}
2026-02-26T19:54:18.759Z [network][GET 200] /__nextjs_original-stack-frame?isServer=false&isEdgeServer=false&isAppDirectory=true&errorMessage=Error%3A+A+tree+hydrated+but+some+attributes+of+the+server+rendered+HTML+didn%27t+match+the+client+properties.+This+won%27t+be+patched+up.+This+can+happen+if+a+SSR-ed+Client+Component+used%3A%0A%0A-+A+server%2Fclient+branch+%60if+%28typeof+window+%21%3D%3D+%27undefined%27%29%60.%0A-+Variable+input+such+as+%60Date.now%28%29%60+or+%60Math.random%28%29%60+which+changes+each+time+it%27s+called.%0A-+Date+formatting+in+a+user%27s+locale+which+doesn%27t+match+the+server.%0A-+External+changing+data+without+sending+a+snapshot+of+it+along+with+the+HTML.%0A-+Invalid+HTML+tag+nesting.%0A%0AIt+can+also+happen+if+the+client+has+a+browser+extension+installed+which+messes+with+the+HTML+before+React+loaded.%0A%0Ahttps%3A%2F%2Freact.dev%2Flink%2Fhydration-mismatch%0A%0A++...%0A++++%3CHotReload+assetPrefix%3D%22%22%3E%0A++++++%3CReactDevOverlay+state%3D%7B%7BnextId%3A1%2C+...%7D%7D+dispatcher%3D%7B%7B...%7D%... [truncated]
  response: {"originalStackFrame":{"file":"node_modules/next/dist/compiled/react-dom/cjs/react-dom-client.development.js","lineNumber":14349,"column":1,"methodName":"performWorkOnRoot","arguments":[],"ignored":true},"originalCodeFrame":null}
2026-02-26T19:54:18.774Z [network][GET 200] /__nextjs_original-stack-frame?isServer=false&isEdgeServer=false&isAppDirectory=true&errorMessage=Error%3A+A+tree+hydrated+but+some+attributes+of+the+server+rendered+HTML+didn%27t+match+the+client+properties.+This+won%27t+be+patched+up.+This+can+happen+if+a+SSR-ed+Client+Component+used%3A%0A%0A-+A+server%2Fclient+branch+%60if+%28typeof+window+%21%3D%3D+%27undefined%27%29%60.%0A-+Variable+input+such+as+%60Date.now%28%29%60+or+%60Math.random%28%29%60+which+changes+each+time+it%27s+called.%0A-+Date+formatting+in+a+user%27s+locale+which+doesn%27t+match+the+server.%0A-+External+changing+data+without+sending+a+snapshot+of+it+along+with+the+HTML.%0A-+Invalid+HTML+tag+nesting.%0A%0AIt+can+also+happen+if+the+client+has+a+browser+extension+installed+which+messes+with+the+HTML+before+React+loaded.%0A%0Ahttps%3A%2F%2Freact.dev%2Flink%2Fhydration-mismatch%0A%0A++...%0A++++%3CHotReload+assetPrefix%3D%22%22%3E%0A++++++%3CReactDevOverlay+state%3D%7B%7BnextId%3A1%2C+...%7D%7D+dispatcher%3D%7B%7B...%7D%... [truncated]
  response: {"originalStackFrame":{"file":"node_modules/next/dist/compiled/react-dom/cjs/react-dom-client.development.js","lineNumber":15057,"column":1,"methodName":"workLoopConcurrent","arguments":[],"ignored":true},"originalCodeFrame":null}
2026-02-26T19:54:18.774Z [network][GET 200] /__nextjs_original-stack-frame?isServer=false&isEdgeServer=false&isAppDirectory=true&errorMessage=Error%3A+A+tree+hydrated+but+some+attributes+of+the+server+rendered+HTML+didn%27t+match+the+client+properties.+This+won%27t+be+patched+up.+This+can+happen+if+a+SSR-ed+Client+Component+used%3A%0A%0A-+A+server%2Fclient+branch+%60if+%28typeof+window+%21%3D%3D+%27undefined%27%29%60.%0A-+Variable+input+such+as+%60Date.now%28%29%60+or+%60Math.random%28%29%60+which+changes+each+time+it%27s+called.%0A-+Date+formatting+in+a+user%27s+locale+which+doesn%27t+match+the+server.%0A-+External+changing+data+without+sending+a+snapshot+of+it+along+with+the+HTML.%0A-+Invalid+HTML+tag+nesting.%0A%0AIt+can+also+happen+if+the+client+has+a+browser+extension+installed+which+messes+with+the+HTML+before+React+loaded.%0A%0Ahttps%3A%2F%2Freact.dev%2Flink%2Fhydration-mismatch%0A%0A++...%0A++++%3CHotReload+assetPrefix%3D%22%22%3E%0A++++++%3CReactDevOverlay+state%3D%7B%7BnextId%3A1%2C+...%7D%7D+dispatcher%3D%7B%7B...%7D%... [truncated]
  response: {"originalStackFrame":{"file":"node_modules/next/dist/compiled/react-dom/cjs/react-dom-client.development.js","lineNumber":15032,"column":1,"methodName":"renderRootConcurrent","arguments":[],"ignored":true},"originalCodeFrame":null}
2026-02-26T19:54:18.843Z [network][GET 200] /__nextjs_original-stack-frame?isServer=false&isEdgeServer=false&isAppDirectory=true&errorMessage=Error%3A+A+tree+hydrated+but+some+attributes+of+the+server+rendered+HTML+didn%27t+match+the+client+properties.+This+won%27t+be+patched+up.+This+can+happen+if+a+SSR-ed+Client+Component+used%3A%0A%0A-+A+server%2Fclient+branch+%60if+%28typeof+window+%21%3D%3D+%27undefined%27%29%60.%0A-+Variable+input+such+as+%60Date.now%28%29%60+or+%60Math.random%28%29%60+which+changes+each+time+it%27s+called.%0A-+Date+formatting+in+a+user%27s+locale+which+doesn%27t+match+the+server.%0A-+External+changing+data+without+sending+a+snapshot+of+it+along+with+the+HTML.%0A-+Invalid+HTML+tag+nesting.%0A%0AIt+can+also+happen+if+the+client+has+a+browser+extension+installed+which+messes+with+the+HTML+before+React+loaded.%0A%0Ahttps%3A%2F%2Freact.dev%2Flink%2Fhydration-mismatch%0A%0A++...%0A++++%3CHotReload+assetPrefix%3D%22%22%3E%0A++++++%3CReactDevOverlay+state%3D%7B%7BnextId%3A1%2C+...%7D%7D+dispatcher%3D%7B%7B...%7D%... [truncated]
  response: {"originalStackFrame":{"file":"node_modules/next/dist/compiled/react-dom/cjs/react-dom-client.development.js","lineNumber":15954,"column":1,"methodName":"performWorkOnRootViaSchedulerTask","arguments":[],"ignored":true},"originalCodeFrame":null}
2026-02-26T19:54:18.894Z [network][GET 200] /__nextjs_original-stack-frame?isServer=false&isEdgeServer=false&isAppDirectory=true&errorMessage=Error%3A+A+tree+hydrated+but+some+attributes+of+the+server+rendered+HTML+didn%27t+match+the+client+properties.+This+won%27t+be+patched+up.+This+can+happen+if+a+SSR-ed+Client+Component+used%3A%0A%0A-+A+server%2Fclient+branch+%60if+%28typeof+window+%21%3D%3D+%27undefined%27%29%60.%0A-+Variable+input+such+as+%60Date.now%28%29%60+or+%60Math.random%28%29%60+which+changes+each+time+it%27s+called.%0A-+Date+formatting+in+a+user%27s+locale+which+doesn%27t+match+the+server.%0A-+External+changing+data+without+sending+a+snapshot+of+it+along+with+the+HTML.%0A-+Invalid+HTML+tag+nesting.%0A%0AIt+can+also+happen+if+the+client+has+a+browser+extension+installed+which+messes+with+the+HTML+before+React+loaded.%0A%0Ahttps%3A%2F%2Freact.dev%2Flink%2Fhydration-mismatch%0A%0A++...%0A++++%3CHotReload+assetPrefix%3D%22%22%3E%0A++++++%3CReactDevOverlay+state%3D%7B%7BnextId%3A1%2C+...%7D%7D+dispatcher%3D%7B%7B...%7D%... [truncated]
  response: {"originalStackFrame":{"file":"node_modules/next/dist/compiled/react-dom/cjs/react-dom-client.development.js","lineNumber":4299,"column":1,"methodName":"emitPendingHydrationWarnings","arguments":[],"ignored":true},"originalCodeFrame":null}
2026-02-26T19:54:18.905Z [network][GET 200] /__nextjs_original-stack-frame?isServer=false&isEdgeServer=false&isAppDirectory=true&errorMessage=Error%3A+A+tree+hydrated+but+some+attributes+of+the+server+rendered+HTML+didn%27t+match+the+client+properties.+This+won%27t+be+patched+up.+This+can+happen+if+a+SSR-ed+Client+Component+used%3A%0A%0A-+A+server%2Fclient+branch+%60if+%28typeof+window+%21%3D%3D+%27undefined%27%29%60.%0A-+Variable+input+such+as+%60Date.now%28%29%60+or+%60Math.random%28%29%60+which+changes+each+time+it%27s+called.%0A-+Date+formatting+in+a+user%27s+locale+which+doesn%27t+match+the+server.%0A-+External+changing+data+without+sending+a+snapshot+of+it+along+with+the+HTML.%0A-+Invalid+HTML+tag+nesting.%0A%0AIt+can+also+happen+if+the+client+has+a+browser+extension+installed+which+messes+with+the+HTML+before+React+loaded.%0A%0Ahttps%3A%2F%2Freact.dev%2Flink%2Fhydration-mismatch%0A%0A++...%0A++++%3CHotReload+assetPrefix%3D%22%22%3E%0A++++++%3CReactDevOverlay+state%3D%7B%7BnextId%3A1%2C+...%7D%7D+dispatcher%3D%7B%7B...%7D%... [truncated]
  response: {"originalStackFrame":{"file":"node_modules/next/dist/compiled/scheduler/cjs/scheduler.development.js","lineNumber":44,"column":1,"methodName":"MessagePort.performWorkUntilDeadline","arguments":[],"ignored":true},"originalCodeFrame":null}
2026-02-26T19:54:18.963Z [network][GET 200] /__nextjs_original-stack-frame?isServer=false&isEdgeServer=false&isAppDirectory=true&errorMessage=Error%3A+A+tree+hydrated+but+some+attributes+of+the+server+rendered+HTML+didn%27t+match+the+client+properties.+This+won%27t+be+patched+up.+This+can+happen+if+a+SSR-ed+Client+Component+used%3A%0A%0A-+A+server%2Fclient+branch+%60if+%28typeof+window+%21%3D%3D+%27undefined%27%29%60.%0A-+Variable+input+such+as+%60Date.now%28%29%60+or+%60Math.random%28%29%60+which+changes+each+time+it%27s+called.%0A-+Date+formatting+in+a+user%27s+locale+which+doesn%27t+match+the+server.%0A-+External+changing+data+without+sending+a+snapshot+of+it+along+with+the+HTML.%0A-+Invalid+HTML+tag+nesting.%0A%0AIt+can+also+happen+if+the+client+has+a+browser+extension+installed+which+messes+with+the+HTML+before+React+loaded.%0A%0Ahttps%3A%2F%2Freact.dev%2Flink%2Fhydration-mismatch%0A%0A++...%0A++++%3CHotReload+assetPrefix%3D%22%22%3E%0A++++++%3CReactDevOverlay+state%3D%7B%7BnextId%3A1%2C+...%7D%7D+dispatcher%3D%7B%7B...%7D%... [truncated]
  response: {"originalStackFrame":{"file":"<anonymous>","lineNumber":132,"column":36,"methodName":"console.error","ignored":false,"arguments":[]},"originalCodeFrame":null}
2026-02-26T19:54:18.964Z [network][GET 200] /__nextjs_original-stack-frame?isServer=false&isEdgeServer=false&isAppDirectory=true&errorMessage=Error%3A+A+tree+hydrated+but+some+attributes+of+the+server+rendered+HTML+didn%27t+match+the+client+properties.+This+won%27t+be+patched+up.+This+can+happen+if+a+SSR-ed+Client+Component+used%3A%0A%0A-+A+server%2Fclient+branch+%60if+%28typeof+window+%21%3D%3D+%27undefined%27%29%60.%0A-+Variable+input+such+as+%60Date.now%28%29%60+or+%60Math.random%28%29%60+which+changes+each+time+it%27s+called.%0A-+Date+formatting+in+a+user%27s+locale+which+doesn%27t+match+the+server.%0A-+External+changing+data+without+sending+a+snapshot+of+it+along+with+the+HTML.%0A-+Invalid+HTML+tag+nesting.%0A%0AIt+can+also+happen+if+the+client+has+a+browser+extension+installed+which+messes+with+the+HTML+before+React+loaded.%0A%0Ahttps%3A%2F%2Freact.dev%2Flink%2Fhydration-mismatch%0A%0A++...%0A++++%3CHotReload+assetPrefix%3D%22%22%3E%0A++++++%3CReactDevOverlay+state%3D%7B%7BnextId%3A1%2C+...%7D%7D+dispatcher%3D%7B%7B...%7D%... [truncated]
  response: {"originalStackFrame":{"file":"node_modules/next/dist/compiled/react-dom/cjs/react-dom-client.development.js","lineNumber":13610,"column":1,"methodName":"completeWork","arguments":[],"ignored":true},"originalCodeFrame":null}
2026-02-26T19:54:18.964Z [network][GET 200] /__nextjs_original-stack-frame?isServer=false&isEdgeServer=false&isAppDirectory=true&errorMessage=Error%3A+A+tree+hydrated+but+some+attributes+of+the+server+rendered+HTML+didn%27t+match+the+client+properties.+This+won%27t+be+patched+up.+This+can+happen+if+a+SSR-ed+Client+Component+used%3A%0A%0A-+A+server%2Fclient+branch+%60if+%28typeof+window+%21%3D%3D+%27undefined%27%29%60.%0A-+Variable+input+such+as+%60Date.now%28%29%60+or+%60Math.random%28%29%60+which+changes+each+time+it%27s+called.%0A-+Date+formatting+in+a+user%27s+locale+which+doesn%27t+match+the+server.%0A-+External+changing+data+without+sending+a+snapshot+of+it+along+with+the+HTML.%0A-+Invalid+HTML+tag+nesting.%0A%0AIt+can+also+happen+if+the+client+has+a+browser+extension+installed+which+messes+with+the+HTML+before+React+loaded.%0A%0Ahttps%3A%2F%2Freact.dev%2Flink%2Fhydration-mismatch%0A%0A++...%0A++++%3CHotReload+assetPrefix%3D%22%22%3E%0A++++++%3CReactDevOverlay+state%3D%7B%7BnextId%3A1%2C+...%7D%7D+dispatcher%3D%7B%7B...%7D%... [truncated]
  response: {"originalStackFrame":{"file":"node_modules/next/dist/compiled/react-dom/cjs/react-dom-client.development.js","lineNumber":543,"column":1,"methodName":"runWithFiberInDEV","arguments":[],"ignored":true},"originalCodeFrame":null}
2026-02-26T19:54:18.976Z [network][GET 200] /__nextjs_original-stack-frame?isServer=false&isEdgeServer=false&isAppDirectory=true&errorMessage=Error%3A+A+tree+hydrated+but+some+attributes+of+the+server+rendered+HTML+didn%27t+match+the+client+properties.+This+won%27t+be+patched+up.+This+can+happen+if+a+SSR-ed+Client+Component+used%3A%0A%0A-+A+server%2Fclient+branch+%60if+%28typeof+window+%21%3D%3D+%27undefined%27%29%60.%0A-+Variable+input+such+as+%60Date.now%28%29%60+or+%60Math.random%28%29%60+which+changes+each+time+it%27s+called.%0A-+Date+formatting+in+a+user%27s+locale+which+doesn%27t+match+the+server.%0A-+External+changing+data+without+sending+a+snapshot+of+it+along+with+the+HTML.%0A-+Invalid+HTML+tag+nesting.%0A%0AIt+can+also+happen+if+the+client+has+a+browser+extension+installed+which+messes+with+the+HTML+before+React+loaded.%0A%0Ahttps%3A%2F%2Freact.dev%2Flink%2Fhydration-mismatch%0A%0A++...%0A++++%3CHotReload+assetPrefix%3D%22%22%3E%0A++++++%3CReactDevOverlay+state%3D%7B%7BnextId%3A1%2C+...%7D%7D+dispatcher%3D%7B%7B...%7D%... [truncated]
  response: {"originalStackFrame":{"file":"../src/client/components/react-dev-overlay/internal/helpers/console-error.ts","lineNumber":14,"column":35,"methodName":"createUnhandledError","arguments":[],"ignored":true},"originalCodeFrame":"\u001b[0m \u001b[90m 12 |\u001b[39m \u001b[36mexport\u001b[39m \u001b[36mfunction\u001b[39m createUnhandledError(message\u001b[33m:\u001b[39m string \u001b[33m|\u001b[39m \u001b[33mError\u001b[39m)\u001b[33m:\u001b[39m \u001b[33mUnhandledError\u001b[39m {\u001b[0m\n\u001b[0m \u001b[90m 13 |\u001b[39m   \u001b[36mconst\u001b[39m error \u001b[33m=\u001b[39m (\u001b[0m\n\u001b[0m\u001b[31m\u001b[1m>\u001b[22m\u001b[39m\u001b[90m 14 |\u001b[39m     \u001b[36mtypeof\u001b[39m message \u001b[33m===\u001b[39m \u001b[32m'string'\u001b[39m \u001b[33m?\u001b[39m \u001b[36mnew\u001b[39m \u001b[33mError\u001b[39m(message) \u001b[33m:\u001b[39m message\u001b[0m\n\u001b[0m \u001b[90m    |\u001b[39m                                   \u001b[31m\u001b[1m^\u001b[22m\u001b[39m\u001b[0m\n\u001b[0m \u001b[90m 15 |\u001b[39m   ) \u001b[36mas\u001b[39m \u001b[33mUnhandledError\u001b[39m\u001b[0m\n\u001b[0m \u001b[90m 16 |\u001b[39m   error[digestSym] \u001b[33m=\u001b[39m \u001b[32m'NEXT_UNHANDLED_ERROR'\u001b[39m\u001b[0m\n\u001b[0m \u001b[90m 17 |\u001b[39m   error[consoleTypeSym] \u001b[33m=\u001b[39m \u001b[36mtypeof\u001b[39m message \u001b[33m===\u001b[39m \u001b[32m'string'\u001b[39m \u001b[33m?\u001b[39m \u001b[32m'string'\u001b[39m \u001b[33m:\u001b[39m \u001b[32m'error'\u001b[39m\u001b[0m"}
2026-02-26T19:54:18.977Z [network][GET 200] /__nextjs_original-stack-frame?isServer=false&isEdgeServer=false&isAppDirectory=true&errorMessage=Error%3A+A+tree+hydrated+but+some+attributes+of+the+server+rendered+HTML+didn%27t+match+the+client+properties.+This+won%27t+be+patched+up.+This+can+happen+if+a+SSR-ed+Client+Component+used%3A%0A%0A-+A+server%2Fclient+branch+%60if+%28typeof+window+%21%3D%3D+%27undefined%27%29%60.%0A-+Variable+input+such+as+%60Date.now%28%29%60+or+%60Math.random%28%29%60+which+changes+each+time+it%27s+called.%0A-+Date+formatting+in+a+user%27s+locale+which+doesn%27t+match+the+server.%0A-+External+changing+data+without+sending+a+snapshot+of+it+along+with+the+HTML.%0A-+Invalid+HTML+tag+nesting.%0A%0AIt+can+also+happen+if+the+client+has+a+browser+extension+installed+which+messes+with+the+HTML+before+React+loaded.%0A%0Ahttps%3A%2F%2Freact.dev%2Flink%2Fhydration-mismatch%0A%0A++...%0A++++%3CHotReload+assetPrefix%3D%22%22%3E%0A++++++%3CReactDevOverlay+state%3D%7B%7BnextId%3A1%2C+...%7D%7D+dispatcher%3D%7B%7B...%7D%... [truncated]
  response: {"originalStackFrame":{"file":"../src/client/components/react-dev-overlay/internal/helpers/use-error-handler.ts","lineNumber":30,"column":34,"methodName":"formattedErrorMessage","arguments":[],"ignored":true},"originalCodeFrame":"\u001b[0m \u001b[90m 28 |\u001b[39m     \u001b[90m// If it's not an error, format the args into an error\u001b[39m\u001b[0m\n\u001b[0m \u001b[90m 29 |\u001b[39m     \u001b[36mconst\u001b[39m formattedErrorMessage \u001b[33m=\u001b[39m formatConsoleArgs(consoleErrorArgs)\u001b[0m\n\u001b[0m\u001b[31m\u001b[1m>\u001b[22m\u001b[39m\u001b[90m 30 |\u001b[39m     error \u001b[33m=\u001b[39m createUnhandledError(formattedErrorMessage)\u001b[0m\n\u001b[0m \u001b[90m    |\u001b[39m                                  \u001b[31m\u001b[1m^\u001b[22m\u001b[39m\u001b[0m\n\u001b[0m \u001b[90m 31 |\u001b[39m   } \u001b[36melse\u001b[39m {\u001b[0m\n\u001b[0m \u001b[90m 32 |\u001b[39m     error \u001b[33m=\u001b[39m capturedFromConsole\u001b[0m\n\u001b[0m \u001b[90m 33 |\u001b[39m       \u001b[33m?\u001b[39m createUnhandledError(originError)\u001b[0m"}
2026-02-26T19:54:18.977Z [network][GET 200] /__nextjs_original-stack-frame?isServer=false&isEdgeServer=false&isAppDirectory=true&errorMessage=Error%3A+A+tree+hydrated+but+some+attributes+of+the+server+rendered+HTML+didn%27t+match+the+client+properties.+This+won%27t+be+patched+up.+This+can+happen+if+a+SSR-ed+Client+Component+used%3A%0A%0A-+A+server%2Fclient+branch+%60if+%28typeof+window+%21%3D%3D+%27undefined%27%29%60.%0A-+Variable+input+such+as+%60Date.now%28%29%60+or+%60Math.random%28%29%60+which+changes+each+time+it%27s+called.%0A-+Date+formatting+in+a+user%27s+locale+which+doesn%27t+match+the+server.%0A-+External+changing+data+without+sending+a+snapshot+of+it+along+with+the+HTML.%0A-+Invalid+HTML+tag+nesting.%0A%0AIt+can+also+happen+if+the+client+has+a+browser+extension+installed+which+messes+with+the+HTML+before+React+loaded.%0A%0Ahttps%3A%2F%2Freact.dev%2Flink%2Fhydration-mismatch%0A%0A++...%0A++++%3CHotReload+assetPrefix%3D%22%22%3E%0A++++++%3CReactDevOverlay+state%3D%7B%7BnextId%3A1%2C+...%7D%7D+dispatcher%3D%7B%7B...%7D%... [truncated]
  response: {"originalStackFrame":{"file":"../src/client/components/globals/intercept-console-error.ts","lineNumber":32,"column":11,"methodName":"console.error","arguments":[],"ignored":true},"originalCodeFrame":"\u001b[0m \u001b[90m 30 |\u001b[39m       \u001b[36mif\u001b[39m (process\u001b[33m.\u001b[39menv\u001b[33m.\u001b[39m\u001b[33mNODE_ENV\u001b[39m \u001b[33m!==\u001b[39m \u001b[32m'production'\u001b[39m) {\u001b[0m\n\u001b[0m \u001b[90m 31 |\u001b[39m         handleClientError(\u001b[0m\n\u001b[0m\u001b[31m\u001b[1m>\u001b[22m\u001b[39m\u001b[90m 32 |\u001b[39m           \u001b[90m// replayed errors have their own complex format string that should be used,\u001b[39m\u001b[0m\n\u001b[0m \u001b[90m    |\u001b[39m           \u001b[31m\u001b[1m^\u001b[22m\u001b[39m\u001b[0m\n\u001b[0m \u001b[90m 33 |\u001b[39m           \u001b[90m// but if we pass the error directly, `handleClientError` will ignore it\u001b[39m\u001b[0m\n\u001b[0m \u001b[90m 34 |\u001b[39m           maybeError\u001b[33m,\u001b[39m\u001b[0m\n\u001b[0m \u001b[90m 35 |\u001b[39m           args\u001b[33m,\u001b[39m\u001b[0m"}
2026-02-26T19:54:18.977Z [network][GET 200] /__nextjs_original-stack-frame?isServer=false&isEdgeServer=false&isAppDirectory=true&errorMessage=Error%3A+A+tree+hydrated+but+some+attributes+of+the+server+rendered+HTML+didn%27t+match+the+client+properties.+This+won%27t+be+patched+up.+This+can+happen+if+a+SSR-ed+Client+Component+used%3A%0A%0A-+A+server%2Fclient+branch+%60if+%28typeof+window+%21%3D%3D+%27undefined%27%29%60.%0A-+Variable+input+such+as+%60Date.now%28%29%60+or+%60Math.random%28%29%60+which+changes+each+time+it%27s+called.%0A-+Date+formatting+in+a+user%27s+locale+which+doesn%27t+match+the+server.%0A-+External+changing+data+without+sending+a+snapshot+of+it+along+with+the+HTML.%0A-+Invalid+HTML+tag+nesting.%0A%0AIt+can+also+happen+if+the+client+has+a+browser+extension+installed+which+messes+with+the+HTML+before+React+loaded.%0A%0Ahttps%3A%2F%2Freact.dev%2Flink%2Fhydration-mismatch%0A%0A++...%0A++++%3CHotReload+assetPrefix%3D%22%22%3E%0A++++++%3CReactDevOverlay+state%3D%7B%7BnextId%3A1%2C+...%7D%7D+dispatcher%3D%7B%7B...%7D%... [truncated]
  response: {"originalStackFrame":{"file":"node_modules/next/dist/compiled/react-dom/cjs/react-dom-client.development.js","lineNumber":15080,"column":1,"methodName":"performUnitOfWork","arguments":[],"ignored":true},"originalCodeFrame":null}
2026-02-26T19:54:18.991Z [network][GET 200] /__nextjs_original-stack-frame?isServer=false&isEdgeServer=false&isAppDirectory=true&errorMessage=Error%3A+A+tree+hydrated+but+some+attributes+of+the+server+rendered+HTML+didn%27t+match+the+client+properties.+This+won%27t+be+patched+up.+This+can+happen+if+a+SSR-ed+Client+Component+used%3A%0A%0A-+A+server%2Fclient+branch+%60if+%28typeof+window+%21%3D%3D+%27undefined%27%29%60.%0A-+Variable+input+such+as+%60Date.now%28%29%60+or+%60Math.random%28%29%60+which+changes+each+time+it%27s+called.%0A-+Date+formatting+in+a+user%27s+locale+which+doesn%27t+match+the+server.%0A-+External+changing+data+without+sending+a+snapshot+of+it+along+with+the+HTML.%0A-+Invalid+HTML+tag+nesting.%0A%0AIt+can+also+happen+if+the+client+has+a+browser+extension+installed+which+messes+with+the+HTML+before+React+loaded.%0A%0Ahttps%3A%2F%2Freact.dev%2Flink%2Fhydration-mismatch%0A%0A++...%0A++++%3CHotReload+assetPrefix%3D%22%22%3E%0A++++++%3CReactDevOverlay+state%3D%7B%7BnextId%3A1%2C+...%7D%7D+dispatcher%3D%7B%7B...%7D%... [truncated]
  response: {"originalStackFrame":{"file":"node_modules/next/dist/compiled/react-dom/cjs/react-dom-client.development.js","lineNumber":15057,"column":1,"methodName":"workLoopConcurrent","arguments":[],"ignored":true},"originalCodeFrame":null}
2026-02-26T19:54:18.991Z [network][GET 200] /__nextjs_original-stack-frame?isServer=false&isEdgeServer=false&isAppDirectory=true&errorMessage=Error%3A+A+tree+hydrated+but+some+attributes+of+the+server+rendered+HTML+didn%27t+match+the+client+properties.+This+won%27t+be+patched+up.+This+can+happen+if+a+SSR-ed+Client+Component+used%3A%0A%0A-+A+server%2Fclient+branch+%60if+%28typeof+window+%21%3D%3D+%27undefined%27%29%60.%0A-+Variable+input+such+as+%60Date.now%28%29%60+or+%60Math.random%28%29%60+which+changes+each+time+it%27s+called.%0A-+Date+formatting+in+a+user%27s+locale+which+doesn%27t+match+the+server.%0A-+External+changing+data+without+sending+a+snapshot+of+it+along+with+the+HTML.%0A-+Invalid+HTML+tag+nesting.%0A%0AIt+can+also+happen+if+the+client+has+a+browser+extension+installed+which+messes+with+the+HTML+before+React+loaded.%0A%0Ahttps%3A%2F%2Freact.dev%2Flink%2Fhydration-mismatch%0A%0A++...%0A++++%3CHotReload+assetPrefix%3D%22%22%3E%0A++++++%3CReactDevOverlay+state%3D%7B%7BnextId%3A1%2C+...%7D%7D+dispatcher%3D%7B%7B...%7D%... [truncated]
  response: {"originalStackFrame":{"file":"node_modules/next/dist/compiled/react-dom/cjs/react-dom-client.development.js","lineNumber":15199,"column":1,"methodName":"completeUnitOfWork","arguments":[],"ignored":true},"originalCodeFrame":null}
2026-02-26T19:54:19.010Z [network][GET 200] /__nextjs_original-stack-frame?isServer=false&isEdgeServer=false&isAppDirectory=true&errorMessage=Error%3A+A+tree+hydrated+but+some+attributes+of+the+server+rendered+HTML+didn%27t+match+the+client+properties.+This+won%27t+be+patched+up.+This+can+happen+if+a+SSR-ed+Client+Component+used%3A%0A%0A-+A+server%2Fclient+branch+%60if+%28typeof+window+%21%3D%3D+%27undefined%27%29%60.%0A-+Variable+input+such+as+%60Date.now%28%29%60+or+%60Math.random%28%29%60+which+changes+each+time+it%27s+called.%0A-+Date+formatting+in+a+user%27s+locale+which+doesn%27t+match+the+server.%0A-+External+changing+data+without+sending+a+snapshot+of+it+along+with+the+HTML.%0A-+Invalid+HTML+tag+nesting.%0A%0AIt+can+also+happen+if+the+client+has+a+browser+extension+installed+which+messes+with+the+HTML+before+React+loaded.%0A%0Ahttps%3A%2F%2Freact.dev%2Flink%2Fhydration-mismatch%0A%0A++...%0A++++%3CHotReload+assetPrefix%3D%22%22%3E%0A++++++%3CReactDevOverlay+state%3D%7B%7BnextId%3A1%2C+...%7D%7D+dispatcher%3D%7B%7B...%7D%... [truncated]
  response: {"originalStackFrame":{"file":"node_modules/next/dist/compiled/react-dom/cjs/react-dom-client.development.js","lineNumber":15032,"column":1,"methodName":"renderRootConcurrent","arguments":[],"ignored":true},"originalCodeFrame":null}
2026-02-26T19:54:19.011Z [network][GET 200] /__nextjs_original-stack-frame?isServer=false&isEdgeServer=false&isAppDirectory=true&errorMessage=Error%3A+A+tree+hydrated+but+some+attributes+of+the+server+rendered+HTML+didn%27t+match+the+client+properties.+This+won%27t+be+patched+up.+This+can+happen+if+a+SSR-ed+Client+Component+used%3A%0A%0A-+A+server%2Fclient+branch+%60if+%28typeof+window+%21%3D%3D+%27undefined%27%29%60.%0A-+Variable+input+such+as+%60Date.now%28%29%60+or+%60Math.random%28%29%60+which+changes+each+time+it%27s+called.%0A-+Date+formatting+in+a+user%27s+locale+which+doesn%27t+match+the+server.%0A-+External+changing+data+without+sending+a+snapshot+of+it+along+with+the+HTML.%0A-+Invalid+HTML+tag+nesting.%0A%0AIt+can+also+happen+if+the+client+has+a+browser+extension+installed+which+messes+with+the+HTML+before+React+loaded.%0A%0Ahttps%3A%2F%2Freact.dev%2Flink%2Fhydration-mismatch%0A%0A++...%0A++++%3CHotReload+assetPrefix%3D%22%22%3E%0A++++++%3CReactDevOverlay+state%3D%7B%7BnextId%3A1%2C+...%7D%7D+dispatcher%3D%7B%7B...%7D%... [truncated]
  response: {"originalStackFrame":{"file":"node_modules/next/dist/compiled/react-dom/cjs/react-dom-client.development.js","lineNumber":14349,"column":1,"methodName":"performWorkOnRoot","arguments":[],"ignored":true},"originalCodeFrame":null}
2026-02-26T19:54:19.011Z [network][GET 200] /__nextjs_original-stack-frame?isServer=false&isEdgeServer=false&isAppDirectory=true&errorMessage=Error%3A+A+tree+hydrated+but+some+attributes+of+the+server+rendered+HTML+didn%27t+match+the+client+properties.+This+won%27t+be+patched+up.+This+can+happen+if+a+SSR-ed+Client+Component+used%3A%0A%0A-+A+server%2Fclient+branch+%60if+%28typeof+window+%21%3D%3D+%27undefined%27%29%60.%0A-+Variable+input+such+as+%60Date.now%28%29%60+or+%60Math.random%28%29%60+which+changes+each+time+it%27s+called.%0A-+Date+formatting+in+a+user%27s+locale+which+doesn%27t+match+the+server.%0A-+External+changing+data+without+sending+a+snapshot+of+it+along+with+the+HTML.%0A-+Invalid+HTML+tag+nesting.%0A%0AIt+can+also+happen+if+the+client+has+a+browser+extension+installed+which+messes+with+the+HTML+before+React+loaded.%0A%0Ahttps%3A%2F%2Freact.dev%2Flink%2Fhydration-mismatch%0A%0A++...%0A++++%3CHotReload+assetPrefix%3D%22%22%3E%0A++++++%3CReactDevOverlay+state%3D%7B%7BnextId%3A1%2C+...%7D%7D+dispatcher%3D%7B%7B...%7D%... [truncated]
  response: {"originalStackFrame":{"file":"node_modules/next/dist/compiled/react-dom/cjs/react-dom-client.development.js","lineNumber":15954,"column":1,"methodName":"performWorkOnRootViaSchedulerTask","arguments":[],"ignored":true},"originalCodeFrame":null}
2026-02-26T19:54:19.011Z [network][GET 200] /__nextjs_original-stack-frame?isServer=false&isEdgeServer=false&isAppDirectory=true&errorMessage=Error%3A+A+tree+hydrated+but+some+attributes+of+the+server+rendered+HTML+didn%27t+match+the+client+properties.+This+won%27t+be+patched+up.+This+can+happen+if+a+SSR-ed+Client+Component+used%3A%0A%0A-+A+server%2Fclient+branch+%60if+%28typeof+window+%21%3D%3D+%27undefined%27%29%60.%0A-+Variable+input+such+as+%60Date.now%28%29%60+or+%60Math.random%28%29%60+which+changes+each+time+it%27s+called.%0A-+Date+formatting+in+a+user%27s+locale+which+doesn%27t+match+the+server.%0A-+External+changing+data+without+sending+a+snapshot+of+it+along+with+the+HTML.%0A-+Invalid+HTML+tag+nesting.%0A%0AIt+can+also+happen+if+the+client+has+a+browser+extension+installed+which+messes+with+the+HTML+before+React+loaded.%0A%0Ahttps%3A%2F%2Freact.dev%2Flink%2Fhydration-mismatch%0A%0A++...%0A++++%3CHotReload+assetPrefix%3D%22%22%3E%0A++++++%3CReactDevOverlay+state%3D%7B%7BnextId%3A1%2C+...%7D%7D+dispatcher%3D%7B%7B...%7D%... [truncated]
  response: {"originalStackFrame":{"file":"node_modules/next/dist/compiled/scheduler/cjs/scheduler.development.js","lineNumber":44,"column":1,"methodName":"MessagePort.performWorkUntilDeadline","arguments":[],"ignored":true},"originalCodeFrame":null}
2026-02-26T19:58:21.506Z [console][log] [Fast Refresh] rebuilding
2026-02-26T19:58:21.549Z [console][log] [Fast Refresh] done in 43ms
2026-02-26T19:58:22.354Z [console][log] [Fast Refresh] done in 848ms
2026-02-26T19:58:22.626Z [console][debug] __ORCHIDS_NAVIGATE__ http://localhost:3000/
2026-02-26T19:58:34.839Z [console][log] [Fast Refresh] rebuilding
2026-02-26T19:58:36.868Z [console][log] [Fast Refresh] done in 2029ms
2026-02-26T19:58:37.492Z [console][debug] __ORCHIDS_NAVIGATE__ http://localhost:3000/
2026-02-26T19:58:45.279Z [console][log] [Fast Refresh] rebuilding
2026-02-26T19:58:47.326Z [console][log] [Fast Refresh] done in 2046ms
2026-02-26T19:58:49.316Z [console][debug] __ORCHIDS_NAVIGATE__ http://localhost:3000/
2026-02-26T19:57:57.170Z [network][GET 200] /_next/static/webpack/6688bbb68377daee.webpack.hot-update.json
  response: {"c":["app/layout","webpack"],"r":[],"m":[]}
2026-02-26T19:57:57.777Z [network][GET 200] /_next/static/webpack/a38d8a3c1d279db3.webpack.hot-update.json
  response: {"c":["app/layout","webpack"],"r":[],"m":[]}
2026-02-26T19:57:58.022Z [network][GET 200] 
  response: 1:"$Sreact.fragment"
3:I["(app-pages-browser)/./node_modules/next/dist/client/components/layout-router.js",["app-pages-internals","static/chunks/app-pages-internals.js"],""]
4:I["(app-pages-browser)/./node_modules/next/dist/client/components/render-from-template-context.js",["app-pages-internals","static/chunks/app-pages-internals.js"],""]
6:I["(app-pages-browser)/./node_modules/next/dist/client/script.js",["app/layout","static/chunks/app/layout.js"],""]
7:I["(app-pages-browser)/./src/components/ErrorReporter.tsx",["app/layout","static/chunks/app/layout.js"],"default"]
8:I["(app-pages-browser)/./src/components/pixel-provider.tsx",["app/layout","static/chunks/app/layout.js"],"PixelProvider"]
c:I["(app-pages-browser)/./src/visual-edits/VisualEditsMessenger.tsx",["app/layout","static/chunks/app/layout.js"],"default"]
d:I["(app-pages-browser)/./node_modules/next/dist/client/components/client-page.js",["app-pages-internals","static/chunks/app-pages-internals.js"],"ClientPageRoot"]
e:I["(app-pages-browser)/./src/app/page.tsx",["app/page","static/chunks/app/page.js"],"default"]
f:I["(app-pages-browser)/./node_modules/next/dist/lib/metadata/metadata-boundary.js",["app-pages-internals","static/chunks/app-pages-internals.js"],"OutletBoundary"]
13:I["(app-pages-browser)/./src/app/global-error.tsx",["app/global-error","static/chunks/app/global-error.js"],"default"]
14:I["(app-pages-browser)/./node_modules/next/dist/client/components/client-segment.js",["app-pages-internals","static/chunks/app-pages-internals.js"],"ClientSegmentRoot"]
15:I["(app-pages-browser)/./node_modules/next/dist/client/components/http-access-fallback/error-boundary.js",["app-pages-internals","static/chunks/app-pages-internals.js"],"HTTPAccessFallbackBoundary"]
16:I["(app-pages-browser)/./node_modules/next/dist/lib/metadata/metadata-boundary.js",["app-pages-internals","static/chunks/app-pages-internals.js"],"MetadataBoundary"]
17:I["(app-pages-browser)/./node_modules/next/dist/lib/metadata/metadata-boundary... [truncated]
2026-02-26T19:58:21.523Z [network][GET 200] /_next/static/webpack/f88484ac34d8be62.webpack.hot-update.json
  response: {"c":["app/layout","webpack"],"r":[],"m":[]}
2026-02-26T19:58:22.323Z [network][GET 200] /_next/static/webpack/9f99b84d92c80374.webpack.hot-update.json
  response: {"c":["app/layout","webpack"],"r":[],"m":[]}
2026-02-26T19:58:22.580Z [network][GET 200] 
  response: 1:"$Sreact.fragment"
3:I["(app-pages-browser)/./node_modules/next/dist/client/components/layout-router.js",["app-pages-internals","static/chunks/app-pages-internals.js"],""]
4:I["(app-pages-browser)/./node_modules/next/dist/client/components/render-from-template-context.js",["app-pages-internals","static/chunks/app-pages-internals.js"],""]
6:I["(app-pages-browser)/./node_modules/next/dist/client/script.js",["app/layout","static/chunks/app/layout.js"],""]
7:I["(app-pages-browser)/./src/components/ErrorReporter.tsx",["app/layout","static/chunks/app/layout.js"],"default"]
8:I["(app-pages-browser)/./src/components/pixel-provider.tsx",["app/layout","static/chunks/app/layout.js"],"PixelProvider"]
c:I["(app-pages-browser)/./src/visual-edits/VisualEditsMessenger.tsx",["app/layout","static/chunks/app/layout.js"],"default"]
d:I["(app-pages-browser)/./node_modules/next/dist/client/components/client-page.js",["app-pages-internals","static/chunks/app-pages-internals.js"],"ClientPageRoot"]
e:I["(app-pages-browser)/./src/app/page.tsx",["app/page","static/chunks/app/page.js"],"default"]
f:I["(app-pages-browser)/./node_modules/next/dist/lib/metadata/metadata-boundary.js",["app-pages-internals","static/chunks/app-pages-internals.js"],"OutletBoundary"]
13:I["(app-pages-browser)/./src/app/global-error.tsx",["app/global-error","static/chunks/app/global-error.js"],"default"]
14:I["(app-pages-browser)/./node_modules/next/dist/client/components/client-segment.js",["app-pages-internals","static/chunks/app-pages-internals.js"],"ClientSegmentRoot"]
15:I["(app-pages-browser)/./node_modules/next/dist/client/components/http-access-fallback/error-boundary.js",["app-pages-internals","static/chunks/app-pages-internals.js"],"HTTPAccessFallbackBoundary"]
16:I["(app-pages-browser)/./node_modules/next/dist/lib/metadata/metadata-boundary.js",["app-pages-internals","static/chunks/app-pages-internals.js"],"MetadataBoundary"]
17:I["(app-pages-browser)/./node_modules/next/dist/lib/metadata/metadata-boundary... [truncated]
2026-02-26T19:58:36.813Z [network][GET 200] /_next/static/webpack/aa36cc127a9a296d.webpack.hot-update.json
  response: {"c":["app/layout","webpack"],"r":[],"m":[]}
2026-02-26T19:58:37.389Z [network][GET 200] 
  response: 1:"$Sreact.fragment"
3:I["(app-pages-browser)/./node_modules/next/dist/client/components/layout-router.js",["app-pages-internals","static/chunks/app-pages-internals.js"],""]
4:I["(app-pages-browser)/./node_modules/next/dist/client/components/render-from-template-context.js",["app-pages-internals","static/chunks/app-pages-internals.js"],""]
7:I["(app-pages-browser)/./node_modules/next/dist/client/script.js",["app/layout","static/chunks/app/layout.js"],""]
8:I["(app-pages-browser)/./src/components/ErrorReporter.tsx",["app/layout","static/chunks/app/layout.js"],"default"]
9:I["(app-pages-browser)/./src/components/pixel-provider.tsx",["app/layout","static/chunks/app/layout.js"],"PixelProvider"]
d:I["(app-pages-browser)/./src/visual-edits/VisualEditsMessenger.tsx",["app/layout","static/chunks/app/layout.js"],"default"]
e:I["(app-pages-browser)/./node_modules/next/dist/client/components/client-page.js",["app-pages-internals","static/chunks/app-pages-internals.js"],"ClientPageRoot"]
f:I["(app-pages-browser)/./src/app/page.tsx",["app/page","static/chunks/app/page.js"],"default"]
10:I["(app-pages-browser)/./node_modules/next/dist/lib/metadata/metadata-boundary.js",["app-pages-internals","static/chunks/app-pages-internals.js"],"OutletBoundary"]
14:I["(app-pages-browser)/./src/app/global-error.tsx",["app/global-error","static/chunks/app/global-error.js"],"default"]
15:I["(app-pages-browser)/./node_modules/next/dist/client/components/client-segment.js",["app-pages-internals","static/chunks/app-pages-internals.js"],"ClientSegmentRoot"]
16:I["(app-pages-browser)/./node_modules/next/dist/client/components/http-access-fallback/error-boundary.js",["app-pages-internals","static/chunks/app-pages-internals.js"],"HTTPAccessFallbackBoundary"]
17:I["(app-pages-browser)/./node_modules/next/dist/lib/metadata/metadata-boundary.js",["app-pages-internals","static/chunks/app-pages-internals.js"],"MetadataBoundary"]
18:I["(app-pages-browser)/./node_modules/next/dist/lib/metadata/metadata-boundar... [truncated]
2026-02-26T19:58:47.289Z [network][GET 200] /_next/static/webpack/22f68616d8f5d1e0.webpack.hot-update.json
  response: {"c":["app/layout","webpack"],"r":[],"m":[]}
2026-02-26T19:58:49.205Z [network][GET 200] 
  response: 1:"$Sreact.fragment"
3:I["(app-pages-browser)/./node_modules/next/dist/client/components/layout-router.js",["app-pages-internals","static/chunks/app-pages-internals.js"],""]
4:I["(app-pages-browser)/./node_modules/next/dist/client/components/render-from-template-context.js",["app-pages-internals","static/chunks/app-pages-internals.js"],""]
7:I["(app-pages-browser)/./node_modules/next/dist/client/script.js",["app/layout","static/chunks/app/layout.js"],""]
8:I["(app-pages-browser)/./src/components/ErrorReporter.tsx",["app/layout","static/chunks/app/layout.js"],"default"]
9:I["(app-pages-browser)/./src/components/pixel-provider.tsx",["app/layout","static/chunks/app/layout.js"],"PixelProvider"]
d:I["(app-pages-browser)/./src/visual-edits/VisualEditsMessenger.tsx",["app/layout","static/chunks/app/layout.js"],"default"]
e:I["(app-pages-browser)/./node_modules/next/dist/client/components/client-page.js",["app-pages-internals","static/chunks/app-pages-internals.js"],"ClientPageRoot"]
f:I["(app-pages-browser)/./src/app/page.tsx",["app/page","static/chunks/app/page.js"],"default"]
10:I["(app-pages-browser)/./node_modules/next/dist/lib/metadata/metadata-boundary.js",["app-pages-internals","static/chunks/app-pages-internals.js"],"OutletBoundary"]
14:I["(app-pages-browser)/./src/app/global-error.tsx",["app/global-error","static/chunks/app/global-error.js"],"default"]
15:I["(app-pages-browser)/./node_modules/next/dist/client/components/client-segment.js",["app-pages-internals","static/chunks/app-pages-internals.js"],"ClientSegmentRoot"]
16:I["(app-pages-browser)/./node_modules/next/dist/client/components/http-access-fallback/error-boundary.js",["app-pages-internals","static/chunks/app-pages-internals.js"],"HTTPAccessFallbackBoundary"]
17:I["(app-pages-browser)/./node_modules/next/dist/lib/metadata/metadata-boundary.js",["app-pages-internals","static/chunks/app-pages-internals.js"],"MetadataBoundary"]
18:I["(app-pages-browser)/./node_modules/next/dist/lib/metadata/metadata-boundar... [truncated]
2026-02-26T20:01:46.943Z [console][warn] [Fast Refresh] done in 8853ms
2026-02-27T22:02:21.840Z [console][warn] %cDownload the React DevTools for a better development experience: https://react.dev/link/react-devtools font-weight:bold
2026-02-27T22:02:22.504Z [console][error] A tree hydrated but some attributes of the server rendered HTML didn't match the client properties. This won't be patched up. This can happen if a SSR-ed Client Component used:

- A server/client branch `if (typeof window !== 'undefined')`.
- Variable input such as `Date.now()` or `Math.random()` which changes each time it's called.
- Date formatting in a user's locale which doesn't match the server.
- External changing data without sending a snapshot of it along with the HTML.
- Invalid HTML tag nesting.

It can also happen if the client has a browser extension installed which messes with the HTML before React loaded.

%s%s https://react.dev/link/hydration-mismatch 

  ...
    <HotReload assetPrefix="">
      <ReactDevOverlay state={{nextId:1, ...}} dispatcher={{...}}>
        <DevRootHTTPAccessFallbackBoundary>
          <HTTPAccessFallbackBoundary notFound={<NotAllowedRootHTTPFallbackError>}>
            <HTTPAccessFallbackErrorBoundary pathname="/" notFound={<NotAllowedRootHTTPFallbackError>} ...>
              <RedirectBoundary>
                <RedirectErrorBoundary router={{...}}>
                  <Head>
                  <link>
                  <RootLayout>
                    <html lang="pt-BR">
                      <head>
                        <link>
                        <link>
                        <link>
                        <link>
                        <link>
                        <link>
                        <script>
                        <script>
                        <script>
                        <script
                          dangerouslySetInnerHTML={{
+                           __html: "window.addEventListener('load', function(){ \n              if(typeof digistorePr..."
-                           __html: ""
                          }}
-                         src="//www.digistore24.com/webinc/badge/build/v1.0.2/loader.js"
                        >
                      ...
                  ...
        ...

2026-02-27T22:02:22.509Z [console][log] __ORCHIDS_NAVIGATE__ http://localhost:3000/
2026-02-27T22:02:23.179Z [console][error] A tree hydrated but some attributes of the server rendered HTML didn't match the client properties. This won't be patched up. This can happen if a SSR-ed Client Component used:

- A server/client branch `if (typeof window !== 'undefined')`.
- Variable input such as `Date.now()` or `Math.random()` which changes each time it's called.
- Date formatting in a user's locale which doesn't match the server.
- External changing data without sending a snapshot of it along with the HTML.
- Invalid HTML tag nesting.

It can also happen if the client has a browser extension installed which messes with the HTML before React loaded.

%s%s https://react.dev/link/hydration-mismatch 

  ...
    <ErrorBoundary errorComponent={undefined} errorStyles={undefined} errorScripts={undefined}>
      <LoadingBoundary loading={null}>
        <HTTPAccessFallbackBoundary notFound={[...]} forbidden={undefined} unauthorized={undefined}>
          <HTTPAccessFallbackErrorBoundary pathname="/" notFound={[...]} forbidden={undefined} unauthorized={undefined} ...>
            <RedirectBoundary>
              <RedirectErrorBoundary router={{...}}>
                <InnerLayoutRouter parallelRouterKey="children" url="/" tree={[...]} childNodes={Map} segmentPath={[...]} ...>
                  <ClientPageRoot Component={function Home} searchParams={{}} params={{}}>
                    <Home params={Promise} searchParams={Promise}>
                      <main className="min-h-scre...">
                        <HeroSection>
                          <section className="relative f...">
                            <div>
                            <h1>
                            <p>
                            <div>
                            <div className="w-full max...">
                              <div>
                              <p>
                              <p>
                              <p>
                              <a
+                               href="https://www.checkout-ds24.com/product/670107"
-                               href={"https://www.checkout-ds24.com/product/670107?cid=1770994886602_17709954190034&..."}
                                className="w-full h-[56px] inline-flex items-center justify-center gap-2 bg-[#22c55e] ..."
                              >
                              ...
                            ...
                        <ReviewsCarousel>
                          <section id="sec-prova-..." className="jsx-e4c0ee...">
                            <div className="jsx-e4c0ee...">
                              <div>
                              <div>
                              <div className="jsx-e4c0ee...">
                                <a
+                                 href="https://www.checkout-ds24.com/product/670107"
-                                 href={"https://www.checkout-ds24.com/product/670107?cid=1770994886602_1770995419003..."}
                                  className="jsx-e4c0ee4aadd7f829 inline-flex items-center justify-center px-10 py-5 b..."
                                >
+                                 APROVEITAR OFERTA AGORA
                            ...
                        <SegredoRevelado>
                          <section className="py-[80px] ...">
                            <div className="container ...">
                              <div>
                              <div>
                              <div className="flex justi...">
                                <a
+                                 href="#pricing"
-                                 href={"http://localhost:3000/?cid=1770994886602_17709954190034&utm_source=direto#pr..."}
                                  className="group btn-primary bg-[#22c55e] text-[#05070a] text-[1rem] font-bold upper..."
                                >
+                                 QUERO O MEU ACESSO COM DESCONTO
                        <BonusInclusos>
                          <section className="py-[80px] ...">
 ... [truncated]
2026-02-27T22:02:23.488Z [console][error] A tree hydrated but some attributes of the server rendered HTML didn't match the client properties. This won't be patched up. This can happen if a SSR-ed Client Component used:

- A server/client branch `if (typeof window !== 'undefined')`.
- Variable input such as `Date.now()` or `Math.random()` which changes each time it's called.
- Date formatting in a user's locale which doesn't match the server.
- External changing data without sending a snapshot of it along with the HTML.
- Invalid HTML tag nesting.

It can also happen if the client has a browser extension installed which messes with the HTML before React loaded.

%s%s https://react.dev/link/hydration-mismatch 

  ...
    <ErrorBoundary errorComponent={undefined} errorStyles={undefined} errorScripts={undefined}>
      <LoadingBoundary loading={null}>
        <HTTPAccessFallbackBoundary notFound={[...]} forbidden={undefined} unauthorized={undefined}>
          <HTTPAccessFallbackErrorBoundary pathname="/" notFound={[...]} forbidden={undefined} unauthorized={undefined} ...>
            <RedirectBoundary>
              <RedirectErrorBoundary router={{...}}>
                <InnerLayoutRouter parallelRouterKey="children" url="/" tree={[...]} childNodes={Map} segmentPath={[...]} ...>
                  <ClientPageRoot Component={function Home} searchParams={{}} params={{}}>
                    <Home params={Promise} searchParams={Promise}>
                      <main className="min-h-scre...">
                        <HeroSection>
                          <section className="relative f...">
                            <div>
                            <h1>
                            <p>
                            <div>
                            <div className="w-full max...">
                              <div>
                              <p>
                              <p>
                              <p>
                              <a
+                               href="https://www.checkout-ds24.com/product/670107"
-                               href={"https://www.checkout-ds24.com/product/670107?cid=1770994886602_17709954190034&..."}
                                className="w-full h-[56px] inline-flex items-center justify-center gap-2 bg-[#22c55e] ..."
                              >
                              ...
                            ...
                        <ReviewsCarousel>
                          <section id="sec-prova-..." className="jsx-e4c0ee...">
                            <div className="jsx-e4c0ee...">
                              <div>
                              <div>
                              <div className="jsx-e4c0ee...">
                                <a
+                                 href="https://www.checkout-ds24.com/product/670107"
-                                 href={"https://www.checkout-ds24.com/product/670107?cid=1770994886602_1770995419003..."}
                                  className="jsx-e4c0ee4aadd7f829 inline-flex items-center justify-center px-10 py-5 b..."
                                >
+                                 APROVEITAR OFERTA AGORA
                            ...
                        <SegredoRevelado>
                          <section className="py-[80px] ...">
                            <div className="container ...">
                              <div>
                              <div>
                              <div className="flex justi...">
                                <a
+                                 href="#pricing"
-                                 href={"http://localhost:3000/?cid=1770994886602_17709954190034&utm_source=direto#pr..."}
                                  className="group btn-primary bg-[#22c55e] text-[#05070a] text-[1rem] font-bold upper..."
                                >
+                                 QUERO O MEU ACESSO COM DESCONTO
                        <BonusInclusos>
                          <section className="py-[80px] ...">
 ... [truncated]
2026-02-27T22:02:23.599Z [console][error] A tree hydrated but some attributes of the server rendered HTML didn't match the client properties. This won't be patched up. This can happen if a SSR-ed Client Component used:

- A server/client branch `if (typeof window !== 'undefined')`.
- Variable input such as `Date.now()` or `Math.random()` which changes each time it's called.
- Date formatting in a user's locale which doesn't match the server.
- External changing data without sending a snapshot of it along with the HTML.
- Invalid HTML tag nesting.

It can also happen if the client has a browser extension installed which messes with the HTML before React loaded.

%s%s https://react.dev/link/hydration-mismatch 

  ...
    <ErrorBoundary errorComponent={undefined} errorStyles={undefined} errorScripts={undefined}>
      <LoadingBoundary loading={null}>
        <HTTPAccessFallbackBoundary notFound={[...]} forbidden={undefined} unauthorized={undefined}>
          <HTTPAccessFallbackErrorBoundary pathname="/" notFound={[...]} forbidden={undefined} unauthorized={undefined} ...>
            <RedirectBoundary>
              <RedirectErrorBoundary router={{...}}>
                <InnerLayoutRouter parallelRouterKey="children" url="/" tree={[...]} childNodes={Map} segmentPath={[...]} ...>
                  <ClientPageRoot Component={function Home} searchParams={{}} params={{}}>
                    <Home params={Promise} searchParams={Promise}>
                      <main className="min-h-scre...">
                        <HeroSection>
                          <section className="relative f...">
                            <div>
                            <h1>
                            <p>
                            <div>
                            <div className="w-full max...">
                              <div>
                              <p>
                              <p>
                              <p>
                              <a
+                               href="https://www.checkout-ds24.com/product/670107"
-                               href={"https://www.checkout-ds24.com/product/670107?cid=1770994886602_17709954190034&..."}
                                className="w-full h-[56px] inline-flex items-center justify-center gap-2 bg-[#22c55e] ..."
                              >
                              ...
                            ...
                        <ReviewsCarousel>
                          <section id="sec-prova-..." className="jsx-e4c0ee...">
                            <div className="jsx-e4c0ee...">
                              <div>
                              <div>
                              <div className="jsx-e4c0ee...">
                                <a
+                                 href="https://www.checkout-ds24.com/product/670107"
-                                 href={"https://www.checkout-ds24.com/product/670107?cid=1770994886602_1770995419003..."}
                                  className="jsx-e4c0ee4aadd7f829 inline-flex items-center justify-center px-10 py-5 b..."
                                >
+                                 APROVEITAR OFERTA AGORA
                            ...
                        <SegredoRevelado>
                          <section className="py-[80px] ...">
                            <div className="container ...">
                              <div>
                              <div>
                              <div className="flex justi...">
                                <a
+                                 href="#pricing"
-                                 href={"http://localhost:3000/?cid=1770994886602_17709954190034&utm_source=direto#pr..."}
                                  className="group btn-primary bg-[#22c55e] text-[#05070a] text-[1rem] font-bold upper..."
                                >
+                                 QUERO O MEU ACESSO COM DESCONTO
                        <BonusInclusos>
                          <section className="py-[80px] ...">
 ... [truncated]
2026-02-27T22:02:22.510Z [console][debug] __ORCHIDS_NAVIGATE__ http://localhost:3000/
2026-02-27T22:02:23.180Z [console][error] A tree hydrated but some attributes of the server rendered HTML didn't match the client properties. This won't be patched up. This can happen if a SSR-ed Client Component used:

- A server/client branch `if (typeof window !== 'undefined')`.
- Variable input such as `Date.now()` or `Math.random()` which changes each time it's called.
- Date formatting in a user's locale which doesn't match the server.
- External changing data without sending a snapshot of it along with the HTML.
- Invalid HTML tag nesting.

It can also happen if the client has a browser extension installed which messes with the HTML before React loaded.

%s%s https://react.dev/link/hydration-mismatch 

  ...
    <ErrorBoundary errorComponent={undefined} errorStyles={undefined} errorScripts={undefined}>
      <LoadingBoundary loading={null}>
        <HTTPAccessFallbackBoundary notFound={[...]} forbidden={undefined} unauthorized={undefined}>
          <HTTPAccessFallbackErrorBoundary pathname="/" notFound={[...]} forbidden={undefined} unauthorized={undefined} ...>
            <RedirectBoundary>
              <RedirectErrorBoundary router={{...}}>
                <InnerLayoutRouter parallelRouterKey="children" url="/" tree={[...]} childNodes={Map} segmentPath={[...]} ...>
                  <ClientPageRoot Component={function Home} searchParams={{}} params={{}}>
                    <Home params={Promise} searchParams={Promise}>
                      <main className="min-h-scre...">
                        <HeroSection>
                          <section className="relative f...">
                            <div>
                            <h1>
                            <p>
                            <div>
                            <div className="w-full max...">
                              <div>
                              <p>
                              <p>
                              <p>
                              <a
+                               href="https://www.checkout-ds24.com/...
2026-02-27T22:02:23.490Z [console][error] A tree hydrated but some attributes of the server rendered HTML didn't match the client properties. This won't be patched up. This can happen if a SSR-ed Client Component used:

- A server/client branch `if (typeof window !== 'undefined')`.
- Variable input such as `Date.now()` or `Math.random()` which changes each time it's called.
- Date formatting in a user's locale which doesn't match the server.
- External changing data without sending a snapshot of it along with the HTML.
- Invalid HTML tag nesting.

It can also happen if the client has a browser extension installed which messes with the HTML before React loaded.

%s%s https://react.dev/link/hydration-mismatch 

  ...
    <ErrorBoundary errorComponent={undefined} errorStyles={undefined} errorScripts={undefined}>
      <LoadingBoundary loading={null}>
        <HTTPAccessFallbackBoundary notFound={[...]} forbidden={undefined} unauthorized={undefined}>
          <HTTPAccessFallbackErrorBoundary pathname="/" notFound={[...]} forbidden={undefined} unauthorized={undefined} ...>
            <RedirectBoundary>
              <RedirectErrorBoundary router={{...}}>
                <InnerLayoutRouter parallelRouterKey="children" url="/" tree={[...]} childNodes={Map} segmentPath={[...]} ...>
                  <ClientPageRoot Component={function Home} searchParams={{}} params={{}}>
                    <Home params={Promise} searchParams={Promise}>
                      <main className="min-h-scre...">
                        <HeroSection>
                          <section className="relative f...">
                            <div>
                            <h1>
                            <p>
                            <div>
                            <div className="w-full max...">
                              <div>
                              <p>
                              <p>
                              <p>
                              <a
+                               href="https://www.checkout-ds24.com/...
2026-02-27T22:02:23.591Z [console][error] A tree hydrated but some attributes of the server rendered HTML didn't match the client properties. This won't be patched up. This can happen if a SSR-ed Client Component used:

- A server/client branch `if (typeof window !== 'undefined')`.
- Variable input such as `Date.now()` or `Math.random()` which changes each time it's called.
- Date formatting in a user's locale which doesn't match the server.
- External changing data without sending a snapshot of it along with the HTML.
- Invalid HTML tag nesting.

It can also happen if the client has a browser extension installed which messes with the HTML before React loaded.

%s%s https://react.dev/link/hydration-mismatch 

  ...
    <ErrorBoundary errorComponent={undefined} errorStyles={undefined} errorScripts={undefined}>
      <LoadingBoundary loading={null}>
        <HTTPAccessFallbackBoundary notFound={[...]} forbidden={undefined} unauthorized={undefined}>
          <HTTPAccessFallbackErrorBoundary pathname="/" notFound={[...]} forbidden={undefined} unauthorized={undefined} ...>
            <RedirectBoundary>
              <RedirectErrorBoundary router={{...}}>
                <InnerLayoutRouter parallelRouterKey="children" url="/" tree={[...]} childNodes={Map} segmentPath={[...]} ...>
                  <ClientPageRoot Component={function Home} searchParams={{}} params={{}}>
                    <Home params={Promise} searchParams={Promise}>
                      <main className="min-h-scre...">
                        <HeroSection>
                          <section className="relative f...">
                            <div>
                            <h1>
                            <p>
                            <div>
                            <div className="w-full max...">
                              <div>
                              <p>
                              <p>
                              <p>
                              <a
+                               href="https://www.checkout-ds24.com/...
2026-02-27T22:02:22.883Z [network][GET 200] /__nextjs_original-stack-frame?isServer=false&isEdgeServer=false&isAppDirectory=true&errorMessage=Error%3A+A+tree+hydrated+but+some+attributes+of+the+server+rendered+HTML+didn%27t+match+the+client+properties.+This+won%27t+be+patched+up.+This+can+happen+if+a+SSR-ed+Client+Component+used%3A%0A%0A-+A+server%2Fclient+branch+%60if+%28typeof+window+%21%3D%3D+%27undefined%27%29%60.%0A-+Variable+input+such+as+%60Date.now%28%29%60+or+%60Math.random%28%29%60+which+changes+each+time+it%27s+called.%0A-+Date+formatting+in+a+user%27s+locale+which+doesn%27t+match+the+server.%0A-+External+changing+data+without+sending+a+snapshot+of+it+along+with+the+HTML.%0A-+Invalid+HTML+tag+nesting.%0A%0AIt+can+also+happen+if+the+client+has+a+browser+extension+installed+which+messes+with+the+HTML+before+React+loaded.%0A%0Ahttps%3A%2F%2Freact.dev%2Flink%2Fhydration-mismatch%0A%0A++...%0A++++%3CHotReload+assetPrefix%3D%22%22%3E%0A++++++%3CReactDevOverlay+state%3D%7B%7BnextId%3A1%2C+...%7D%7D+dispatcher%3D%7B%7B...%7D%... [truncated]
  response: {"originalStackFrame":{"file":"<anonymous>","lineNumber":132,"column":36,"methodName":"console.error","ignored":false,"arguments":[]},"originalCodeFrame":null}
2026-02-27T22:02:22.883Z [network][GET 200] /__nextjs_original-stack-frame?isServer=false&isEdgeServer=false&isAppDirectory=true&errorMessage=Error%3A+A+tree+hydrated+but+some+attributes+of+the+server+rendered+HTML+didn%27t+match+the+client+properties.+This+won%27t+be+patched+up.+This+can+happen+if+a+SSR-ed+Client+Component+used%3A%0A%0A-+A+server%2Fclient+branch+%60if+%28typeof+window+%21%3D%3D+%27undefined%27%29%60.%0A-+Variable+input+such+as+%60Date.now%28%29%60+or+%60Math.random%28%29%60+which+changes+each+time+it%27s+called.%0A-+Date+formatting+in+a+user%27s+locale+which+doesn%27t+match+the+server.%0A-+External+changing+data+without+sending+a+snapshot+of+it+along+with+the+HTML.%0A-+Invalid+HTML+tag+nesting.%0A%0AIt+can+also+happen+if+the+client+has+a+browser+extension+installed+which+messes+with+the+HTML+before+React+loaded.%0A%0Ahttps%3A%2F%2Freact.dev%2Flink%2Fhydration-mismatch%0A%0A++...%0A++++%3CHotReload+assetPrefix%3D%22%22%3E%0A++++++%3CReactDevOverlay+state%3D%7B%7BnextId%3A1%2C+...%7D%7D+dispatcher%3D%7B%7B...%7D%... [truncated]
  response: {"originalStackFrame":{"file":"../src/client/components/react-dev-overlay/internal/helpers/console-error.ts","lineNumber":14,"column":35,"methodName":"createUnhandledError","arguments":[],"ignored":true},"originalCodeFrame":"\u001b[0m \u001b[90m 12 |\u001b[39m \u001b[36mexport\u001b[39m \u001b[36mfunction\u001b[39m createUnhandledError(message\u001b[33m:\u001b[39m string \u001b[33m|\u001b[39m \u001b[33mError\u001b[39m)\u001b[33m:\u001b[39m \u001b[33mUnhandledError\u001b[39m {\u001b[0m\n\u001b[0m \u001b[90m 13 |\u001b[39m   \u001b[36mconst\u001b[39m error \u001b[33m=\u001b[39m (\u001b[0m\n\u001b[0m\u001b[31m\u001b[1m>\u001b[22m\u001b[39m\u001b[90m 14 |\u001b[39m     \u001b[36mtypeof\u001b[39m message \u001b[33m===\u001b[39m \u001b[32m'string'\u001b[39m \u001b[33m?\u001b[39m \u001b[36mnew\u001b[39m \u001b[33mError\u001b[39m(message) \u001b[33m:\u001b[39m message\u001b[0m\n\u001b[0m \u001b[90m    |\u001b[39m                                   \u001b[31m\u001b[1m^\u001b[22m\u001b[39m\u001b[0m\n\u001b[0m \u001b[90m 15 |\u001b[39m   ) \u001b[36mas\u001b[39m \u001b[33mUnhandledError\u001b[39m\u001b[0m\n\u001b[0m \u001b[90m 16 |\u001b[39m   error[digestSym] \u001b[33m=\u001b[39m \u001b[32m'NEXT_UNHANDLED_ERROR'\u001b[39m\u001b[0m\n\u001b[0m \u001b[90m 17 |\u001b[39m   error[consoleTypeSym] \u001b[33m=\u001b[39m \u001b[36mtypeof\u001b[39m message \u001b[33m===\u001b[39m \u001b[32m'string'\u001b[39m \u001b[33m?\u001b[39m \u001b[32m'string'\u001b[39m \u001b[33m:\u001b[39m \u001b[32m'error'\u001b[39m\u001b[0m"}
2026-02-27T22:02:22.884Z [network][GET 200] /__nextjs_original-stack-frame?isServer=false&isEdgeServer=false&isAppDirectory=true&errorMessage=Error%3A+A+tree+hydrated+but+some+attributes+of+the+server+rendered+HTML+didn%27t+match+the+client+properties.+This+won%27t+be+patched+up.+This+can+happen+if+a+SSR-ed+Client+Component+used%3A%0A%0A-+A+server%2Fclient+branch+%60if+%28typeof+window+%21%3D%3D+%27undefined%27%29%60.%0A-+Variable+input+such+as+%60Date.now%28%29%60+or+%60Math.random%28%29%60+which+changes+each+time+it%27s+called.%0A-+Date+formatting+in+a+user%27s+locale+which+doesn%27t+match+the+server.%0A-+External+changing+data+without+sending+a+snapshot+of+it+along+with+the+HTML.%0A-+Invalid+HTML+tag+nesting.%0A%0AIt+can+also+happen+if+the+client+has+a+browser+extension+installed+which+messes+with+the+HTML+before+React+loaded.%0A%0Ahttps%3A%2F%2Freact.dev%2Flink%2Fhydration-mismatch%0A%0A++...%0A++++%3CHotReload+assetPrefix%3D%22%22%3E%0A++++++%3CReactDevOverlay+state%3D%7B%7BnextId%3A1%2C+...%7D%7D+dispatcher%3D%7B%7B...%7D%... [truncated]
  response: {"originalStackFrame":{"file":"../src/client/components/react-dev-overlay/internal/helpers/use-error-handler.ts","lineNumber":30,"column":34,"methodName":"formattedErrorMessage","arguments":[],"ignored":true},"originalCodeFrame":"\u001b[0m \u001b[90m 28 |\u001b[39m     \u001b[90m// If it's not an error, format the args into an error\u001b[39m\u001b[0m\n\u001b[0m \u001b[90m 29 |\u001b[39m     \u001b[36mconst\u001b[39m formattedErrorMessage \u001b[33m=\u001b[39m formatConsoleArgs(consoleErrorArgs)\u001b[0m\n\u001b[0m\u001b[31m\u001b[1m>\u001b[22m\u001b[39m\u001b[90m 30 |\u001b[39m     error \u001b[33m=\u001b[39m createUnhandledError(formattedErrorMessage)\u001b[0m\n\u001b[0m \u001b[90m    |\u001b[39m                                  \u001b[31m\u001b[1m^\u001b[22m\u001b[39m\u001b[0m\n\u001b[0m \u001b[90m 31 |\u001b[39m   } \u001b[36melse\u001b[39m {\u001b[0m\n\u001b[0m \u001b[90m 32 |\u001b[39m     error \u001b[33m=\u001b[39m capturedFromConsole\u001b[0m\n\u001b[0m \u001b[90m 33 |\u001b[39m       \u001b[33m?\u001b[39m createUnhandledError(originError)\u001b[0m"}
2026-02-27T22:02:22.884Z [network][GET 200] /__nextjs_original-stack-frame?isServer=false&isEdgeServer=false&isAppDirectory=true&errorMessage=Error%3A+A+tree+hydrated+but+some+attributes+of+the+server+rendered+HTML+didn%27t+match+the+client+properties.+This+won%27t+be+patched+up.+This+can+happen+if+a+SSR-ed+Client+Component+used%3A%0A%0A-+A+server%2Fclient+branch+%60if+%28typeof+window+%21%3D%3D+%27undefined%27%29%60.%0A-+Variable+input+such+as+%60Date.now%28%29%60+or+%60Math.random%28%29%60+which+changes+each+time+it%27s+called.%0A-+Date+formatting+in+a+user%27s+locale+which+doesn%27t+match+the+server.%0A-+External+changing+data+without+sending+a+snapshot+of+it+along+with+the+HTML.%0A-+Invalid+HTML+tag+nesting.%0A%0AIt+can+also+happen+if+the+client+has+a+browser+extension+installed+which+messes+with+the+HTML+before+React+loaded.%0A%0Ahttps%3A%2F%2Freact.dev%2Flink%2Fhydration-mismatch%0A%0A++...%0A++++%3CHotReload+assetPrefix%3D%22%22%3E%0A++++++%3CReactDevOverlay+state%3D%7B%7BnextId%3A1%2C+...%7D%7D+dispatcher%3D%7B%7B...%7D%... [truncated]
  response: {"originalStackFrame":{"file":"../src/client/components/globals/intercept-console-error.ts","lineNumber":32,"column":11,"methodName":"console.error","arguments":[],"ignored":true},"originalCodeFrame":"\u001b[0m \u001b[90m 30 |\u001b[39m       \u001b[36mif\u001b[39m (process\u001b[33m.\u001b[39menv\u001b[33m.\u001b[39m\u001b[33mNODE_ENV\u001b[39m \u001b[33m!==\u001b[39m \u001b[32m'production'\u001b[39m) {\u001b[0m\n\u001b[0m \u001b[90m 31 |\u001b[39m         handleClientError(\u001b[0m\n\u001b[0m\u001b[31m\u001b[1m>\u001b[22m\u001b[39m\u001b[90m 32 |\u001b[39m           \u001b[90m// replayed errors have their own complex format string that should be used,\u001b[39m\u001b[0m\n\u001b[0m \u001b[90m    |\u001b[39m           \u001b[31m\u001b[1m^\u001b[22m\u001b[39m\u001b[0m\n\u001b[0m \u001b[90m 33 |\u001b[39m           \u001b[90m// but if we pass the error directly, `handleClientError` will ignore it\u001b[39m\u001b[0m\n\u001b[0m \u001b[90m 34 |\u001b[39m           maybeError\u001b[33m,\u001b[39m\u001b[0m\n\u001b[0m \u001b[90m 35 |\u001b[39m           args\u001b[33m,\u001b[39m\u001b[0m"}
2026-02-27T22:02:22.884Z [network][GET 200] /__nextjs_original-stack-frame?isServer=false&isEdgeServer=false&isAppDirectory=true&errorMessage=Error%3A+A+tree+hydrated+but+some+attributes+of+the+server+rendered+HTML+didn%27t+match+the+client+properties.+This+won%27t+be+patched+up.+This+can+happen+if+a+SSR-ed+Client+Component+used%3A%0A%0A-+A+server%2Fclient+branch+%60if+%28typeof+window+%21%3D%3D+%27undefined%27%29%60.%0A-+Variable+input+such+as+%60Date.now%28%29%60+or+%60Math.random%28%29%60+which+changes+each+time+it%27s+called.%0A-+Date+formatting+in+a+user%27s+locale+which+doesn%27t+match+the+server.%0A-+External+changing+data+without+sending+a+snapshot+of+it+along+with+the+HTML.%0A-+Invalid+HTML+tag+nesting.%0A%0AIt+can+also+happen+if+the+client+has+a+browser+extension+installed+which+messes+with+the+HTML+before+React+loaded.%0A%0Ahttps%3A%2F%2Freact.dev%2Flink%2Fhydration-mismatch%0A%0A++...%0A++++%3CHotReload+assetPrefix%3D%22%22%3E%0A++++++%3CReactDevOverlay+state%3D%7B%7BnextId%3A1%2C+...%7D%7D+dispatcher%3D%7B%7B...%7D%... [truncated]
  response: {"originalStackFrame":{"file":"node_modules/next/dist/compiled/react-dom/cjs/react-dom-client.development.js","lineNumber":543,"column":1,"methodName":"runWithFiberInDEV","arguments":[],"ignored":true},"originalCodeFrame":null}
2026-02-27T22:02:22.884Z [network][GET 200] /__nextjs_original-stack-frame?isServer=false&isEdgeServer=false&isAppDirectory=true&errorMessage=Error%3A+A+tree+hydrated+but+some+attributes+of+the+server+rendered+HTML+didn%27t+match+the+client+properties.+This+won%27t+be+patched+up.+This+can+happen+if+a+SSR-ed+Client+Component+used%3A%0A%0A-+A+server%2Fclient+branch+%60if+%28typeof+window+%21%3D%3D+%27undefined%27%29%60.%0A-+Variable+input+such+as+%60Date.now%28%29%60+or+%60Math.random%28%29%60+which+changes+each+time+it%27s+called.%0A-+Date+formatting+in+a+user%27s+locale+which+doesn%27t+match+the+server.%0A-+External+changing+data+without+sending+a+snapshot+of+it+along+with+the+HTML.%0A-+Invalid+HTML+tag+nesting.%0A%0AIt+can+also+happen+if+the+client+has+a+browser+extension+installed+which+messes+with+the+HTML+before+React+loaded.%0A%0Ahttps%3A%2F%2Freact.dev%2Flink%2Fhydration-mismatch%0A%0A++...%0A++++%3CHotReload+assetPrefix%3D%22%22%3E%0A++++++%3CReactDevOverlay+state%3D%7B%7BnextId%3A1%2C+...%7D%7D+dispatcher%3D%7B%7B...%7D%... [truncated]
  response: {"originalStackFrame":{"file":"node_modules/next/dist/compiled/react-dom/cjs/react-dom-client.development.js","lineNumber":4299,"column":1,"methodName":"emitPendingHydrationWarnings","arguments":[],"ignored":true},"originalCodeFrame":null}
2026-02-27T22:02:22.884Z [network][GET 200] /__nextjs_original-stack-frame?isServer=false&isEdgeServer=false&isAppDirectory=true&errorMessage=Error%3A+A+tree+hydrated+but+some+attributes+of+the+server+rendered+HTML+didn%27t+match+the+client+properties.+This+won%27t+be+patched+up.+This+can+happen+if+a+SSR-ed+Client+Component+used%3A%0A%0A-+A+server%2Fclient+branch+%60if+%28typeof+window+%21%3D%3D+%27undefined%27%29%60.%0A-+Variable+input+such+as+%60Date.now%28%29%60+or+%60Math.random%28%29%60+which+changes+each+time+it%27s+called.%0A-+Date+formatting+in+a+user%27s+locale+which+doesn%27t+match+the+server.%0A-+External+changing+data+without+sending+a+snapshot+of+it+along+with+the+HTML.%0A-+Invalid+HTML+tag+nesting.%0A%0AIt+can+also+happen+if+the+client+has+a+browser+extension+installed+which+messes+with+the+HTML+before+React+loaded.%0A%0Ahttps%3A%2F%2Freact.dev%2Flink%2Fhydration-mismatch%0A%0A++...%0A++++%3CHotReload+assetPrefix%3D%22%22%3E%0A++++++%3CReactDevOverlay+state%3D%7B%7BnextId%3A1%2C+...%7D%7D+dispatcher%3D%7B%7B...%7D%... [truncated]
  response: {"originalStackFrame":{"file":"node_modules/next/dist/compiled/react-dom/cjs/react-dom-client.development.js","lineNumber":15199,"column":1,"methodName":"completeUnitOfWork","arguments":[],"ignored":true},"originalCodeFrame":null}
2026-02-27T22:02:22.884Z [network][GET 200] /__nextjs_original-stack-frame?isServer=false&isEdgeServer=false&isAppDirectory=true&errorMessage=Error%3A+A+tree+hydrated+but+some+attributes+of+the+server+rendered+HTML+didn%27t+match+the+client+properties.+This+won%27t+be+patched+up.+This+can+happen+if+a+SSR-ed+Client+Component+used%3A%0A%0A-+A+server%2Fclient+branch+%60if+%28typeof+window+%21%3D%3D+%27undefined%27%29%60.%0A-+Variable+input+such+as+%60Date.now%28%29%60+or+%60Math.random%28%29%60+which+changes+each+time+it%27s+called.%0A-+Date+formatting+in+a+user%27s+locale+which+doesn%27t+match+the+server.%0A-+External+changing+data+without+sending+a+snapshot+of+it+along+with+the+HTML.%0A-+Invalid+HTML+tag+nesting.%0A%0AIt+can+also+happen+if+the+client+has+a+browser+extension+installed+which+messes+with+the+HTML+before+React+loaded.%0A%0Ahttps%3A%2F%2Freact.dev%2Flink%2Fhydration-mismatch%0A%0A++...%0A++++%3CHotReload+assetPrefix%3D%22%22%3E%0A++++++%3CReactDevOverlay+state%3D%7B%7BnextId%3A1%2C+...%7D%7D+dispatcher%3D%7B%7B...%7D%... [truncated]
  response: {"originalStackFrame":{"file":"node_modules/next/dist/compiled/react-dom/cjs/react-dom-client.development.js","lineNumber":15080,"column":1,"methodName":"performUnitOfWork","arguments":[],"ignored":true},"originalCodeFrame":null}
2026-02-27T22:02:22.884Z [network][GET 200] /__nextjs_original-stack-frame?isServer=false&isEdgeServer=false&isAppDirectory=true&errorMessage=Error%3A+A+tree+hydrated+but+some+attributes+of+the+server+rendered+HTML+didn%27t+match+the+client+properties.+This+won%27t+be+patched+up.+This+can+happen+if+a+SSR-ed+Client+Component+used%3A%0A%0A-+A+server%2Fclient+branch+%60if+%28typeof+window+%21%3D%3D+%27undefined%27%29%60.%0A-+Variable+input+such+as+%60Date.now%28%29%60+or+%60Math.random%28%29%60+which+changes+each+time+it%27s+called.%0A-+Date+formatting+in+a+user%27s+locale+which+doesn%27t+match+the+server.%0A-+External+changing+data+without+sending+a+snapshot+of+it+along+with+the+HTML.%0A-+Invalid+HTML+tag+nesting.%0A%0AIt+can+also+happen+if+the+client+has+a+browser+extension+installed+which+messes+with+the+HTML+before+React+loaded.%0A%0Ahttps%3A%2F%2Freact.dev%2Flink%2Fhydration-mismatch%0A%0A++...%0A++++%3CHotReload+assetPrefix%3D%22%22%3E%0A++++++%3CReactDevOverlay+state%3D%7B%7BnextId%3A1%2C+...%7D%7D+dispatcher%3D%7B%7B...%7D%... [truncated]
  response: {"originalStackFrame":{"file":"node_modules/next/dist/compiled/react-dom/cjs/react-dom-client.development.js","lineNumber":13610,"column":1,"methodName":"completeWork","arguments":[],"ignored":true},"originalCodeFrame":null}
2026-02-27T22:02:22.884Z [network][GET 200] /__nextjs_original-stack-frame?isServer=false&isEdgeServer=false&isAppDirectory=true&errorMessage=Error%3A+A+tree+hydrated+but+some+attributes+of+the+server+rendered+HTML+didn%27t+match+the+client+properties.+This+won%27t+be+patched+up.+This+can+happen+if+a+SSR-ed+Client+Component+used%3A%0A%0A-+A+server%2Fclient+branch+%60if+%28typeof+window+%21%3D%3D+%27undefined%27%29%60.%0A-+Variable+input+such+as+%60Date.now%28%29%60+or+%60Math.random%28%29%60+which+changes+each+time+it%27s+called.%0A-+Date+formatting+in+a+user%27s+locale+which+doesn%27t+match+the+server.%0A-+External+changing+data+without+sending+a+snapshot+of+it+along+with+the+HTML.%0A-+Invalid+HTML+tag+nesting.%0A%0AIt+can+also+happen+if+the+client+has+a+browser+extension+installed+which+messes+with+the+HTML+before+React+loaded.%0A%0Ahttps%3A%2F%2Freact.dev%2Flink%2Fhydration-mismatch%0A%0A++...%0A++++%3CHotReload+assetPrefix%3D%22%22%3E%0A++++++%3CReactDevOverlay+state%3D%7B%7BnextId%3A1%2C+...%7D%7D+dispatcher%3D%7B%7B...%7D%... [truncated]
  response: {"originalStackFrame":{"file":"node_modules/next/dist/compiled/react-dom/cjs/react-dom-client.development.js","lineNumber":15057,"column":1,"methodName":"workLoopConcurrent","arguments":[],"ignored":true},"originalCodeFrame":null}
2026-02-27T22:02:22.884Z [network][GET 200] /__nextjs_original-stack-frame?isServer=false&isEdgeServer=false&isAppDirectory=true&errorMessage=Error%3A+A+tree+hydrated+but+some+attributes+of+the+server+rendered+HTML+didn%27t+match+the+client+properties.+This+won%27t+be+patched+up.+This+can+happen+if+a+SSR-ed+Client+Component+used%3A%0A%0A-+A+server%2Fclient+branch+%60if+%28typeof+window+%21%3D%3D+%27undefined%27%29%60.%0A-+Variable+input+such+as+%60Date.now%28%29%60+or+%60Math.random%28%29%60+which+changes+each+time+it%27s+called.%0A-+Date+formatting+in+a+user%27s+locale+which+doesn%27t+match+the+server.%0A-+External+changing+data+without+sending+a+snapshot+of+it+along+with+the+HTML.%0A-+Invalid+HTML+tag+nesting.%0A%0AIt+can+also+happen+if+the+client+has+a+browser+extension+installed+which+messes+with+the+HTML+before+React+loaded.%0A%0Ahttps%3A%2F%2Freact.dev%2Flink%2Fhydration-mismatch%0A%0A++...%0A++++%3CHotReload+assetPrefix%3D%22%22%3E%0A++++++%3CReactDevOverlay+state%3D%7B%7BnextId%3A1%2C+...%7D%7D+dispatcher%3D%7B%7B...%7D%... [truncated]
  response: {"originalStackFrame":{"file":"node_modules/next/dist/compiled/react-dom/cjs/react-dom-client.development.js","lineNumber":15032,"column":1,"methodName":"renderRootConcurrent","arguments":[],"ignored":true},"originalCodeFrame":null}
2026-02-27T22:02:22.884Z [network][GET 200] /__nextjs_original-stack-frame?isServer=false&isEdgeServer=false&isAppDirectory=true&errorMessage=Error%3A+A+tree+hydrated+but+some+attributes+of+the+server+rendered+HTML+didn%27t+match+the+client+properties.+This+won%27t+be+patched+up.+This+can+happen+if+a+SSR-ed+Client+Component+used%3A%0A%0A-+A+server%2Fclient+branch+%60if+%28typeof+window+%21%3D%3D+%27undefined%27%29%60.%0A-+Variable+input+such+as+%60Date.now%28%29%60+or+%60Math.random%28%29%60+which+changes+each+time+it%27s+called.%0A-+Date+formatting+in+a+user%27s+locale+which+doesn%27t+match+the+server.%0A-+External+changing+data+without+sending+a+snapshot+of+it+along+with+the+HTML.%0A-+Invalid+HTML+tag+nesting.%0A%0AIt+can+also+happen+if+the+client+has+a+browser+extension+installed+which+messes+with+the+HTML+before+React+loaded.%0A%0Ahttps%3A%2F%2Freact.dev%2Flink%2Fhydration-mismatch%0A%0A++...%0A++++%3CHotReload+assetPrefix%3D%22%22%3E%0A++++++%3CReactDevOverlay+state%3D%7B%7BnextId%3A1%2C+...%7D%7D+dispatcher%3D%7B%7B...%7D%... [truncated]
  response: {"originalStackFrame":{"file":"node_modules/next/dist/compiled/react-dom/cjs/react-dom-client.development.js","lineNumber":14349,"column":1,"methodName":"performWorkOnRoot","arguments":[],"ignored":true},"originalCodeFrame":null}
2026-02-27T22:02:22.897Z [network][GET 200] /__nextjs_original-stack-frame?isServer=false&isEdgeServer=false&isAppDirectory=true&errorMessage=Error%3A+A+tree+hydrated+but+some+attributes+of+the+server+rendered+HTML+didn%27t+match+the+client+properties.+This+won%27t+be+patched+up.+This+can+happen+if+a+SSR-ed+Client+Component+used%3A%0A%0A-+A+server%2Fclient+branch+%60if+%28typeof+window+%21%3D%3D+%27undefined%27%29%60.%0A-+Variable+input+such+as+%60Date.now%28%29%60+or+%60Math.random%28%29%60+which+changes+each+time+it%27s+called.%0A-+Date+formatting+in+a+user%27s+locale+which+doesn%27t+match+the+server.%0A-+External+changing+data+without+sending+a+snapshot+of+it+along+with+the+HTML.%0A-+Invalid+HTML+tag+nesting.%0A%0AIt+can+also+happen+if+the+client+has+a+browser+extension+installed+which+messes+with+the+HTML+before+React+loaded.%0A%0Ahttps%3A%2F%2Freact.dev%2Flink%2Fhydration-mismatch%0A%0A++...%0A++++%3CHotReload+assetPrefix%3D%22%22%3E%0A++++++%3CReactDevOverlay+state%3D%7B%7BnextId%3A1%2C+...%7D%7D+dispatcher%3D%7B%7B...%7D%... [truncated]
  response: {"originalStackFrame":{"file":"node_modules/next/dist/compiled/react-dom/cjs/react-dom-client.development.js","lineNumber":15954,"column":1,"methodName":"performWorkOnRootViaSchedulerTask","arguments":[],"ignored":true},"originalCodeFrame":null}
2026-02-27T22:02:22.955Z [network][GET 200] /__nextjs_original-stack-frame?isServer=false&isEdgeServer=false&isAppDirectory=true&errorMessage=Error%3A+A+tree+hydrated+but+some+attributes+of+the+server+rendered+HTML+didn%27t+match+the+client+properties.+This+won%27t+be+patched+up.+This+can+happen+if+a+SSR-ed+Client+Component+used%3A%0A%0A-+A+server%2Fclient+branch+%60if+%28typeof+window+%21%3D%3D+%27undefined%27%29%60.%0A-+Variable+input+such+as+%60Date.now%28%29%60+or+%60Math.random%28%29%60+which+changes+each+time+it%27s+called.%0A-+Date+formatting+in+a+user%27s+locale+which+doesn%27t+match+the+server.%0A-+External+changing+data+without+sending+a+snapshot+of+it+along+with+the+HTML.%0A-+Invalid+HTML+tag+nesting.%0A%0AIt+can+also+happen+if+the+client+has+a+browser+extension+installed+which+messes+with+the+HTML+before+React+loaded.%0A%0Ahttps%3A%2F%2Freact.dev%2Flink%2Fhydration-mismatch%0A%0A++...%0A++++%3CHotReload+assetPrefix%3D%22%22%3E%0A++++++%3CReactDevOverlay+state%3D%7B%7BnextId%3A1%2C+...%7D%7D+dispatcher%3D%7B%7B...%7D%... [truncated]
  response: {"originalStackFrame":{"file":"node_modules/next/dist/compiled/scheduler/cjs/scheduler.development.js","lineNumber":44,"column":1,"methodName":"MessagePort.performWorkUntilDeadline","arguments":[],"ignored":true},"originalCodeFrame":null}
2026-02-27T22:02:22.964Z [network][GET 200] /__nextjs_original-stack-frame?isServer=false&isEdgeServer=false&isAppDirectory=true&errorMessage=Error%3A+A+tree+hydrated+but+some+attributes+of+the+server+rendered+HTML+didn%27t+match+the+client+properties.+This+won%27t+be+patched+up.+This+can+happen+if+a+SSR-ed+Client+Component+used%3A%0A%0A-+A+server%2Fclient+branch+%60if+%28typeof+window+%21%3D%3D+%27undefined%27%29%60.%0A-+Variable+input+such+as+%60Date.now%28%29%60+or+%60Math.random%28%29%60+which+changes+each+time+it%27s+called.%0A-+Date+formatting+in+a+user%27s+locale+which+doesn%27t+match+the+server.%0A-+External+changing+data+without+sending+a+snapshot+of+it+along+with+the+HTML.%0A-+Invalid+HTML+tag+nesting.%0A%0AIt+can+also+happen+if+the+client+has+a+browser+extension+installed+which+messes+with+the+HTML+before+React+loaded.%0A%0Ahttps%3A%2F%2Freact.dev%2Flink%2Fhydration-mismatch%0A%0A++...%0A++++%3CHotReload+assetPrefix%3D%22%22%3E%0A++++++%3CReactDevOverlay+state%3D%7B%7BnextId%3A1%2C+...%7D%7D+dispatcher%3D%7B%7B...%7D%... [truncated]
  response: {"originalStackFrame":{"file":"<anonymous>","lineNumber":132,"column":36,"methodName":"console.error","ignored":false,"arguments":[]},"originalCodeFrame":null}
2026-02-27T22:02:22.980Z [network][GET 200] /__nextjs_original-stack-frame?isServer=false&isEdgeServer=false&isAppDirectory=true&errorMessage=Error%3A+A+tree+hydrated+but+some+attributes+of+the+server+rendered+HTML+didn%27t+match+the+client+properties.+This+won%27t+be+patched+up.+This+can+happen+if+a+SSR-ed+Client+Component+used%3A%0A%0A-+A+server%2Fclient+branch+%60if+%28typeof+window+%21%3D%3D+%27undefined%27%29%60.%0A-+Variable+input+such+as+%60Date.now%28%29%60+or+%60Math.random%28%29%60+which+changes+each+time+it%27s+called.%0A-+Date+formatting+in+a+user%27s+locale+which+doesn%27t+match+the+server.%0A-+External+changing+data+without+sending+a+snapshot+of+it+along+with+the+HTML.%0A-+Invalid+HTML+tag+nesting.%0A%0AIt+can+also+happen+if+the+client+has+a+browser+extension+installed+which+messes+with+the+HTML+before+React+loaded.%0A%0Ahttps%3A%2F%2Freact.dev%2Flink%2Fhydration-mismatch%0A%0A++...%0A++++%3CHotReload+assetPrefix%3D%22%22%3E%0A++++++%3CReactDevOverlay+state%3D%7B%7BnextId%3A1%2C+...%7D%7D+dispatcher%3D%7B%7B...%7D%... [truncated]
  response: {"originalStackFrame":{"file":"node_modules/next/dist/compiled/react-dom/cjs/react-dom-client.development.js","lineNumber":4299,"column":1,"methodName":"emitPendingHydrationWarnings","arguments":[],"ignored":true},"originalCodeFrame":null}
2026-02-27T22:02:22.980Z [network][GET 200] /__nextjs_original-stack-frame?isServer=false&isEdgeServer=false&isAppDirectory=true&errorMessage=Error%3A+A+tree+hydrated+but+some+attributes+of+the+server+rendered+HTML+didn%27t+match+the+client+properties.+This+won%27t+be+patched+up.+This+can+happen+if+a+SSR-ed+Client+Component+used%3A%0A%0A-+A+server%2Fclient+branch+%60if+%28typeof+window+%21%3D%3D+%27undefined%27%29%60.%0A-+Variable+input+such+as+%60Date.now%28%29%60+or+%60Math.random%28%29%60+which+changes+each+time+it%27s+called.%0A-+Date+formatting+in+a+user%27s+locale+which+doesn%27t+match+the+server.%0A-+External+changing+data+without+sending+a+snapshot+of+it+along+with+the+HTML.%0A-+Invalid+HTML+tag+nesting.%0A%0AIt+can+also+happen+if+the+client+has+a+browser+extension+installed+which+messes+with+the+HTML+before+React+loaded.%0A%0Ahttps%3A%2F%2Freact.dev%2Flink%2Fhydration-mismatch%0A%0A++...%0A++++%3CHotReload+assetPrefix%3D%22%22%3E%0A++++++%3CReactDevOverlay+state%3D%7B%7BnextId%3A1%2C+...%7D%7D+dispatcher%3D%7B%7B...%7D%... [truncated]
  response: {"originalStackFrame":{"file":"node_modules/next/dist/compiled/react-dom/cjs/react-dom-client.development.js","lineNumber":13610,"column":1,"methodName":"completeWork","arguments":[],"ignored":true},"originalCodeFrame":null}
2026-02-27T22:02:22.980Z [network][GET 200] /__nextjs_original-stack-frame?isServer=false&isEdgeServer=false&isAppDirectory=true&errorMessage=Error%3A+A+tree+hydrated+but+some+attributes+of+the+server+rendered+HTML+didn%27t+match+the+client+properties.+This+won%27t+be+patched+up.+This+can+happen+if+a+SSR-ed+Client+Component+used%3A%0A%0A-+A+server%2Fclient+branch+%60if+%28typeof+window+%21%3D%3D+%27undefined%27%29%60.%0A-+Variable+input+such+as+%60Date.now%28%29%60+or+%60Math.random%28%29%60+which+changes+each+time+it%27s+called.%0A-+Date+formatting+in+a+user%27s+locale+which+doesn%27t+match+the+server.%0A-+External+changing+data+without+sending+a+snapshot+of+it+along+with+the+HTML.%0A-+Invalid+HTML+tag+nesting.%0A%0AIt+can+also+happen+if+the+client+has+a+browser+extension+installed+which+messes+with+the+HTML+before+React+loaded.%0A%0Ahttps%3A%2F%2Freact.dev%2Flink%2Fhydration-mismatch%0A%0A++...%0A++++%3CHotReload+assetPrefix%3D%22%22%3E%0A++++++%3CReactDevOverlay+state%3D%7B%7BnextId%3A1%2C+...%7D%7D+dispatcher%3D%7B%7B...%7D%... [truncated]
  response: {"originalStackFrame":{"file":"node_modules/next/dist/compiled/react-dom/cjs/react-dom-client.development.js","lineNumber":543,"column":1,"methodName":"runWithFiberInDEV","arguments":[],"ignored":true},"originalCodeFrame":null}
2026-02-27T22:02:22.994Z [network][GET 200] /__nextjs_original-stack-frame?isServer=false&isEdgeServer=false&isAppDirectory=true&errorMessage=Error%3A+A+tree+hydrated+but+some+attributes+of+the+server+rendered+HTML+didn%27t+match+the+client+properties.+This+won%27t+be+patched+up.+This+can+happen+if+a+SSR-ed+Client+Component+used%3A%0A%0A-+A+server%2Fclient+branch+%60if+%28typeof+window+%21%3D%3D+%27undefined%27%29%60.%0A-+Variable+input+such+as+%60Date.now%28%29%60+or+%60Math.random%28%29%60+which+changes+each+time+it%27s+called.%0A-+Date+formatting+in+a+user%27s+locale+which+doesn%27t+match+the+server.%0A-+External+changing+data+without+sending+a+snapshot+of+it+along+with+the+HTML.%0A-+Invalid+HTML+tag+nesting.%0A%0AIt+can+also+happen+if+the+client+has+a+browser+extension+installed+which+messes+with+the+HTML+before+React+loaded.%0A%0Ahttps%3A%2F%2Freact.dev%2Flink%2Fhydration-mismatch%0A%0A++...%0A++++%3CHotReload+assetPrefix%3D%22%22%3E%0A++++++%3CReactDevOverlay+state%3D%7B%7BnextId%3A1%2C+...%7D%7D+dispatcher%3D%7B%7B...%7D%... [truncated]
  response: {"originalStackFrame":{"file":"node_modules/next/dist/compiled/react-dom/cjs/react-dom-client.development.js","lineNumber":15199,"column":1,"methodName":"completeUnitOfWork","arguments":[],"ignored":true},"originalCodeFrame":null}
2026-02-27T22:02:23.002Z [network][GET 200] /__nextjs_original-stack-frame?isServer=false&isEdgeServer=false&isAppDirectory=true&errorMessage=Error%3A+A+tree+hydrated+but+some+attributes+of+the+server+rendered+HTML+didn%27t+match+the+client+properties.+This+won%27t+be+patched+up.+This+can+happen+if+a+SSR-ed+Client+Component+used%3A%0A%0A-+A+server%2Fclient+branch+%60if+%28typeof+window+%21%3D%3D+%27undefined%27%29%60.%0A-+Variable+input+such+as+%60Date.now%28%29%60+or+%60Math.random%28%29%60+which+changes+each+time+it%27s+called.%0A-+Date+formatting+in+a+user%27s+locale+which+doesn%27t+match+the+server.%0A-+External+changing+data+without+sending+a+snapshot+of+it+along+with+the+HTML.%0A-+Invalid+HTML+tag+nesting.%0A%0AIt+can+also+happen+if+the+client+has+a+browser+extension+installed+which+messes+with+the+HTML+before+React+loaded.%0A%0Ahttps%3A%2F%2Freact.dev%2Flink%2Fhydration-mismatch%0A%0A++...%0A++++%3CHotReload+assetPrefix%3D%22%22%3E%0A++++++%3CReactDevOverlay+state%3D%7B%7BnextId%3A1%2C+...%7D%7D+dispatcher%3D%7B%7B...%7D%... [truncated]
  response: {"originalStackFrame":{"file":"node_modules/next/dist/compiled/react-dom/cjs/react-dom-client.development.js","lineNumber":15080,"column":1,"methodName":"performUnitOfWork","arguments":[],"ignored":true},"originalCodeFrame":null}
2026-02-27T22:02:23.011Z [network][GET 200] /__nextjs_original-stack-frame?isServer=false&isEdgeServer=false&isAppDirectory=true&errorMessage=Error%3A+A+tree+hydrated+but+some+attributes+of+the+server+rendered+HTML+didn%27t+match+the+client+properties.+This+won%27t+be+patched+up.+This+can+happen+if+a+SSR-ed+Client+Component+used%3A%0A%0A-+A+server%2Fclient+branch+%60if+%28typeof+window+%21%3D%3D+%27undefined%27%29%60.%0A-+Variable+input+such+as+%60Date.now%28%29%60+or+%60Math.random%28%29%60+which+changes+each+time+it%27s+called.%0A-+Date+formatting+in+a+user%27s+locale+which+doesn%27t+match+the+server.%0A-+External+changing+data+without+sending+a+snapshot+of+it+along+with+the+HTML.%0A-+Invalid+HTML+tag+nesting.%0A%0AIt+can+also+happen+if+the+client+has+a+browser+extension+installed+which+messes+with+the+HTML+before+React+loaded.%0A%0Ahttps%3A%2F%2Freact.dev%2Flink%2Fhydration-mismatch%0A%0A++...%0A++++%3CHotReload+assetPrefix%3D%22%22%3E%0A++++++%3CReactDevOverlay+state%3D%7B%7BnextId%3A1%2C+...%7D%7D+dispatcher%3D%7B%7B...%7D%... [truncated]
  response: {"originalStackFrame":{"file":"../src/client/components/react-dev-overlay/internal/helpers/console-error.ts","lineNumber":14,"column":35,"methodName":"createUnhandledError","arguments":[],"ignored":true},"originalCodeFrame":"\u001b[0m \u001b[90m 12 |\u001b[39m \u001b[36mexport\u001b[39m \u001b[36mfunction\u001b[39m createUnhandledError(message\u001b[33m:\u001b[39m string \u001b[33m|\u001b[39m \u001b[33mError\u001b[39m)\u001b[33m:\u001b[39m \u001b[33mUnhandledError\u001b[39m {\u001b[0m\n\u001b[0m \u001b[90m 13 |\u001b[39m   \u001b[36mconst\u001b[39m error \u001b[33m=\u001b[39m (\u001b[0m\n\u001b[0m\u001b[31m\u001b[1m>\u001b[22m\u001b[39m\u001b[90m 14 |\u001b[39m     \u001b[36mtypeof\u001b[39m message \u001b[33m===\u001b[39m \u001b[32m'string'\u001b[39m \u001b[33m?\u001b[39m \u001b[36mnew\u001b[39m \u001b[33mError\u001b[39m(message) \u001b[33m:\u001b[39m message\u001b[0m\n\u001b[0m \u001b[90m    |\u001b[39m                                   \u001b[31m\u001b[1m^\u001b[22m\u001b[39m\u001b[0m\n\u001b[0m \u001b[90m 15 |\u001b[39m   ) \u001b[36mas\u001b[39m \u001b[33mUnhandledError\u001b[39m\u001b[0m\n\u001b[0m \u001b[90m 16 |\u001b[39m   error[digestSym] \u001b[33m=\u001b[39m \u001b[32m'NEXT_UNHANDLED_ERROR'\u001b[39m\u001b[0m\n\u001b[0m \u001b[90m 17 |\u001b[39m   error[consoleTypeSym] \u001b[33m=\u001b[39m \u001b[36mtypeof\u001b[39m message \u001b[33m===\u001b[39m \u001b[32m'string'\u001b[39m \u001b[33m?\u001b[39m \u001b[32m'string'\u001b[39m \u001b[33m:\u001b[39m \u001b[32m'error'\u001b[39m\u001b[0m"}
2026-02-27T22:02:23.055Z [network][GET 200] /__nextjs_original-stack-frame?isServer=false&isEdgeServer=false&isAppDirectory=true&errorMessage=Error%3A+A+tree+hydrated+but+some+attributes+of+the+server+rendered+HTML+didn%27t+match+the+client+properties.+This+won%27t+be+patched+up.+This+can+happen+if+a+SSR-ed+Client+Component+used%3A%0A%0A-+A+server%2Fclient+branch+%60if+%28typeof+window+%21%3D%3D+%27undefined%27%29%60.%0A-+Variable+input+such+as+%60Date.now%28%29%60+or+%60Math.random%28%29%60+which+changes+each+time+it%27s+called.%0A-+Date+formatting+in+a+user%27s+locale+which+doesn%27t+match+the+server.%0A-+External+changing+data+without+sending+a+snapshot+of+it+along+with+the+HTML.%0A-+Invalid+HTML+tag+nesting.%0A%0AIt+can+also+happen+if+the+client+has+a+browser+extension+installed+which+messes+with+the+HTML+before+React+loaded.%0A%0Ahttps%3A%2F%2Freact.dev%2Flink%2Fhydration-mismatch%0A%0A++...%0A++++%3CHotReload+assetPrefix%3D%22%22%3E%0A++++++%3CReactDevOverlay+state%3D%7B%7BnextId%3A1%2C+...%7D%7D+dispatcher%3D%7B%7B...%7D%... [truncated]
  response: {"originalStackFrame":{"file":"node_modules/next/dist/compiled/react-dom/cjs/react-dom-client.development.js","lineNumber":15057,"column":1,"methodName":"workLoopConcurrent","arguments":[],"ignored":true},"originalCodeFrame":null}
2026-02-27T22:02:23.061Z [network][GET 200] /__nextjs_original-stack-frame?isServer=false&isEdgeServer=false&isAppDirectory=true&errorMessage=Error%3A+A+tree+hydrated+but+some+attributes+of+the+server+rendered+HTML+didn%27t+match+the+client+properties.+This+won%27t+be+patched+up.+This+can+happen+if+a+SSR-ed+Client+Component+used%3A%0A%0A-+A+server%2Fclient+branch+%60if+%28typeof+window+%21%3D%3D+%27undefined%27%29%60.%0A-+Variable+input+such+as+%60Date.now%28%29%60+or+%60Math.random%28%29%60+which+changes+each+time+it%27s+called.%0A-+Date+formatting+in+a+user%27s+locale+which+doesn%27t+match+the+server.%0A-+External+changing+data+without+sending+a+snapshot+of+it+along+with+the+HTML.%0A-+Invalid+HTML+tag+nesting.%0A%0AIt+can+also+happen+if+the+client+has+a+browser+extension+installed+which+messes+with+the+HTML+before+React+loaded.%0A%0Ahttps%3A%2F%2Freact.dev%2Flink%2Fhydration-mismatch%0A%0A++...%0A++++%3CHotReload+assetPrefix%3D%22%22%3E%0A++++++%3CReactDevOverlay+state%3D%7B%7BnextId%3A1%2C+...%7D%7D+dispatcher%3D%7B%7B...%7D%... [truncated]
  response: {"originalStackFrame":{"file":"../src/client/components/react-dev-overlay/internal/helpers/use-error-handler.ts","lineNumber":30,"column":34,"methodName":"formattedErrorMessage","arguments":[],"ignored":true},"originalCodeFrame":"\u001b[0m \u001b[90m 28 |\u001b[39m     \u001b[90m// If it's not an error, format the args into an error\u001b[39m\u001b[0m\n\u001b[0m \u001b[90m 29 |\u001b[39m     \u001b[36mconst\u001b[39m formattedErrorMessage \u001b[33m=\u001b[39m formatConsoleArgs(consoleErrorArgs)\u001b[0m\n\u001b[0m\u001b[31m\u001b[1m>\u001b[22m\u001b[39m\u001b[90m 30 |\u001b[39m     error \u001b[33m=\u001b[39m createUnhandledError(formattedErrorMessage)\u001b[0m\n\u001b[0m \u001b[90m    |\u001b[39m                                  \u001b[31m\u001b[1m^\u001b[22m\u001b[39m\u001b[0m\n\u001b[0m \u001b[90m 31 |\u001b[39m   } \u001b[36melse\u001b[39m {\u001b[0m\n\u001b[0m \u001b[90m 32 |\u001b[39m     error \u001b[33m=\u001b[39m capturedFromConsole\u001b[0m\n\u001b[0m \u001b[90m 33 |\u001b[39m       \u001b[33m?\u001b[39m createUnhandledError(originError)\u001b[0m"}
2026-02-27T22:02:23.061Z [network][GET 200] /__nextjs_original-stack-frame?isServer=false&isEdgeServer=false&isAppDirectory=true&errorMessage=Error%3A+A+tree+hydrated+but+some+attributes+of+the+server+rendered+HTML+didn%27t+match+the+client+properties.+This+won%27t+be+patched+up.+This+can+happen+if+a+SSR-ed+Client+Component+used%3A%0A%0A-+A+server%2Fclient+branch+%60if+%28typeof+window+%21%3D%3D+%27undefined%27%29%60.%0A-+Variable+input+such+as+%60Date.now%28%29%60+or+%60Math.random%28%29%60+which+changes+each+time+it%27s+called.%0A-+Date+formatting+in+a+user%27s+locale+which+doesn%27t+match+the+server.%0A-+External+changing+data+without+sending+a+snapshot+of+it+along+with+the+HTML.%0A-+Invalid+HTML+tag+nesting.%0A%0AIt+can+also+happen+if+the+client+has+a+browser+extension+installed+which+messes+with+the+HTML+before+React+loaded.%0A%0Ahttps%3A%2F%2Freact.dev%2Flink%2Fhydration-mismatch%0A%0A++...%0A++++%3CHotReload+assetPrefix%3D%22%22%3E%0A++++++%3CReactDevOverlay+state%3D%7B%7BnextId%3A1%2C+...%7D%7D+dispatcher%3D%7B%7B...%7D%... [truncated]
  response: {"originalStackFrame":{"file":"../src/client/components/globals/intercept-console-error.ts","lineNumber":32,"column":11,"methodName":"console.error","arguments":[],"ignored":true},"originalCodeFrame":"\u001b[0m \u001b[90m 30 |\u001b[39m       \u001b[36mif\u001b[39m (process\u001b[33m.\u001b[39menv\u001b[33m.\u001b[39m\u001b[33mNODE_ENV\u001b[39m \u001b[33m!==\u001b[39m \u001b[32m'production'\u001b[39m) {\u001b[0m\n\u001b[0m \u001b[90m 31 |\u001b[39m         handleClientError(\u001b[0m\n\u001b[0m\u001b[31m\u001b[1m>\u001b[22m\u001b[39m\u001b[90m 32 |\u001b[39m           \u001b[90m// replayed errors have their own complex format string that should be used,\u001b[39m\u001b[0m\n\u001b[0m \u001b[90m    |\u001b[39m           \u001b[31m\u001b[1m^\u001b[22m\u001b[39m\u001b[0m\n\u001b[0m \u001b[90m 33 |\u001b[39m           \u001b[90m// but if we pass the error directly, `handleClientError` will ignore it\u001b[39m\u001b[0m\n\u001b[0m \u001b[90m 34 |\u001b[39m           maybeError\u001b[33m,\u001b[39m\u001b[0m\n\u001b[0m \u001b[90m 35 |\u001b[39m           args\u001b[33m,\u001b[39m\u001b[0m"}
2026-02-27T22:02:23.067Z [network][GET 200] /__nextjs_original-stack-frame?isServer=false&isEdgeServer=false&isAppDirectory=true&errorMessage=Error%3A+A+tree+hydrated+but+some+attributes+of+the+server+rendered+HTML+didn%27t+match+the+client+properties.+This+won%27t+be+patched+up.+This+can+happen+if+a+SSR-ed+Client+Component+used%3A%0A%0A-+A+server%2Fclient+branch+%60if+%28typeof+window+%21%3D%3D+%27undefined%27%29%60.%0A-+Variable+input+such+as+%60Date.now%28%29%60+or+%60Math.random%28%29%60+which+changes+each+time+it%27s+called.%0A-+Date+formatting+in+a+user%27s+locale+which+doesn%27t+match+the+server.%0A-+External+changing+data+without+sending+a+snapshot+of+it+along+with+the+HTML.%0A-+Invalid+HTML+tag+nesting.%0A%0AIt+can+also+happen+if+the+client+has+a+browser+extension+installed+which+messes+with+the+HTML+before+React+loaded.%0A%0Ahttps%3A%2F%2Freact.dev%2Flink%2Fhydration-mismatch%0A%0A++...%0A++++%3CHotReload+assetPrefix%3D%22%22%3E%0A++++++%3CReactDevOverlay+state%3D%7B%7BnextId%3A1%2C+...%7D%7D+dispatcher%3D%7B%7B...%7D%... [truncated]
  response: {"originalStackFrame":{"file":"node_modules/next/dist/compiled/react-dom/cjs/react-dom-client.development.js","lineNumber":15032,"column":1,"methodName":"renderRootConcurrent","arguments":[],"ignored":true},"originalCodeFrame":null}
2026-02-27T22:02:23.067Z [network][GET 200] /__nextjs_original-stack-frame?isServer=false&isEdgeServer=false&isAppDirectory=true&errorMessage=Error%3A+A+tree+hydrated+but+some+attributes+of+the+server+rendered+HTML+didn%27t+match+the+client+properties.+This+won%27t+be+patched+up.+This+can+happen+if+a+SSR-ed+Client+Component+used%3A%0A%0A-+A+server%2Fclient+branch+%60if+%28typeof+window+%21%3D%3D+%27undefined%27%29%60.%0A-+Variable+input+such+as+%60Date.now%28%29%60+or+%60Math.random%28%29%60+which+changes+each+time+it%27s+called.%0A-+Date+formatting+in+a+user%27s+locale+which+doesn%27t+match+the+server.%0A-+External+changing+data+without+sending+a+snapshot+of+it+along+with+the+HTML.%0A-+Invalid+HTML+tag+nesting.%0A%0AIt+can+also+happen+if+the+client+has+a+browser+extension+installed+which+messes+with+the+HTML+before+React+loaded.%0A%0Ahttps%3A%2F%2Freact.dev%2Flink%2Fhydration-mismatch%0A%0A++...%0A++++%3CHotReload+assetPrefix%3D%22%22%3E%0A++++++%3CReactDevOverlay+state%3D%7B%7BnextId%3A1%2C+...%7D%7D+dispatcher%3D%7B%7B...%7D%... [truncated]
  response: {"originalStackFrame":{"file":"node_modules/next/dist/compiled/react-dom/cjs/react-dom-client.development.js","lineNumber":14349,"column":1,"methodName":"performWorkOnRoot","arguments":[],"ignored":true},"originalCodeFrame":null}
2026-02-27T22:02:23.110Z [network][GET 200] /__nextjs_original-stack-frame?isServer=false&isEdgeServer=false&isAppDirectory=true&errorMessage=Error%3A+A+tree+hydrated+but+some+attributes+of+the+server+rendered+HTML+didn%27t+match+the+client+properties.+This+won%27t+be+patched+up.+This+can+happen+if+a+SSR-ed+Client+Component+used%3A%0A%0A-+A+server%2Fclient+branch+%60if+%28typeof+window+%21%3D%3D+%27undefined%27%29%60.%0A-+Variable+input+such+as+%60Date.now%28%29%60+or+%60Math.random%28%29%60+which+changes+each+time+it%27s+called.%0A-+Date+formatting+in+a+user%27s+locale+which+doesn%27t+match+the+server.%0A-+External+changing+data+without+sending+a+snapshot+of+it+along+with+the+HTML.%0A-+Invalid+HTML+tag+nesting.%0A%0AIt+can+also+happen+if+the+client+has+a+browser+extension+installed+which+messes+with+the+HTML+before+React+loaded.%0A%0Ahttps%3A%2F%2Freact.dev%2Flink%2Fhydration-mismatch%0A%0A++...%0A++++%3CHotReload+assetPrefix%3D%22%22%3E%0A++++++%3CReactDevOverlay+state%3D%7B%7BnextId%3A1%2C+...%7D%7D+dispatcher%3D%7B%7B...%7D%... [truncated]
  response: {"originalStackFrame":{"file":"node_modules/next/dist/compiled/react-dom/cjs/react-dom-client.development.js","lineNumber":15954,"column":1,"methodName":"performWorkOnRootViaSchedulerTask","arguments":[],"ignored":true},"originalCodeFrame":null}
2026-02-27T22:02:23.111Z [network][GET 200] /__nextjs_original-stack-frame?isServer=false&isEdgeServer=false&isAppDirectory=true&errorMessage=Error%3A+A+tree+hydrated+but+some+attributes+of+the+server+rendered+HTML+didn%27t+match+the+client+properties.+This+won%27t+be+patched+up.+This+can+happen+if+a+SSR-ed+Client+Component+used%3A%0A%0A-+A+server%2Fclient+branch+%60if+%28typeof+window+%21%3D%3D+%27undefined%27%29%60.%0A-+Variable+input+such+as+%60Date.now%28%29%60+or+%60Math.random%28%29%60+which+changes+each+time+it%27s+called.%0A-+Date+formatting+in+a+user%27s+locale+which+doesn%27t+match+the+server.%0A-+External+changing+data+without+sending+a+snapshot+of+it+along+with+the+HTML.%0A-+Invalid+HTML+tag+nesting.%0A%0AIt+can+also+happen+if+the+client+has+a+browser+extension+installed+which+messes+with+the+HTML+before+React+loaded.%0A%0Ahttps%3A%2F%2Freact.dev%2Flink%2Fhydration-mismatch%0A%0A++...%0A++++%3CHotReload+assetPrefix%3D%22%22%3E%0A++++++%3CReactDevOverlay+state%3D%7B%7BnextId%3A1%2C+...%7D%7D+dispatcher%3D%7B%7B...%7D%... [truncated]
  response: {"originalStackFrame":{"file":"node_modules/next/dist/compiled/scheduler/cjs/scheduler.development.js","lineNumber":44,"column":1,"methodName":"MessagePort.performWorkUntilDeadline","arguments":[],"ignored":true},"originalCodeFrame":null}
2026-02-27T22:02:23.350Z [network][GET 200] /__nextjs_original-stack-frame?isServer=false&isEdgeServer=false&isAppDirectory=true&errorMessage=Error%3A+A+tree+hydrated+but+some+attributes+of+the+server+rendered+HTML+didn%27t+match+the+client+properties.+This+won%27t+be+patched+up.+This+can+happen+if+a+SSR-ed+Client+Component+used%3A%0A%0A-+A+server%2Fclient+branch+%60if+%28typeof+window+%21%3D%3D+%27undefined%27%29%60.%0A-+Variable+input+such+as+%60Date.now%28%29%60+or+%60Math.random%28%29%60+which+changes+each+time+it%27s+called.%0A-+Date+formatting+in+a+user%27s+locale+which+doesn%27t+match+the+server.%0A-+External+changing+data+without+sending+a+snapshot+of+it+along+with+the+HTML.%0A-+Invalid+HTML+tag+nesting.%0A%0AIt+can+also+happen+if+the+client+has+a+browser+extension+installed+which+messes+with+the+HTML+before+React+loaded.%0A%0Ahttps%3A%2F%2Freact.dev%2Flink%2Fhydration-mismatch%0A%0A++...%0A++++%3CErrorBoundary+errorComponent%3D%7Bundefined%7D+errorStyles%3D%7Bundefined%7D+errorScripts%3D%7Bundefined%7D%3E%0A++++++%3CLoa... [truncated]
  response: {"originalStackFrame":{"file":"<anonymous>","lineNumber":132,"column":36,"methodName":"console.error","ignored":false,"arguments":[]},"originalCodeFrame":null}
2026-02-27T22:02:23.350Z [network][GET 200] /__nextjs_original-stack-frame?isServer=false&isEdgeServer=false&isAppDirectory=true&errorMessage=Error%3A+A+tree+hydrated+but+some+attributes+of+the+server+rendered+HTML+didn%27t+match+the+client+properties.+This+won%27t+be+patched+up.+This+can+happen+if+a+SSR-ed+Client+Component+used%3A%0A%0A-+A+server%2Fclient+branch+%60if+%28typeof+window+%21%3D%3D+%27undefined%27%29%60.%0A-+Variable+input+such+as+%60Date.now%28%29%60+or+%60Math.random%28%29%60+which+changes+each+time+it%27s+called.%0A-+Date+formatting+in+a+user%27s+locale+which+doesn%27t+match+the+server.%0A-+External+changing+data+without+sending+a+snapshot+of+it+along+with+the+HTML.%0A-+Invalid+HTML+tag+nesting.%0A%0AIt+can+also+happen+if+the+client+has+a+browser+extension+installed+which+messes+with+the+HTML+before+React+loaded.%0A%0Ahttps%3A%2F%2Freact.dev%2Flink%2Fhydration-mismatch%0A%0A++...%0A++++%3CErrorBoundary+errorComponent%3D%7Bundefined%7D+errorStyles%3D%7Bundefined%7D+errorScripts%3D%7Bundefined%7D%3E%0A++++++%3CLoa... [truncated]
  response: {"originalStackFrame":{"file":"node_modules/next/dist/compiled/react-dom/cjs/react-dom-client.development.js","lineNumber":4299,"column":1,"methodName":"emitPendingHydrationWarnings","arguments":[],"ignored":true},"originalCodeFrame":null}
2026-02-27T22:02:23.351Z [network][GET 200] /__nextjs_original-stack-frame?isServer=false&isEdgeServer=false&isAppDirectory=true&errorMessage=Error%3A+A+tree+hydrated+but+some+attributes+of+the+server+rendered+HTML+didn%27t+match+the+client+properties.+This+won%27t+be+patched+up.+This+can+happen+if+a+SSR-ed+Client+Component+used%3A%0A%0A-+A+server%2Fclient+branch+%60if+%28typeof+window+%21%3D%3D+%27undefined%27%29%60.%0A-+Variable+input+such+as+%60Date.now%28%29%60+or+%60Math.random%28%29%60+which+changes+each+time+it%27s+called.%0A-+Date+formatting+in+a+user%27s+locale+which+doesn%27t+match+the+server.%0A-+External+changing+data+without+sending+a+snapshot+of+it+along+with+the+HTML.%0A-+Invalid+HTML+tag+nesting.%0A%0AIt+can+also+happen+if+the+client+has+a+browser+extension+installed+which+messes+with+the+HTML+before+React+loaded.%0A%0Ahttps%3A%2F%2Freact.dev%2Flink%2Fhydration-mismatch%0A%0A++...%0A++++%3CErrorBoundary+errorComponent%3D%7Bundefined%7D+errorStyles%3D%7Bundefined%7D+errorScripts%3D%7Bundefined%7D%3E%0A++++++%3CLoa... [truncated]
  response: {"originalStackFrame":{"file":"node_modules/next/dist/compiled/react-dom/cjs/react-dom-client.development.js","lineNumber":13909,"column":1,"methodName":"completeWork","arguments":[],"ignored":true},"originalCodeFrame":null}
2026-02-27T22:02:23.351Z [network][GET 200] /__nextjs_original-stack-frame?isServer=false&isEdgeServer=false&isAppDirectory=true&errorMessage=Error%3A+A+tree+hydrated+but+some+attributes+of+the+server+rendered+HTML+didn%27t+match+the+client+properties.+This+won%27t+be+patched+up.+This+can+happen+if+a+SSR-ed+Client+Component+used%3A%0A%0A-+A+server%2Fclient+branch+%60if+%28typeof+window+%21%3D%3D+%27undefined%27%29%60.%0A-+Variable+input+such+as+%60Date.now%28%29%60+or+%60Math.random%28%29%60+which+changes+each+time+it%27s+called.%0A-+Date+formatting+in+a+user%27s+locale+which+doesn%27t+match+the+server.%0A-+External+changing+data+without+sending+a+snapshot+of+it+along+with+the+HTML.%0A-+Invalid+HTML+tag+nesting.%0A%0AIt+can+also+happen+if+the+client+has+a+browser+extension+installed+which+messes+with+the+HTML+before+React+loaded.%0A%0Ahttps%3A%2F%2Freact.dev%2Flink%2Fhydration-mismatch%0A%0A++...%0A++++%3CErrorBoundary+errorComponent%3D%7Bundefined%7D+errorStyles%3D%7Bundefined%7D+errorScripts%3D%7Bundefined%7D%3E%0A++++++%3CLoa... [truncated]
  response: {"originalStackFrame":{"file":"../src/client/components/react-dev-overlay/internal/helpers/console-error.ts","lineNumber":14,"column":35,"methodName":"createUnhandledError","arguments":[],"ignored":true},"originalCodeFrame":"\u001b[0m \u001b[90m 12 |\u001b[39m \u001b[36mexport\u001b[39m \u001b[36mfunction\u001b[39m createUnhandledError(message\u001b[33m:\u001b[39m string \u001b[33m|\u001b[39m \u001b[33mError\u001b[39m)\u001b[33m:\u001b[39m \u001b[33mUnhandledError\u001b[39m {\u001b[0m\n\u001b[0m \u001b[90m 13 |\u001b[39m   \u001b[36mconst\u001b[39m error \u001b[33m=\u001b[39m (\u001b[0m\n\u001b[0m\u001b[31m\u001b[1m>\u001b[22m\u001b[39m\u001b[90m 14 |\u001b[39m     \u001b[36mtypeof\u001b[39m message \u001b[33m===\u001b[39m \u001b[32m'string'\u001b[39m \u001b[33m?\u001b[39m \u001b[36mnew\u001b[39m \u001b[33mError\u001b[39m(message) \u001b[33m:\u001b[39m message\u001b[0m\n\u001b[0m \u001b[90m    |\u001b[39m                                   \u001b[31m\u001b[1m^\u001b[22m\u001b[39m\u001b[0m\n\u001b[0m \u001b[90m 15 |\u001b[39m   ) \u001b[36mas\u001b[39m \u001b[33mUnhandledError\u001b[39m\u001b[0m\n\u001b[0m \u001b[90m 16 |\u001b[39m   error[digestSym] \u001b[33m=\u001b[39m \u001b[32m'NEXT_UNHANDLED_ERROR'\u001b[39m\u001b[0m\n\u001b[0m \u001b[90m 17 |\u001b[39m   error[consoleTypeSym] \u001b[33m=\u001b[39m \u001b[36mtypeof\u001b[39m message \u001b[33m===\u001b[39m \u001b[32m'string'\u001b[39m \u001b[33m?\u001b[39m \u001b[32m'string'\u001b[39m \u001b[33m:\u001b[39m \u001b[32m'error'\u001b[39m\u001b[0m"}
2026-02-27T22:02:23.351Z [network][GET 200] /__nextjs_original-stack-frame?isServer=false&isEdgeServer=false&isAppDirectory=true&errorMessage=Error%3A+A+tree+hydrated+but+some+attributes+of+the+server+rendered+HTML+didn%27t+match+the+client+properties.+This+won%27t+be+patched+up.+This+can+happen+if+a+SSR-ed+Client+Component+used%3A%0A%0A-+A+server%2Fclient+branch+%60if+%28typeof+window+%21%3D%3D+%27undefined%27%29%60.%0A-+Variable+input+such+as+%60Date.now%28%29%60+or+%60Math.random%28%29%60+which+changes+each+time+it%27s+called.%0A-+Date+formatting+in+a+user%27s+locale+which+doesn%27t+match+the+server.%0A-+External+changing+data+without+sending+a+snapshot+of+it+along+with+the+HTML.%0A-+Invalid+HTML+tag+nesting.%0A%0AIt+can+also+happen+if+the+client+has+a+browser+extension+installed+which+messes+with+the+HTML+before+React+loaded.%0A%0Ahttps%3A%2F%2Freact.dev%2Flink%2Fhydration-mismatch%0A%0A++...%0A++++%3CErrorBoundary+errorComponent%3D%7Bundefined%7D+errorStyles%3D%7Bundefined%7D+errorScripts%3D%7Bundefined%7D%3E%0A++++++%3CLoa... [truncated]
  response: {"originalStackFrame":{"file":"../src/client/components/react-dev-overlay/internal/helpers/use-error-handler.ts","lineNumber":30,"column":34,"methodName":"formattedErrorMessage","arguments":[],"ignored":true},"originalCodeFrame":"\u001b[0m \u001b[90m 28 |\u001b[39m     \u001b[90m// If it's not an error, format the args into an error\u001b[39m\u001b[0m\n\u001b[0m \u001b[90m 29 |\u001b[39m     \u001b[36mconst\u001b[39m formattedErrorMessage \u001b[33m=\u001b[39m formatConsoleArgs(consoleErrorArgs)\u001b[0m\n\u001b[0m\u001b[31m\u001b[1m>\u001b[22m\u001b[39m\u001b[90m 30 |\u001b[39m     error \u001b[33m=\u001b[39m createUnhandledError(formattedErrorMessage)\u001b[0m\n\u001b[0m \u001b[90m    |\u001b[39m                                  \u001b[31m\u001b[1m^\u001b[22m\u001b[39m\u001b[0m\n\u001b[0m \u001b[90m 31 |\u001b[39m   } \u001b[36melse\u001b[39m {\u001b[0m\n\u001b[0m \u001b[90m 32 |\u001b[39m     error \u001b[33m=\u001b[39m capturedFromConsole\u001b[0m\n\u001b[0m \u001b[90m 33 |\u001b[39m       \u001b[33m?\u001b[39m createUnhandledError(originError)\u001b[0m"}
2026-02-27T22:02:23.351Z [network][GET 200] /__nextjs_original-stack-frame?isServer=false&isEdgeServer=false&isAppDirectory=true&errorMessage=Error%3A+A+tree+hydrated+but+some+attributes+of+the+server+rendered+HTML+didn%27t+match+the+client+properties.+This+won%27t+be+patched+up.+This+can+happen+if+a+SSR-ed+Client+Component+used%3A%0A%0A-+A+server%2Fclient+branch+%60if+%28typeof+window+%21%3D%3D+%27undefined%27%29%60.%0A-+Variable+input+such+as+%60Date.now%28%29%60+or+%60Math.random%28%29%60+which+changes+each+time+it%27s+called.%0A-+Date+formatting+in+a+user%27s+locale+which+doesn%27t+match+the+server.%0A-+External+changing+data+without+sending+a+snapshot+of+it+along+with+the+HTML.%0A-+Invalid+HTML+tag+nesting.%0A%0AIt+can+also+happen+if+the+client+has+a+browser+extension+installed+which+messes+with+the+HTML+before+React+loaded.%0A%0Ahttps%3A%2F%2Freact.dev%2Flink%2Fhydration-mismatch%0A%0A++...%0A++++%3CErrorBoundary+errorComponent%3D%7Bundefined%7D+errorStyles%3D%7Bundefined%7D+errorScripts%3D%7Bundefined%7D%3E%0A++++++%3CLoa... [truncated]
  response: {"originalStackFrame":{"file":"../src/client/components/globals/intercept-console-error.ts","lineNumber":32,"column":11,"methodName":"console.error","arguments":[],"ignored":true},"originalCodeFrame":"\u001b[0m \u001b[90m 30 |\u001b[39m       \u001b[36mif\u001b[39m (process\u001b[33m.\u001b[39menv\u001b[33m.\u001b[39m\u001b[33mNODE_ENV\u001b[39m \u001b[33m!==\u001b[39m \u001b[32m'production'\u001b[39m) {\u001b[0m\n\u001b[0m \u001b[90m 31 |\u001b[39m         handleClientError(\u001b[0m\n\u001b[0m\u001b[31m\u001b[1m>\u001b[22m\u001b[39m\u001b[90m 32 |\u001b[39m           \u001b[90m// replayed errors have their own complex format string that should be used,\u001b[39m\u001b[0m\n\u001b[0m \u001b[90m    |\u001b[39m           \u001b[31m\u001b[1m^\u001b[22m\u001b[39m\u001b[0m\n\u001b[0m \u001b[90m 33 |\u001b[39m           \u001b[90m// but if we pass the error directly, `handleClientError` will ignore it\u001b[39m\u001b[0m\n\u001b[0m \u001b[90m 34 |\u001b[39m           maybeError\u001b[33m,\u001b[39m\u001b[0m\n\u001b[0m \u001b[90m 35 |\u001b[39m           args\u001b[33m,\u001b[39m\u001b[0m"}
2026-02-27T22:02:23.357Z [network][GET 200] /__nextjs_original-stack-frame?isServer=false&isEdgeServer=false&isAppDirectory=true&errorMessage=Error%3A+A+tree+hydrated+but+some+attributes+of+the+server+rendered+HTML+didn%27t+match+the+client+properties.+This+won%27t+be+patched+up.+This+can+happen+if+a+SSR-ed+Client+Component+used%3A%0A%0A-+A+server%2Fclient+branch+%60if+%28typeof+window+%21%3D%3D+%27undefined%27%29%60.%0A-+Variable+input+such+as+%60Date.now%28%29%60+or+%60Math.random%28%29%60+which+changes+each+time+it%27s+called.%0A-+Date+formatting+in+a+user%27s+locale+which+doesn%27t+match+the+server.%0A-+External+changing+data+without+sending+a+snapshot+of+it+along+with+the+HTML.%0A-+Invalid+HTML+tag+nesting.%0A%0AIt+can+also+happen+if+the+client+has+a+browser+extension+installed+which+messes+with+the+HTML+before+React+loaded.%0A%0Ahttps%3A%2F%2Freact.dev%2Flink%2Fhydration-mismatch%0A%0A++...%0A++++%3CErrorBoundary+errorComponent%3D%7Bundefined%7D+errorStyles%3D%7Bundefined%7D+errorScripts%3D%7Bundefined%7D%3E%0A++++++%3CLoa... [truncated]
  response: {"originalStackFrame":{"file":"node_modules/next/dist/compiled/react-dom/cjs/react-dom-client.development.js","lineNumber":543,"column":1,"methodName":"runWithFiberInDEV","arguments":[],"ignored":true},"originalCodeFrame":null}
2026-02-27T22:02:23.364Z [network][GET 200] /__nextjs_original-stack-frame?isServer=false&isEdgeServer=false&isAppDirectory=true&errorMessage=Error%3A+A+tree+hydrated+but+some+attributes+of+the+server+rendered+HTML+didn%27t+match+the+client+properties.+This+won%27t+be+patched+up.+This+can+happen+if+a+SSR-ed+Client+Component+used%3A%0A%0A-+A+server%2Fclient+branch+%60if+%28typeof+window+%21%3D%3D+%27undefined%27%29%60.%0A-+Variable+input+such+as+%60Date.now%28%29%60+or+%60Math.random%28%29%60+which+changes+each+time+it%27s+called.%0A-+Date+formatting+in+a+user%27s+locale+which+doesn%27t+match+the+server.%0A-+External+changing+data+without+sending+a+snapshot+of+it+along+with+the+HTML.%0A-+Invalid+HTML+tag+nesting.%0A%0AIt+can+also+happen+if+the+client+has+a+browser+extension+installed+which+messes+with+the+HTML+before+React+loaded.%0A%0Ahttps%3A%2F%2Freact.dev%2Flink%2Fhydration-mismatch%0A%0A++...%0A++++%3CErrorBoundary+errorComponent%3D%7Bundefined%7D+errorStyles%3D%7Bundefined%7D+errorScripts%3D%7Bundefined%7D%3E%0A++++++%3CLoa... [truncated]
  response: {"originalStackFrame":{"file":"node_modules/next/dist/compiled/react-dom/cjs/react-dom-client.development.js","lineNumber":15199,"column":1,"methodName":"completeUnitOfWork","arguments":[],"ignored":true},"originalCodeFrame":null}
2026-02-27T22:02:23.364Z [network][GET 200] /__nextjs_original-stack-frame?isServer=false&isEdgeServer=false&isAppDirectory=true&errorMessage=Error%3A+A+tree+hydrated+but+some+attributes+of+the+server+rendered+HTML+didn%27t+match+the+client+properties.+This+won%27t+be+patched+up.+This+can+happen+if+a+SSR-ed+Client+Component+used%3A%0A%0A-+A+server%2Fclient+branch+%60if+%28typeof+window+%21%3D%3D+%27undefined%27%29%60.%0A-+Variable+input+such+as+%60Date.now%28%29%60+or+%60Math.random%28%29%60+which+changes+each+time+it%27s+called.%0A-+Date+formatting+in+a+user%27s+locale+which+doesn%27t+match+the+server.%0A-+External+changing+data+without+sending+a+snapshot+of+it+along+with+the+HTML.%0A-+Invalid+HTML+tag+nesting.%0A%0AIt+can+also+happen+if+the+client+has+a+browser+extension+installed+which+messes+with+the+HTML+before+React+loaded.%0A%0Ahttps%3A%2F%2Freact.dev%2Flink%2Fhydration-mismatch%0A%0A++...%0A++++%3CErrorBoundary+errorComponent%3D%7Bundefined%7D+errorStyles%3D%7Bundefined%7D+errorScripts%3D%7Bundefined%7D%3E%0A++++++%3CLoa... [truncated]
  response: {"originalStackFrame":{"file":"node_modules/next/dist/compiled/react-dom/cjs/react-dom-client.development.js","lineNumber":15057,"column":1,"methodName":"workLoopConcurrent","arguments":[],"ignored":true},"originalCodeFrame":null}
2026-02-27T22:02:23.364Z [network][GET 200] /__nextjs_original-stack-frame?isServer=false&isEdgeServer=false&isAppDirectory=true&errorMessage=Error%3A+A+tree+hydrated+but+some+attributes+of+the+server+rendered+HTML+didn%27t+match+the+client+properties.+This+won%27t+be+patched+up.+This+can+happen+if+a+SSR-ed+Client+Component+used%3A%0A%0A-+A+server%2Fclient+branch+%60if+%28typeof+window+%21%3D%3D+%27undefined%27%29%60.%0A-+Variable+input+such+as+%60Date.now%28%29%60+or+%60Math.random%28%29%60+which+changes+each+time+it%27s+called.%0A-+Date+formatting+in+a+user%27s+locale+which+doesn%27t+match+the+server.%0A-+External+changing+data+without+sending+a+snapshot+of+it+along+with+the+HTML.%0A-+Invalid+HTML+tag+nesting.%0A%0AIt+can+also+happen+if+the+client+has+a+browser+extension+installed+which+messes+with+the+HTML+before+React+loaded.%0A%0Ahttps%3A%2F%2Freact.dev%2Flink%2Fhydration-mismatch%0A%0A++...%0A++++%3CErrorBoundary+errorComponent%3D%7Bundefined%7D+errorStyles%3D%7Bundefined%7D+errorScripts%3D%7Bundefined%7D%3E%0A++++++%3CLoa... [truncated]
  response: {"originalStackFrame":{"file":"node_modules/next/dist/compiled/react-dom/cjs/react-dom-client.development.js","lineNumber":15080,"column":1,"methodName":"performUnitOfWork","arguments":[],"ignored":true},"originalCodeFrame":null}
2026-02-27T22:02:23.370Z [network][GET 200] /__nextjs_original-stack-frame?isServer=false&isEdgeServer=false&isAppDirectory=true&errorMessage=Error%3A+A+tree+hydrated+but+some+attributes+of+the+server+rendered+HTML+didn%27t+match+the+client+properties.+This+won%27t+be+patched+up.+This+can+happen+if+a+SSR-ed+Client+Component+used%3A%0A%0A-+A+server%2Fclient+branch+%60if+%28typeof+window+%21%3D%3D+%27undefined%27%29%60.%0A-+Variable+input+such+as+%60Date.now%28%29%60+or+%60Math.random%28%29%60+which+changes+each+time+it%27s+called.%0A-+Date+formatting+in+a+user%27s+locale+which+doesn%27t+match+the+server.%0A-+External+changing+data+without+sending+a+snapshot+of+it+along+with+the+HTML.%0A-+Invalid+HTML+tag+nesting.%0A%0AIt+can+also+happen+if+the+client+has+a+browser+extension+installed+which+messes+with+the+HTML+before+React+loaded.%0A%0Ahttps%3A%2F%2Freact.dev%2Flink%2Fhydration-mismatch%0A%0A++...%0A++++%3CErrorBoundary+errorComponent%3D%7Bundefined%7D+errorStyles%3D%7Bundefined%7D+errorScripts%3D%7Bundefined%7D%3E%0A++++++%3CLoa... [truncated]
  response: {"originalStackFrame":{"file":"node_modules/next/dist/compiled/react-dom/cjs/react-dom-client.development.js","lineNumber":15032,"column":1,"methodName":"renderRootConcurrent","arguments":[],"ignored":true},"originalCodeFrame":null}
2026-02-27T22:02:23.370Z [network][GET 200] /__nextjs_original-stack-frame?isServer=false&isEdgeServer=false&isAppDirectory=true&errorMessage=Error%3A+A+tree+hydrated+but+some+attributes+of+the+server+rendered+HTML+didn%27t+match+the+client+properties.+This+won%27t+be+patched+up.+This+can+happen+if+a+SSR-ed+Client+Component+used%3A%0A%0A-+A+server%2Fclient+branch+%60if+%28typeof+window+%21%3D%3D+%27undefined%27%29%60.%0A-+Variable+input+such+as+%60Date.now%28%29%60+or+%60Math.random%28%29%60+which+changes+each+time+it%27s+called.%0A-+Date+formatting+in+a+user%27s+locale+which+doesn%27t+match+the+server.%0A-+External+changing+data+without+sending+a+snapshot+of+it+along+with+the+HTML.%0A-+Invalid+HTML+tag+nesting.%0A%0AIt+can+also+happen+if+the+client+has+a+browser+extension+installed+which+messes+with+the+HTML+before+React+loaded.%0A%0Ahttps%3A%2F%2Freact.dev%2Flink%2Fhydration-mismatch%0A%0A++...%0A++++%3CErrorBoundary+errorComponent%3D%7Bundefined%7D+errorStyles%3D%7Bundefined%7D+errorScripts%3D%7Bundefined%7D%3E%0A++++++%3CLoa... [truncated]
  response: {"originalStackFrame":{"file":"node_modules/next/dist/compiled/react-dom/cjs/react-dom-client.development.js","lineNumber":14349,"column":1,"methodName":"performWorkOnRoot","arguments":[],"ignored":true},"originalCodeFrame":null}
2026-02-27T22:02:23.370Z [network][GET 200] /__nextjs_original-stack-frame?isServer=false&isEdgeServer=false&isAppDirectory=true&errorMessage=Error%3A+A+tree+hydrated+but+some+attributes+of+the+server+rendered+HTML+didn%27t+match+the+client+properties.+This+won%27t+be+patched+up.+This+can+happen+if+a+SSR-ed+Client+Component+used%3A%0A%0A-+A+server%2Fclient+branch+%60if+%28typeof+window+%21%3D%3D+%27undefined%27%29%60.%0A-+Variable+input+such+as+%60Date.now%28%29%60+or+%60Math.random%28%29%60+which+changes+each+time+it%27s+called.%0A-+Date+formatting+in+a+user%27s+locale+which+doesn%27t+match+the+server.%0A-+External+changing+data+without+sending+a+snapshot+of+it+along+with+the+HTML.%0A-+Invalid+HTML+tag+nesting.%0A%0AIt+can+also+happen+if+the+client+has+a+browser+extension+installed+which+messes+with+the+HTML+before+React+loaded.%0A%0Ahttps%3A%2F%2Freact.dev%2Flink%2Fhydration-mismatch%0A%0A++...%0A++++%3CErrorBoundary+errorComponent%3D%7Bundefined%7D+errorStyles%3D%7Bundefined%7D+errorScripts%3D%7Bundefined%7D%3E%0A++++++%3CLoa... [truncated]
  response: {"originalStackFrame":{"file":"node_modules/next/dist/compiled/react-dom/cjs/react-dom-client.development.js","lineNumber":15954,"column":1,"methodName":"performWorkOnRootViaSchedulerTask","arguments":[],"ignored":true},"originalCodeFrame":null}
2026-02-27T22:02:23.381Z [network][GET 200] /__nextjs_original-stack-frame?isServer=false&isEdgeServer=false&isAppDirectory=true&errorMessage=Error%3A+A+tree+hydrated+but+some+attributes+of+the+server+rendered+HTML+didn%27t+match+the+client+properties.+This+won%27t+be+patched+up.+This+can+happen+if+a+SSR-ed+Client+Component+used%3A%0A%0A-+A+server%2Fclient+branch+%60if+%28typeof+window+%21%3D%3D+%27undefined%27%29%60.%0A-+Variable+input+such+as+%60Date.now%28%29%60+or+%60Math.random%28%29%60+which+changes+each+time+it%27s+called.%0A-+Date+formatting+in+a+user%27s+locale+which+doesn%27t+match+the+server.%0A-+External+changing+data+without+sending+a+snapshot+of+it+along+with+the+HTML.%0A-+Invalid+HTML+tag+nesting.%0A%0AIt+can+also+happen+if+the+client+has+a+browser+extension+installed+which+messes+with+the+HTML+before+React+loaded.%0A%0Ahttps%3A%2F%2Freact.dev%2Flink%2Fhydration-mismatch%0A%0A++...%0A++++%3CErrorBoundary+errorComponent%3D%7Bundefined%7D+errorStyles%3D%7Bundefined%7D+errorScripts%3D%7Bundefined%7D%3E%0A++++++%3CLoa... [truncated]
  response: {"originalStackFrame":{"file":"node_modules/next/dist/compiled/scheduler/cjs/scheduler.development.js","lineNumber":44,"column":1,"methodName":"MessagePort.performWorkUntilDeadline","arguments":[],"ignored":true},"originalCodeFrame":null}
2026-02-27T23:05:38.283Z [console][warn] %cDownload the React DevTools for a better development experience: https://react.dev/link/react-devtools font-weight:bold
2026-02-27T23:05:40.420Z [console][error] A tree hydrated but some attributes of the server rendered HTML didn't match the client properties. This won't be patched up. This can happen if a SSR-ed Client Component used:

- A server/client branch `if (typeof window !== 'undefined')`.
- Variable input such as `Date.now()` or `Math.random()` which changes each time it's called.
- Date formatting in a user's locale which doesn't match the server.
- External changing data without sending a snapshot of it along with the HTML.
- Invalid HTML tag nesting.

It can also happen if the client has a browser extension installed which messes with the HTML before React loaded.

%s%s https://react.dev/link/hydration-mismatch 

  ...
    <LoadingBoundary loading={null}>
      <HTTPAccessFallbackBoundary notFound={[...]} forbidden={undefined} unauthorized={undefined}>
        <HTTPAccessFallbackErrorBoundary pathname="/" notFound={[...]} forbidden={undefined} unauthorized={undefined} ...>
          <RedirectBoundary>
            <RedirectErrorBoundary router={{...}}>
              <InnerLayoutRouter parallelRouterKey="children" url="/" tree={[...]} childNodes={Map} segmentPath={[...]} ...>
                <ClientPageRoot Component={function Home} searchParams={{}} params={{}}>
                  <Home params={Promise} searchParams={Promise}>
                    <main className="min-h-scre...">
                      <HeroSection>
                      <ReviewsCarousel>
                        <section id="sec-prova-..." className="jsx-e4c0ee...">
                          <div className="jsx-e4c0ee...">
                            <div>
                            <div>
                            <div className="jsx-e4c0ee...">
                              <a
+                               href="https://www.checkout-ds24.com/product/670107"
-                               href={"https://www.checkout-ds24.com/product/670107?cid=1770994886602_17709954190034&..."}
                                className="jsx-e4c0ee4aadd7f829 inline-flex items-center justify-center px-10 py-5 bg-..."
                              >
+                               APROVEITAR OFERTA AGORA
                          ...
                      <SegredoRevelado>
                        <section className="py-[80px] ...">
                          <div className="container ...">
                            <div>
                            <div>
                            <div className="flex justi...">
                              <a
+                               href="#pricing"
-                               href={"http://localhost:3000/?cid=1770994886602_17709954190034&utm_source=direto#pricing"}
                                className="group btn-primary bg-[#22c55e] text-[#05070a] text-[1rem] font-bold upperca..."
                              >
+                               QUERO O MEU ACESSO COM DESCONTO
                      <BonusInclusos>
                        <section className="py-[80px] ...">
                          <div className="max-w-[120...">
                            <div>
                            <div>
                            <div className="flex justi...">
                              <a
+                               href="https://www.checkout-ds24.com/product/670107"
-                               href={"https://www.checkout-ds24.com/product/670107?cid=1770994886602_17709954190034&..."}
                                className="group relative flex items-center justify-center gap-2 bg-[#22c55e] text-[#0..."
                              >
                      <ProblemasSolucoes>
                        <section className="py-20 px-5...">
                          <div className="max-w-[120...">
                            <div>
                            <div>
                            <div className="flex justi...">
                              <a
+                               href="#pricing"
-                               href={"http://localhost:3000/?cid=1... [truncated]
2026-02-27T23:05:40.495Z [console][error] A tree hydrated but some attributes of the server rendered HTML didn't match the client properties. This won't be patched up. This can happen if a SSR-ed Client Component used:

- A server/client branch `if (typeof window !== 'undefined')`.
- Variable input such as `Date.now()` or `Math.random()` which changes each time it's called.
- Date formatting in a user's locale which doesn't match the server.
- External changing data without sending a snapshot of it along with the HTML.
- Invalid HTML tag nesting.

It can also happen if the client has a browser extension installed which messes with the HTML before React loaded.

%s%s https://react.dev/link/hydration-mismatch 

  ...
    <ErrorBoundary errorComponent={undefined} errorStyles={undefined} errorScripts={undefined}>
      <LoadingBoundary loading={null}>
        <HTTPAccessFallbackBoundary notFound={[...]} forbidden={undefined} unauthorized={undefined}>
          <HTTPAccessFallbackErrorBoundary pathname="/" notFound={[...]} forbidden={undefined} unauthorized={undefined} ...>
            <RedirectBoundary>
              <RedirectErrorBoundary router={{...}}>
                <InnerLayoutRouter parallelRouterKey="children" url="/" tree={[...]} childNodes={Map} segmentPath={[...]} ...>
                  <ClientPageRoot Component={function Home} searchParams={{}} params={{}}>
                    <Home params={Promise} searchParams={Promise}>
                      <main className="min-h-scre...">
                        <HeroSection>
                          <section className="relative f...">
                            <div>
                            <h1>
                            <p>
                            <div>
                            <div className="w-full max...">
                              <div>
                              <p>
                              <p>
                              <p>
                              <a
+                               href="https://www.checkout-ds24.com/product/670107"
-                               href={"https://www.checkout-ds24.com/product/670107?cid=1770994886602_17709954190034&..."}
                                className="w-full h-[56px] inline-flex items-center justify-center gap-2 bg-[#22c55e] ..."
                              >
                              ...
                            ...
                        <ReviewsCarousel>
                          <section id="sec-prova-..." className="jsx-e4c0ee...">
                            <div className="jsx-e4c0ee...">
                              <div>
                              <div>
                              <div className="jsx-e4c0ee...">
                                <a
+                                 href="https://www.checkout-ds24.com/product/670107"
-                                 href={"https://www.checkout-ds24.com/product/670107?cid=1770994886602_1770995419003..."}
                                  className="jsx-e4c0ee4aadd7f829 inline-flex items-center justify-center px-10 py-5 b..."
                                >
+                                 APROVEITAR OFERTA AGORA
                            ...
                        <SegredoRevelado>
                          <section className="py-[80px] ...">
                            <div className="container ...">
                              <div>
                              <div>
                              <div className="flex justi...">
                                <a
+                                 href="#pricing"
-                                 href={"http://localhost:3000/?cid=1770994886602_17709954190034&utm_source=direto#pr..."}
                                  className="group btn-primary bg-[#22c55e] text-[#05070a] text-[1rem] font-bold upper..."
                                >
+                                 QUERO O MEU ACESSO COM DESCONTO
                        <BonusInclusos>
                          <section className="py-[80px] ...">
 ... [truncated]
2026-02-27T23:06:50.335Z [console][warn] [Fast Refresh] rebuilding
2026-02-27T23:06:53.490Z [console][warn] [Fast Refresh] rebuilding
2026-02-27T23:06:53.558Z [console][warn] [Fast Refresh] done in 69ms
2026-02-27T23:05:40.420Z [console][error] A tree hydrated but some attributes of the server rendered HTML didn't match the client properties. This won't be patched up. This can happen if a SSR-ed Client Component used:

- A server/client branch `if (typeof window !== 'undefined')`.
- Variable input such as `Date.now()` or `Math.random()` which changes each time it's called.
- Date formatting in a user's locale which doesn't match the server.
- External changing data without sending a snapshot of it along with the HTML.
- Invalid HTML tag nesting.

It can also happen if the client has a browser extension installed which messes with the HTML before React loaded.

%s%s https://react.dev/link/hydration-mismatch 

  ...
    <LoadingBoundary loading={null}>
      <HTTPAccessFallbackBoundary notFound={[...]} forbidden={undefined} unauthorized={undefined}>
        <HTTPAccessFallbackErrorBoundary pathname="/" notFound={[...]} forbidden={undefined} unauthorized={undefined} ...>
          <RedirectBoundary>
            <RedirectErrorBoundary router={{...}}>
              <InnerLayoutRouter parallelRouterKey="children" url="/" tree={[...]} childNodes={Map} segmentPath={[...]} ...>
                <ClientPageRoot Component={function Home} searchParams={{}} params={{}}>
                  <Home params={Promise} searchParams={Promise}>
                    <main className="min-h-scre...">
                      <HeroSection>
                      <ReviewsCarousel>
                        <section id="sec-prova-..." className="jsx-e4c0ee...">
                          <div className="jsx-e4c0ee...">
                            <div>
                            <div>
                            <div className="jsx-e4c0ee...">
                              <a
+                               href="https://www.checkout-ds24.com/product/670107"
-                               href={"https://www.checkout-ds24.com/product/670107?cid=1770994886602_17709954190034&..."}
                                className="jsx-e4c0ee4aadd7f829 i...
2026-02-27T23:05:40.494Z [console][error] A tree hydrated but some attributes of the server rendered HTML didn't match the client properties. This won't be patched up. This can happen if a SSR-ed Client Component used:

- A server/client branch `if (typeof window !== 'undefined')`.
- Variable input such as `Date.now()` or `Math.random()` which changes each time it's called.
- Date formatting in a user's locale which doesn't match the server.
- External changing data without sending a snapshot of it along with the HTML.
- Invalid HTML tag nesting.

It can also happen if the client has a browser extension installed which messes with the HTML before React loaded.

%s%s https://react.dev/link/hydration-mismatch 

  ...
    <ErrorBoundary errorComponent={undefined} errorStyles={undefined} errorScripts={undefined}>
      <LoadingBoundary loading={null}>
        <HTTPAccessFallbackBoundary notFound={[...]} forbidden={undefined} unauthorized={undefined}>
          <HTTPAccessFallbackErrorBoundary pathname="/" notFound={[...]} forbidden={undefined} unauthorized={undefined} ...>
            <RedirectBoundary>
              <RedirectErrorBoundary router={{...}}>
                <InnerLayoutRouter parallelRouterKey="children" url="/" tree={[...]} childNodes={Map} segmentPath={[...]} ...>
                  <ClientPageRoot Component={function Home} searchParams={{}} params={{}}>
                    <Home params={Promise} searchParams={Promise}>
                      <main className="min-h-scre...">
                        <HeroSection>
                          <section className="relative f...">
                            <div>
                            <h1>
                            <p>
                            <div>
                            <div className="w-full max...">
                              <div>
                              <p>
                              <p>
                              <p>
                              <a
+                               href="https://www.checkout-ds24.com/...
2026-02-27T23:06:50.335Z [console][log] [Fast Refresh] rebuilding
2026-02-27T23:06:53.489Z [console][log] [Fast Refresh] rebuilding
2026-02-27T23:06:53.558Z [console][log] [Fast Refresh] done in 69ms
2026-02-27T23:05:40.926Z [network][GET 200] /__nextjs_original-stack-frame?isServer=false&isEdgeServer=false&isAppDirectory=true&errorMessage=Error%3A+A+tree+hydrated+but+some+attributes+of+the+server+rendered+HTML+didn%27t+match+the+client+properties.+This+won%27t+be+patched+up.+This+can+happen+if+a+SSR-ed+Client+Component+used%3A%0A%0A-+A+server%2Fclient+branch+%60if+%28typeof+window+%21%3D%3D+%27undefined%27%29%60.%0A-+Variable+input+such+as+%60Date.now%28%29%60+or+%60Math.random%28%29%60+which+changes+each+time+it%27s+called.%0A-+Date+formatting+in+a+user%27s+locale+which+doesn%27t+match+the+server.%0A-+External+changing+data+without+sending+a+snapshot+of+it+along+with+the+HTML.%0A-+Invalid+HTML+tag+nesting.%0A%0AIt+can+also+happen+if+the+client+has+a+browser+extension+installed+which+messes+with+the+HTML+before+React+loaded.%0A%0Ahttps%3A%2F%2Freact.dev%2Flink%2Fhydration-mismatch%0A%0A++...%0A++++%3CErrorBoundary+errorComponent%3D%7Bundefined%7D+errorStyles%3D%7Bundefined%7D+errorScripts%3D%7Bundefined%7D%3E%0A++++++%3CLoa... [truncated]
  response: {"originalStackFrame":{"file":"../src/client/components/react-dev-overlay/internal/helpers/console-error.ts","lineNumber":14,"column":35,"methodName":"createUnhandledError","arguments":[],"ignored":true},"originalCodeFrame":"\u001b[0m \u001b[90m 12 |\u001b[39m \u001b[36mexport\u001b[39m \u001b[36mfunction\u001b[39m createUnhandledError(message\u001b[33m:\u001b[39m string \u001b[33m|\u001b[39m \u001b[33mError\u001b[39m)\u001b[33m:\u001b[39m \u001b[33mUnhandledError\u001b[39m {\u001b[0m\n\u001b[0m \u001b[90m 13 |\u001b[39m   \u001b[36mconst\u001b[39m error \u001b[33m=\u001b[39m (\u001b[0m\n\u001b[0m\u001b[31m\u001b[1m>\u001b[22m\u001b[39m\u001b[90m 14 |\u001b[39m     \u001b[36mtypeof\u001b[39m message \u001b[33m===\u001b[39m \u001b[32m'string'\u001b[39m \u001b[33m?\u001b[39m \u001b[36mnew\u001b[39m \u001b[33mError\u001b[39m(message) \u001b[33m:\u001b[39m message\u001b[0m\n\u001b[0m \u001b[90m    |\u001b[39m                                   \u001b[31m\u001b[1m^\u001b[22m\u001b[39m\u001b[0m\n\u001b[0m \u001b[90m 15 |\u001b[39m   ) \u001b[36mas\u001b[39m \u001b[33mUnhandledError\u001b[39m\u001b[0m\n\u001b[0m \u001b[90m 16 |\u001b[39m   error[digestSym] \u001b[33m=\u001b[39m \u001b[32m'NEXT_UNHANDLED_ERROR'\u001b[39m\u001b[0m\n\u001b[0m \u001b[90m 17 |\u001b[39m   error[consoleTypeSym] \u001b[33m=\u001b[39m \u001b[36mtypeof\u001b[39m message \u001b[33m===\u001b[39m \u001b[32m'string'\u001b[39m \u001b[33m?\u001b[39m \u001b[32m'string'\u001b[39m \u001b[33m:\u001b[39m \u001b[32m'error'\u001b[39m\u001b[0m"}
2026-02-27T23:05:40.926Z [network][GET 200] /__nextjs_original-stack-frame?isServer=false&isEdgeServer=false&isAppDirectory=true&errorMessage=Error%3A+A+tree+hydrated+but+some+attributes+of+the+server+rendered+HTML+didn%27t+match+the+client+properties.+This+won%27t+be+patched+up.+This+can+happen+if+a+SSR-ed+Client+Component+used%3A%0A%0A-+A+server%2Fclient+branch+%60if+%28typeof+window+%21%3D%3D+%27undefined%27%29%60.%0A-+Variable+input+such+as+%60Date.now%28%29%60+or+%60Math.random%28%29%60+which+changes+each+time+it%27s+called.%0A-+Date+formatting+in+a+user%27s+locale+which+doesn%27t+match+the+server.%0A-+External+changing+data+without+sending+a+snapshot+of+it+along+with+the+HTML.%0A-+Invalid+HTML+tag+nesting.%0A%0AIt+can+also+happen+if+the+client+has+a+browser+extension+installed+which+messes+with+the+HTML+before+React+loaded.%0A%0Ahttps%3A%2F%2Freact.dev%2Flink%2Fhydration-mismatch%0A%0A++...%0A++++%3CErrorBoundary+errorComponent%3D%7Bundefined%7D+errorStyles%3D%7Bundefined%7D+errorScripts%3D%7Bundefined%7D%3E%0A++++++%3CLoa... [truncated]
  response: {"originalStackFrame":{"file":"../src/client/components/react-dev-overlay/internal/helpers/use-error-handler.ts","lineNumber":30,"column":34,"methodName":"formattedErrorMessage","arguments":[],"ignored":true},"originalCodeFrame":"\u001b[0m \u001b[90m 28 |\u001b[39m     \u001b[90m// If it's not an error, format the args into an error\u001b[39m\u001b[0m\n\u001b[0m \u001b[90m 29 |\u001b[39m     \u001b[36mconst\u001b[39m formattedErrorMessage \u001b[33m=\u001b[39m formatConsoleArgs(consoleErrorArgs)\u001b[0m\n\u001b[0m\u001b[31m\u001b[1m>\u001b[22m\u001b[39m\u001b[90m 30 |\u001b[39m     error \u001b[33m=\u001b[39m createUnhandledError(formattedErrorMessage)\u001b[0m\n\u001b[0m \u001b[90m    |\u001b[39m                                  \u001b[31m\u001b[1m^\u001b[22m\u001b[39m\u001b[0m\n\u001b[0m \u001b[90m 31 |\u001b[39m   } \u001b[36melse\u001b[39m {\u001b[0m\n\u001b[0m \u001b[90m 32 |\u001b[39m     error \u001b[33m=\u001b[39m capturedFromConsole\u001b[0m\n\u001b[0m \u001b[90m 33 |\u001b[39m       \u001b[33m?\u001b[39m createUnhandledError(originError)\u001b[0m"}
2026-02-27T23:05:40.926Z [network][GET 200] /__nextjs_original-stack-frame?isServer=false&isEdgeServer=false&isAppDirectory=true&errorMessage=Error%3A+A+tree+hydrated+but+some+attributes+of+the+server+rendered+HTML+didn%27t+match+the+client+properties.+This+won%27t+be+patched+up.+This+can+happen+if+a+SSR-ed+Client+Component+used%3A%0A%0A-+A+server%2Fclient+branch+%60if+%28typeof+window+%21%3D%3D+%27undefined%27%29%60.%0A-+Variable+input+such+as+%60Date.now%28%29%60+or+%60Math.random%28%29%60+which+changes+each+time+it%27s+called.%0A-+Date+formatting+in+a+user%27s+locale+which+doesn%27t+match+the+server.%0A-+External+changing+data+without+sending+a+snapshot+of+it+along+with+the+HTML.%0A-+Invalid+HTML+tag+nesting.%0A%0AIt+can+also+happen+if+the+client+has+a+browser+extension+installed+which+messes+with+the+HTML+before+React+loaded.%0A%0Ahttps%3A%2F%2Freact.dev%2Flink%2Fhydration-mismatch%0A%0A++...%0A++++%3CErrorBoundary+errorComponent%3D%7Bundefined%7D+errorStyles%3D%7Bundefined%7D+errorScripts%3D%7Bundefined%7D%3E%0A++++++%3CLoa... [truncated]
  response: {"originalStackFrame":{"file":"../src/client/components/globals/intercept-console-error.ts","lineNumber":32,"column":11,"methodName":"console.error","arguments":[],"ignored":true},"originalCodeFrame":"\u001b[0m \u001b[90m 30 |\u001b[39m       \u001b[36mif\u001b[39m (process\u001b[33m.\u001b[39menv\u001b[33m.\u001b[39m\u001b[33mNODE_ENV\u001b[39m \u001b[33m!==\u001b[39m \u001b[32m'production'\u001b[39m) {\u001b[0m\n\u001b[0m \u001b[90m 31 |\u001b[39m         handleClientError(\u001b[0m\n\u001b[0m\u001b[31m\u001b[1m>\u001b[22m\u001b[39m\u001b[90m 32 |\u001b[39m           \u001b[90m// replayed errors have their own complex format string that should be used,\u001b[39m\u001b[0m\n\u001b[0m \u001b[90m    |\u001b[39m           \u001b[31m\u001b[1m^\u001b[22m\u001b[39m\u001b[0m\n\u001b[0m \u001b[90m 33 |\u001b[39m           \u001b[90m// but if we pass the error directly, `handleClientError` will ignore it\u001b[39m\u001b[0m\n\u001b[0m \u001b[90m 34 |\u001b[39m           maybeError\u001b[33m,\u001b[39m\u001b[0m\n\u001b[0m \u001b[90m 35 |\u001b[39m           args\u001b[33m,\u001b[39m\u001b[0m"}
2026-02-27T23:05:40.926Z [network][GET 200] /__nextjs_original-stack-frame?isServer=false&isEdgeServer=false&isAppDirectory=true&errorMessage=Error%3A+A+tree+hydrated+but+some+attributes+of+the+server+rendered+HTML+didn%27t+match+the+client+properties.+This+won%27t+be+patched+up.+This+can+happen+if+a+SSR-ed+Client+Component+used%3A%0A%0A-+A+server%2Fclient+branch+%60if+%28typeof+window+%21%3D%3D+%27undefined%27%29%60.%0A-+Variable+input+such+as+%60Date.now%28%29%60+or+%60Math.random%28%29%60+which+changes+each+time+it%27s+called.%0A-+Date+formatting+in+a+user%27s+locale+which+doesn%27t+match+the+server.%0A-+External+changing+data+without+sending+a+snapshot+of+it+along+with+the+HTML.%0A-+Invalid+HTML+tag+nesting.%0A%0AIt+can+also+happen+if+the+client+has+a+browser+extension+installed+which+messes+with+the+HTML+before+React+loaded.%0A%0Ahttps%3A%2F%2Freact.dev%2Flink%2Fhydration-mismatch%0A%0A++...%0A++++%3CErrorBoundary+errorComponent%3D%7Bundefined%7D+errorStyles%3D%7Bundefined%7D+errorScripts%3D%7Bundefined%7D%3E%0A++++++%3CLoa... [truncated]
  response: {"originalStackFrame":{"file":"<anonymous>","lineNumber":132,"column":36,"methodName":"console.error","ignored":false,"arguments":[]},"originalCodeFrame":null}
2026-02-27T23:05:40.949Z [network][GET 200] /__nextjs_original-stack-frame?isServer=false&isEdgeServer=false&isAppDirectory=true&errorMessage=Error%3A+A+tree+hydrated+but+some+attributes+of+the+server+rendered+HTML+didn%27t+match+the+client+properties.+This+won%27t+be+patched+up.+This+can+happen+if+a+SSR-ed+Client+Component+used%3A%0A%0A-+A+server%2Fclient+branch+%60if+%28typeof+window+%21%3D%3D+%27undefined%27%29%60.%0A-+Variable+input+such+as+%60Date.now%28%29%60+or+%60Math.random%28%29%60+which+changes+each+time+it%27s+called.%0A-+Date+formatting+in+a+user%27s+locale+which+doesn%27t+match+the+server.%0A-+External+changing+data+without+sending+a+snapshot+of+it+along+with+the+HTML.%0A-+Invalid+HTML+tag+nesting.%0A%0AIt+can+also+happen+if+the+client+has+a+browser+extension+installed+which+messes+with+the+HTML+before+React+loaded.%0A%0Ahttps%3A%2F%2Freact.dev%2Flink%2Fhydration-mismatch%0A%0A++...%0A++++%3CErrorBoundary+errorComponent%3D%7Bundefined%7D+errorStyles%3D%7Bundefined%7D+errorScripts%3D%7Bundefined%7D%3E%0A++++++%3CLoa... [truncated]
  response: {"originalStackFrame":{"file":"node_modules/next/dist/compiled/react-dom/cjs/react-dom-client.development.js","lineNumber":4299,"column":1,"methodName":"emitPendingHydrationWarnings","arguments":[],"ignored":true},"originalCodeFrame":null}
2026-02-27T23:05:40.953Z [network][GET 200] /__nextjs_original-stack-frame?isServer=false&isEdgeServer=false&isAppDirectory=true&errorMessage=Error%3A+A+tree+hydrated+but+some+attributes+of+the+server+rendered+HTML+didn%27t+match+the+client+properties.+This+won%27t+be+patched+up.+This+can+happen+if+a+SSR-ed+Client+Component+used%3A%0A%0A-+A+server%2Fclient+branch+%60if+%28typeof+window+%21%3D%3D+%27undefined%27%29%60.%0A-+Variable+input+such+as+%60Date.now%28%29%60+or+%60Math.random%28%29%60+which+changes+each+time+it%27s+called.%0A-+Date+formatting+in+a+user%27s+locale+which+doesn%27t+match+the+server.%0A-+External+changing+data+without+sending+a+snapshot+of+it+along+with+the+HTML.%0A-+Invalid+HTML+tag+nesting.%0A%0AIt+can+also+happen+if+the+client+has+a+browser+extension+installed+which+messes+with+the+HTML+before+React+loaded.%0A%0Ahttps%3A%2F%2Freact.dev%2Flink%2Fhydration-mismatch%0A%0A++...%0A++++%3CErrorBoundary+errorComponent%3D%7Bundefined%7D+errorStyles%3D%7Bundefined%7D+errorScripts%3D%7Bundefined%7D%3E%0A++++++%3CLoa... [truncated]
  response: {"originalStackFrame":{"file":"node_modules/next/dist/compiled/react-dom/cjs/react-dom-client.development.js","lineNumber":13909,"column":1,"methodName":"completeWork","arguments":[],"ignored":true},"originalCodeFrame":null}
2026-02-27T23:05:40.963Z [network][GET 200] /__nextjs_original-stack-frame?isServer=false&isEdgeServer=false&isAppDirectory=true&errorMessage=Error%3A+A+tree+hydrated+but+some+attributes+of+the+server+rendered+HTML+didn%27t+match+the+client+properties.+This+won%27t+be+patched+up.+This+can+happen+if+a+SSR-ed+Client+Component+used%3A%0A%0A-+A+server%2Fclient+branch+%60if+%28typeof+window+%21%3D%3D+%27undefined%27%29%60.%0A-+Variable+input+such+as+%60Date.now%28%29%60+or+%60Math.random%28%29%60+which+changes+each+time+it%27s+called.%0A-+Date+formatting+in+a+user%27s+locale+which+doesn%27t+match+the+server.%0A-+External+changing+data+without+sending+a+snapshot+of+it+along+with+the+HTML.%0A-+Invalid+HTML+tag+nesting.%0A%0AIt+can+also+happen+if+the+client+has+a+browser+extension+installed+which+messes+with+the+HTML+before+React+loaded.%0A%0Ahttps%3A%2F%2Freact.dev%2Flink%2Fhydration-mismatch%0A%0A++...%0A++++%3CErrorBoundary+errorComponent%3D%7Bundefined%7D+errorStyles%3D%7Bundefined%7D+errorScripts%3D%7Bundefined%7D%3E%0A++++++%3CLoa... [truncated]
  response: {"originalStackFrame":{"file":"node_modules/next/dist/compiled/react-dom/cjs/react-dom-client.development.js","lineNumber":543,"column":1,"methodName":"runWithFiberInDEV","arguments":[],"ignored":true},"originalCodeFrame":null}
2026-02-27T23:05:40.971Z [network][GET 200] /__nextjs_original-stack-frame?isServer=false&isEdgeServer=false&isAppDirectory=true&errorMessage=Error%3A+A+tree+hydrated+but+some+attributes+of+the+server+rendered+HTML+didn%27t+match+the+client+properties.+This+won%27t+be+patched+up.+This+can+happen+if+a+SSR-ed+Client+Component+used%3A%0A%0A-+A+server%2Fclient+branch+%60if+%28typeof+window+%21%3D%3D+%27undefined%27%29%60.%0A-+Variable+input+such+as+%60Date.now%28%29%60+or+%60Math.random%28%29%60+which+changes+each+time+it%27s+called.%0A-+Date+formatting+in+a+user%27s+locale+which+doesn%27t+match+the+server.%0A-+External+changing+data+without+sending+a+snapshot+of+it+along+with+the+HTML.%0A-+Invalid+HTML+tag+nesting.%0A%0AIt+can+also+happen+if+the+client+has+a+browser+extension+installed+which+messes+with+the+HTML+before+React+loaded.%0A%0Ahttps%3A%2F%2Freact.dev%2Flink%2Fhydration-mismatch%0A%0A++...%0A++++%3CErrorBoundary+errorComponent%3D%7Bundefined%7D+errorStyles%3D%7Bundefined%7D+errorScripts%3D%7Bundefined%7D%3E%0A++++++%3CLoa... [truncated]
  response: {"originalStackFrame":{"file":"node_modules/next/dist/compiled/react-dom/cjs/react-dom-client.development.js","lineNumber":15199,"column":1,"methodName":"completeUnitOfWork","arguments":[],"ignored":true},"originalCodeFrame":null}
2026-02-27T23:05:40.979Z [network][GET 200] /__nextjs_original-stack-frame?isServer=false&isEdgeServer=false&isAppDirectory=true&errorMessage=Error%3A+A+tree+hydrated+but+some+attributes+of+the+server+rendered+HTML+didn%27t+match+the+client+properties.+This+won%27t+be+patched+up.+This+can+happen+if+a+SSR-ed+Client+Component+used%3A%0A%0A-+A+server%2Fclient+branch+%60if+%28typeof+window+%21%3D%3D+%27undefined%27%29%60.%0A-+Variable+input+such+as+%60Date.now%28%29%60+or+%60Math.random%28%29%60+which+changes+each+time+it%27s+called.%0A-+Date+formatting+in+a+user%27s+locale+which+doesn%27t+match+the+server.%0A-+External+changing+data+without+sending+a+snapshot+of+it+along+with+the+HTML.%0A-+Invalid+HTML+tag+nesting.%0A%0AIt+can+also+happen+if+the+client+has+a+browser+extension+installed+which+messes+with+the+HTML+before+React+loaded.%0A%0Ahttps%3A%2F%2Freact.dev%2Flink%2Fhydration-mismatch%0A%0A++...%0A++++%3CErrorBoundary+errorComponent%3D%7Bundefined%7D+errorStyles%3D%7Bundefined%7D+errorScripts%3D%7Bundefined%7D%3E%0A++++++%3CLoa... [truncated]
  response: {"originalStackFrame":{"file":"node_modules/next/dist/compiled/react-dom/cjs/react-dom-client.development.js","lineNumber":15080,"column":1,"methodName":"performUnitOfWork","arguments":[],"ignored":true},"originalCodeFrame":null}
2026-02-27T23:05:40.988Z [network][GET 200] /__nextjs_original-stack-frame?isServer=false&isEdgeServer=false&isAppDirectory=true&errorMessage=Error%3A+A+tree+hydrated+but+some+attributes+of+the+server+rendered+HTML+didn%27t+match+the+client+properties.+This+won%27t+be+patched+up.+This+can+happen+if+a+SSR-ed+Client+Component+used%3A%0A%0A-+A+server%2Fclient+branch+%60if+%28typeof+window+%21%3D%3D+%27undefined%27%29%60.%0A-+Variable+input+such+as+%60Date.now%28%29%60+or+%60Math.random%28%29%60+which+changes+each+time+it%27s+called.%0A-+Date+formatting+in+a+user%27s+locale+which+doesn%27t+match+the+server.%0A-+External+changing+data+without+sending+a+snapshot+of+it+along+with+the+HTML.%0A-+Invalid+HTML+tag+nesting.%0A%0AIt+can+also+happen+if+the+client+has+a+browser+extension+installed+which+messes+with+the+HTML+before+React+loaded.%0A%0Ahttps%3A%2F%2Freact.dev%2Flink%2Fhydration-mismatch%0A%0A++...%0A++++%3CErrorBoundary+errorComponent%3D%7Bundefined%7D+errorStyles%3D%7Bundefined%7D+errorScripts%3D%7Bundefined%7D%3E%0A++++++%3CLoa... [truncated]
  response: {"originalStackFrame":{"file":"node_modules/next/dist/compiled/react-dom/cjs/react-dom-client.development.js","lineNumber":15057,"column":1,"methodName":"workLoopConcurrent","arguments":[],"ignored":true},"originalCodeFrame":null}
2026-02-27T23:05:41.004Z [network][GET 200] /__nextjs_original-stack-frame?isServer=false&isEdgeServer=false&isAppDirectory=true&errorMessage=Error%3A+A+tree+hydrated+but+some+attributes+of+the+server+rendered+HTML+didn%27t+match+the+client+properties.+This+won%27t+be+patched+up.+This+can+happen+if+a+SSR-ed+Client+Component+used%3A%0A%0A-+A+server%2Fclient+branch+%60if+%28typeof+window+%21%3D%3D+%27undefined%27%29%60.%0A-+Variable+input+such+as+%60Date.now%28%29%60+or+%60Math.random%28%29%60+which+changes+each+time+it%27s+called.%0A-+Date+formatting+in+a+user%27s+locale+which+doesn%27t+match+the+server.%0A-+External+changing+data+without+sending+a+snapshot+of+it+along+with+the+HTML.%0A-+Invalid+HTML+tag+nesting.%0A%0AIt+can+also+happen+if+the+client+has+a+browser+extension+installed+which+messes+with+the+HTML+before+React+loaded.%0A%0Ahttps%3A%2F%2Freact.dev%2Flink%2Fhydration-mismatch%0A%0A++...%0A++++%3CErrorBoundary+errorComponent%3D%7Bundefined%7D+errorStyles%3D%7Bundefined%7D+errorScripts%3D%7Bundefined%7D%3E%0A++++++%3CLoa... [truncated]
  response: {"originalStackFrame":{"file":"node_modules/next/dist/compiled/react-dom/cjs/react-dom-client.development.js","lineNumber":15954,"column":1,"methodName":"performWorkOnRootViaSchedulerTask","arguments":[],"ignored":true},"originalCodeFrame":null}
2026-02-27T23:05:41.009Z [network][GET 200] /__nextjs_original-stack-frame?isServer=false&isEdgeServer=false&isAppDirectory=true&errorMessage=Error%3A+A+tree+hydrated+but+some+attributes+of+the+server+rendered+HTML+didn%27t+match+the+client+properties.+This+won%27t+be+patched+up.+This+can+happen+if+a+SSR-ed+Client+Component+used%3A%0A%0A-+A+server%2Fclient+branch+%60if+%28typeof+window+%21%3D%3D+%27undefined%27%29%60.%0A-+Variable+input+such+as+%60Date.now%28%29%60+or+%60Math.random%28%29%60+which+changes+each+time+it%27s+called.%0A-+Date+formatting+in+a+user%27s+locale+which+doesn%27t+match+the+server.%0A-+External+changing+data+without+sending+a+snapshot+of+it+along+with+the+HTML.%0A-+Invalid+HTML+tag+nesting.%0A%0AIt+can+also+happen+if+the+client+has+a+browser+extension+installed+which+messes+with+the+HTML+before+React+loaded.%0A%0Ahttps%3A%2F%2Freact.dev%2Flink%2Fhydration-mismatch%0A%0A++...%0A++++%3CErrorBoundary+errorComponent%3D%7Bundefined%7D+errorStyles%3D%7Bundefined%7D+errorScripts%3D%7Bundefined%7D%3E%0A++++++%3CLoa... [truncated]
  response: {"originalStackFrame":{"file":"node_modules/next/dist/compiled/scheduler/cjs/scheduler.development.js","lineNumber":44,"column":1,"methodName":"MessagePort.performWorkUntilDeadline","arguments":[],"ignored":true},"originalCodeFrame":null}
2026-02-27T23:05:41.139Z [network][GET 200] /__nextjs_original-stack-frame?isServer=false&isEdgeServer=false&isAppDirectory=true&errorMessage=Error%3A+A+tree+hydrated+but+some+attributes+of+the+server+rendered+HTML+didn%27t+match+the+client+properties.+This+won%27t+be+patched+up.+This+can+happen+if+a+SSR-ed+Client+Component+used%3A%0A%0A-+A+server%2Fclient+branch+%60if+%28typeof+window+%21%3D%3D+%27undefined%27%29%60.%0A-+Variable+input+such+as+%60Date.now%28%29%60+or+%60Math.random%28%29%60+which+changes+each+time+it%27s+called.%0A-+Date+formatting+in+a+user%27s+locale+which+doesn%27t+match+the+server.%0A-+External+changing+data+without+sending+a+snapshot+of+it+along+with+the+HTML.%0A-+Invalid+HTML+tag+nesting.%0A%0AIt+can+also+happen+if+the+client+has+a+browser+extension+installed+which+messes+with+the+HTML+before+React+loaded.%0A%0Ahttps%3A%2F%2Freact.dev%2Flink%2Fhydration-mismatch%0A%0A++...%0A++++%3CErrorBoundary+errorComponent%3D%7Bundefined%7D+errorStyles%3D%7Bundefined%7D+errorScripts%3D%7Bundefined%7D%3E%0A++++++%3CLoa... [truncated]
  response: {"originalStackFrame":{"file":"node_modules/next/dist/compiled/react-dom/cjs/react-dom-client.development.js","lineNumber":15032,"column":1,"methodName":"renderRootConcurrent","arguments":[],"ignored":true},"originalCodeFrame":null}
2026-02-27T23:05:41.141Z [network][GET 200] /__nextjs_original-stack-frame?isServer=false&isEdgeServer=false&isAppDirectory=true&errorMessage=Error%3A+A+tree+hydrated+but+some+attributes+of+the+server+rendered+HTML+didn%27t+match+the+client+properties.+This+won%27t+be+patched+up.+This+can+happen+if+a+SSR-ed+Client+Component+used%3A%0A%0A-+A+server%2Fclient+branch+%60if+%28typeof+window+%21%3D%3D+%27undefined%27%29%60.%0A-+Variable+input+such+as+%60Date.now%28%29%60+or+%60Math.random%28%29%60+which+changes+each+time+it%27s+called.%0A-+Date+formatting+in+a+user%27s+locale+which+doesn%27t+match+the+server.%0A-+External+changing+data+without+sending+a+snapshot+of+it+along+with+the+HTML.%0A-+Invalid+HTML+tag+nesting.%0A%0AIt+can+also+happen+if+the+client+has+a+browser+extension+installed+which+messes+with+the+HTML+before+React+loaded.%0A%0Ahttps%3A%2F%2Freact.dev%2Flink%2Fhydration-mismatch%0A%0A++...%0A++++%3CErrorBoundary+errorComponent%3D%7Bundefined%7D+errorStyles%3D%7Bundefined%7D+errorScripts%3D%7Bundefined%7D%3E%0A++++++%3CLoa... [truncated]
  response: {"originalStackFrame":{"file":"node_modules/next/dist/compiled/react-dom/cjs/react-dom-client.development.js","lineNumber":14349,"column":1,"methodName":"performWorkOnRoot","arguments":[],"ignored":true},"originalCodeFrame":null}
2026-02-27T23:06:53.507Z [network][GET 200] /_next/static/webpack/1d08abbf2c17a67f.webpack.hot-update.json
  response: {"c":["app/layout","webpack"],"r":[],"m":[]}
2026-02-27T23:05:40.926Z [network][GET 200] /__nextjs_original-stack-frame?isServer=false&isEdgeServer=false&isAppDirectory=true&errorMessage=Error%3A+A+tree+hydrated+but+some+attributes+of+the+server+rendered+HTML+didn%27t+match+the+client+properties.+This+won%27t+be+patched+up.+This+can+happen+if+a+SSR-ed+Client+Component+used%3A%0A%0A-+A+server%2Fclient+branch+%60if+%28typeof+window+%21%3D%3D+%27undefined%27%29%60.%0A-+Variable+input+such+as+%60Date.now%28%29%60+or+%60Math.random%28%29%60+which+changes+each+time+it%27s+called.%0A-+Date+formatting+in+a+user%27s+locale+which+doesn%27t+match+the+server.%0A-+External+changing+data+without+sending+a+snapshot+of+it+along+with+the+HTML.%0A-+Invalid+HTML+tag+nesting.%0A%0AIt+can+also+happen+if+the+client+has+a+browser+extension+installed+which+messes+with+the+HTML+before+React+loaded.%0A%0Ahttps%3A%2F%2Freact.dev%2Flink%2Fhydration-mismatch%0A%0A++...%0A++++%3CErrorBoundary+errorComponent%3D%7Bundefined%7D+errorStyles%3D%7Bundefined%7D+errorScripts%3D%7Bundefined%7D%3E%0A++++++%3CLoa... [truncated]
  response: {"originalStackFrame":{"file":"../src/client/components/globals/intercept-console-error.ts","lineNumber":32,"column":11,"methodName":"console.error","arguments":[],"ignored":true},"originalCodeFrame":"\u001b[0m \u001b[90m 30 |\u001b[39m       \u001b[36mif\u001b[39m (process\u001b[33m.\u001b[39menv\u001b[33m.\u001b[39m\u001b[33mNODE_ENV\u001b[39m \u001b[33m!==\u001b[39m \u001b[32m'production'\u001b[39m) {\u001b[0m\n\u001b[0m \u001b[90m 31 |\u001b[39m         handleClientError(\u001b[0m\n\u001b[0m\u001b[31m\u001b[1m>\u001b[22m\u001b[39m\u001b[90m 32 |\u001b[39m           \u001b[90m// replayed errors have their own complex format string that should be used,\u001b[39m\u001b[0m\n\u001b[0m \u001b[90m    |\u001b[39m           \u001b[31m\u001b[1m^\u001b[22m\u001b[39m\u001b[0m\n\u001b[0m \u001b[90m 33 |\u001b[39m           \u001b[90m// but if we pass the error directly, `handleClientError` will ignore it\u001b[39m\u001b[0m\n\u001b[0m \u001b[90m 34 |\u001b[39m           maybeError\u001b[33m,\u001b[39m\u001b[0m\n\u001b[0m \u001b[90m 35 |\u001b[39m           args\u001b[33m,\u001b[39m\u001b[0m"}
2026-02-27T23:05:40.926Z [network][GET 200] /__nextjs_original-stack-frame?isServer=false&isEdgeServer=false&isAppDirectory=true&errorMessage=Error%3A+A+tree+hydrated+but+some+attributes+of+the+server+rendered+HTML+didn%27t+match+the+client+properties.+This+won%27t+be+patched+up.+This+can+happen+if+a+SSR-ed+Client+Component+used%3A%0A%0A-+A+server%2Fclient+branch+%60if+%28typeof+window+%21%3D%3D+%27undefined%27%29%60.%0A-+Variable+input+such+as+%60Date.now%28%29%60+or+%60Math.random%28%29%60+which+changes+each+time+it%27s+called.%0A-+Date+formatting+in+a+user%27s+locale+which+doesn%27t+match+the+server.%0A-+External+changing+data+without+sending+a+snapshot+of+it+along+with+the+HTML.%0A-+Invalid+HTML+tag+nesting.%0A%0AIt+can+also+happen+if+the+client+has+a+browser+extension+installed+which+messes+with+the+HTML+before+React+loaded.%0A%0Ahttps%3A%2F%2Freact.dev%2Flink%2Fhydration-mismatch%0A%0A++...%0A++++%3CErrorBoundary+errorComponent%3D%7Bundefined%7D+errorStyles%3D%7Bundefined%7D+errorScripts%3D%7Bundefined%7D%3E%0A++++++%3CLoa... [truncated]
  response: {"originalStackFrame":{"file":"<anonymous>","lineNumber":132,"column":36,"methodName":"console.error","ignored":false,"arguments":[]},"originalCodeFrame":null}
2026-02-27T23:05:40.949Z [network][GET 200] /__nextjs_original-stack-frame?isServer=false&isEdgeServer=false&isAppDirectory=true&errorMessage=Error%3A+A+tree+hydrated+but+some+attributes+of+the+server+rendered+HTML+didn%27t+match+the+client+properties.+This+won%27t+be+patched+up.+This+can+happen+if+a+SSR-ed+Client+Component+used%3A%0A%0A-+A+server%2Fclient+branch+%60if+%28typeof+window+%21%3D%3D+%27undefined%27%29%60.%0A-+Variable+input+such+as+%60Date.now%28%29%60+or+%60Math.random%28%29%60+which+changes+each+time+it%27s+called.%0A-+Date+formatting+in+a+user%27s+locale+which+doesn%27t+match+the+server.%0A-+External+changing+data+without+sending+a+snapshot+of+it+along+with+the+HTML.%0A-+Invalid+HTML+tag+nesting.%0A%0AIt+can+also+happen+if+the+client+has+a+browser+extension+installed+which+messes+with+the+HTML+before+React+loaded.%0A%0Ahttps%3A%2F%2Freact.dev%2Flink%2Fhydration-mismatch%0A%0A++...%0A++++%3CErrorBoundary+errorComponent%3D%7Bundefined%7D+errorStyles%3D%7Bundefined%7D+errorScripts%3D%7Bundefined%7D%3E%0A++++++%3CLoa... [truncated]
  response: {"originalStackFrame":{"file":"node_modules/next/dist/compiled/react-dom/cjs/react-dom-client.development.js","lineNumber":4299,"column":1,"methodName":"emitPendingHydrationWarnings","arguments":[],"ignored":true},"originalCodeFrame":null}
2026-02-27T23:05:40.953Z [network][GET 200] /__nextjs_original-stack-frame?isServer=false&isEdgeServer=false&isAppDirectory=true&errorMessage=Error%3A+A+tree+hydrated+but+some+attributes+of+the+server+rendered+HTML+didn%27t+match+the+client+properties.+This+won%27t+be+patched+up.+This+can+happen+if+a+SSR-ed+Client+Component+used%3A%0A%0A-+A+server%2Fclient+branch+%60if+%28typeof+window+%21%3D%3D+%27undefined%27%29%60.%0A-+Variable+input+such+as+%60Date.now%28%29%60+or+%60Math.random%28%29%60+which+changes+each+time+it%27s+called.%0A-+Date+formatting+in+a+user%27s+locale+which+doesn%27t+match+the+server.%0A-+External+changing+data+without+sending+a+snapshot+of+it+along+with+the+HTML.%0A-+Invalid+HTML+tag+nesting.%0A%0AIt+can+also+happen+if+the+client+has+a+browser+extension+installed+which+messes+with+the+HTML+before+React+loaded.%0A%0Ahttps%3A%2F%2Freact.dev%2Flink%2Fhydration-mismatch%0A%0A++...%0A++++%3CErrorBoundary+errorComponent%3D%7Bundefined%7D+errorStyles%3D%7Bundefined%7D+errorScripts%3D%7Bundefined%7D%3E%0A++++++%3CLoa... [truncated]
  response: {"originalStackFrame":{"file":"node_modules/next/dist/compiled/react-dom/cjs/react-dom-client.development.js","lineNumber":13909,"column":1,"methodName":"completeWork","arguments":[],"ignored":true},"originalCodeFrame":null}
2026-02-27T23:05:40.963Z [network][GET 200] /__nextjs_original-stack-frame?isServer=false&isEdgeServer=false&isAppDirectory=true&errorMessage=Error%3A+A+tree+hydrated+but+some+attributes+of+the+server+rendered+HTML+didn%27t+match+the+client+properties.+This+won%27t+be+patched+up.+This+can+happen+if+a+SSR-ed+Client+Component+used%3A%0A%0A-+A+server%2Fclient+branch+%60if+%28typeof+window+%21%3D%3D+%27undefined%27%29%60.%0A-+Variable+input+such+as+%60Date.now%28%29%60+or+%60Math.random%28%29%60+which+changes+each+time+it%27s+called.%0A-+Date+formatting+in+a+user%27s+locale+which+doesn%27t+match+the+server.%0A-+External+changing+data+without+sending+a+snapshot+of+it+along+with+the+HTML.%0A-+Invalid+HTML+tag+nesting.%0A%0AIt+can+also+happen+if+the+client+has+a+browser+extension+installed+which+messes+with+the+HTML+before+React+loaded.%0A%0Ahttps%3A%2F%2Freact.dev%2Flink%2Fhydration-mismatch%0A%0A++...%0A++++%3CErrorBoundary+errorComponent%3D%7Bundefined%7D+errorStyles%3D%7Bundefined%7D+errorScripts%3D%7Bundefined%7D%3E%0A++++++%3CLoa... [truncated]
  response: {"originalStackFrame":{"file":"node_modules/next/dist/compiled/react-dom/cjs/react-dom-client.development.js","lineNumber":543,"column":1,"methodName":"runWithFiberInDEV","arguments":[],"ignored":true},"originalCodeFrame":null}
2026-02-27T23:05:40.971Z [network][GET 200] /__nextjs_original-stack-frame?isServer=false&isEdgeServer=false&isAppDirectory=true&errorMessage=Error%3A+A+tree+hydrated+but+some+attributes+of+the+server+rendered+HTML+didn%27t+match+the+client+properties.+This+won%27t+be+patched+up.+This+can+happen+if+a+SSR-ed+Client+Component+used%3A%0A%0A-+A+server%2Fclient+branch+%60if+%28typeof+window+%21%3D%3D+%27undefined%27%29%60.%0A-+Variable+input+such+as+%60Date.now%28%29%60+or+%60Math.random%28%29%60+which+changes+each+time+it%27s+called.%0A-+Date+formatting+in+a+user%27s+locale+which+doesn%27t+match+the+server.%0A-+External+changing+data+without+sending+a+snapshot+of+it+along+with+the+HTML.%0A-+Invalid+HTML+tag+nesting.%0A%0AIt+can+also+happen+if+the+client+has+a+browser+extension+installed+which+messes+with+the+HTML+before+React+loaded.%0A%0Ahttps%3A%2F%2Freact.dev%2Flink%2Fhydration-mismatch%0A%0A++...%0A++++%3CErrorBoundary+errorComponent%3D%7Bundefined%7D+errorStyles%3D%7Bundefined%7D+errorScripts%3D%7Bundefined%7D%3E%0A++++++%3CLoa... [truncated]
  response: {"originalStackFrame":{"file":"node_modules/next/dist/compiled/react-dom/cjs/react-dom-client.development.js","lineNumber":15199,"column":1,"methodName":"completeUnitOfWork","arguments":[],"ignored":true},"originalCodeFrame":null}
2026-02-27T23:05:40.979Z [network][GET 200] /__nextjs_original-stack-frame?isServer=false&isEdgeServer=false&isAppDirectory=true&errorMessage=Error%3A+A+tree+hydrated+but+some+attributes+of+the+server+rendered+HTML+didn%27t+match+the+client+properties.+This+won%27t+be+patched+up.+This+can+happen+if+a+SSR-ed+Client+Component+used%3A%0A%0A-+A+server%2Fclient+branch+%60if+%28typeof+window+%21%3D%3D+%27undefined%27%29%60.%0A-+Variable+input+such+as+%60Date.now%28%29%60+or+%60Math.random%28%29%60+which+changes+each+time+it%27s+called.%0A-+Date+formatting+in+a+user%27s+locale+which+doesn%27t+match+the+server.%0A-+External+changing+data+without+sending+a+snapshot+of+it+along+with+the+HTML.%0A-+Invalid+HTML+tag+nesting.%0A%0AIt+can+also+happen+if+the+client+has+a+browser+extension+installed+which+messes+with+the+HTML+before+React+loaded.%0A%0Ahttps%3A%2F%2Freact.dev%2Flink%2Fhydration-mismatch%0A%0A++...%0A++++%3CErrorBoundary+errorComponent%3D%7Bundefined%7D+errorStyles%3D%7Bundefined%7D+errorScripts%3D%7Bundefined%7D%3E%0A++++++%3CLoa... [truncated]
  response: {"originalStackFrame":{"file":"node_modules/next/dist/compiled/react-dom/cjs/react-dom-client.development.js","lineNumber":15080,"column":1,"methodName":"performUnitOfWork","arguments":[],"ignored":true},"originalCodeFrame":null}
2026-02-27T23:05:40.988Z [network][GET 200] /__nextjs_original-stack-frame?isServer=false&isEdgeServer=false&isAppDirectory=true&errorMessage=Error%3A+A+tree+hydrated+but+some+attributes+of+the+server+rendered+HTML+didn%27t+match+the+client+properties.+This+won%27t+be+patched+up.+This+can+happen+if+a+SSR-ed+Client+Component+used%3A%0A%0A-+A+server%2Fclient+branch+%60if+%28typeof+window+%21%3D%3D+%27undefined%27%29%60.%0A-+Variable+input+such+as+%60Date.now%28%29%60+or+%60Math.random%28%29%60+which+changes+each+time+it%27s+called.%0A-+Date+formatting+in+a+user%27s+locale+which+doesn%27t+match+the+server.%0A-+External+changing+data+without+sending+a+snapshot+of+it+along+with+the+HTML.%0A-+Invalid+HTML+tag+nesting.%0A%0AIt+can+also+happen+if+the+client+has+a+browser+extension+installed+which+messes+with+the+HTML+before+React+loaded.%0A%0Ahttps%3A%2F%2Freact.dev%2Flink%2Fhydration-mismatch%0A%0A++...%0A++++%3CErrorBoundary+errorComponent%3D%7Bundefined%7D+errorStyles%3D%7Bundefined%7D+errorScripts%3D%7Bundefined%7D%3E%0A++++++%3CLoa... [truncated]
  response: {"originalStackFrame":{"file":"node_modules/next/dist/compiled/react-dom/cjs/react-dom-client.development.js","lineNumber":15057,"column":1,"methodName":"workLoopConcurrent","arguments":[],"ignored":true},"originalCodeFrame":null}
2026-02-27T23:05:41.004Z [network][GET 200] /__nextjs_original-stack-frame?isServer=false&isEdgeServer=false&isAppDirectory=true&errorMessage=Error%3A+A+tree+hydrated+but+some+attributes+of+the+server+rendered+HTML+didn%27t+match+the+client+properties.+This+won%27t+be+patched+up.+This+can+happen+if+a+SSR-ed+Client+Component+used%3A%0A%0A-+A+server%2Fclient+branch+%60if+%28typeof+window+%21%3D%3D+%27undefined%27%29%60.%0A-+Variable+input+such+as+%60Date.now%28%29%60+or+%60Math.random%28%29%60+which+changes+each+time+it%27s+called.%0A-+Date+formatting+in+a+user%27s+locale+which+doesn%27t+match+the+server.%0A-+External+changing+data+without+sending+a+snapshot+of+it+along+with+the+HTML.%0A-+Invalid+HTML+tag+nesting.%0A%0AIt+can+also+happen+if+the+client+has+a+browser+extension+installed+which+messes+with+the+HTML+before+React+loaded.%0A%0Ahttps%3A%2F%2Freact.dev%2Flink%2Fhydration-mismatch%0A%0A++...%0A++++%3CErrorBoundary+errorComponent%3D%7Bundefined%7D+errorStyles%3D%7Bundefined%7D+errorScripts%3D%7Bundefined%7D%3E%0A++++++%3CLoa... [truncated]
  response: {"originalStackFrame":{"file":"node_modules/next/dist/compiled/react-dom/cjs/react-dom-client.development.js","lineNumber":15954,"column":1,"methodName":"performWorkOnRootViaSchedulerTask","arguments":[],"ignored":true},"originalCodeFrame":null}
2026-02-27T23:05:41.009Z [network][GET 200] /__nextjs_original-stack-frame?isServer=false&isEdgeServer=false&isAppDirectory=true&errorMessage=Error%3A+A+tree+hydrated+but+some+attributes+of+the+server+rendered+HTML+didn%27t+match+the+client+properties.+This+won%27t+be+patched+up.+This+can+happen+if+a+SSR-ed+Client+Component+used%3A%0A%0A-+A+server%2Fclient+branch+%60if+%28typeof+window+%21%3D%3D+%27undefined%27%29%60.%0A-+Variable+input+such+as+%60Date.now%28%29%60+or+%60Math.random%28%29%60+which+changes+each+time+it%27s+called.%0A-+Date+formatting+in+a+user%27s+locale+which+doesn%27t+match+the+server.%0A-+External+changing+data+without+sending+a+snapshot+of+it+along+with+the+HTML.%0A-+Invalid+HTML+tag+nesting.%0A%0AIt+can+also+happen+if+the+client+has+a+browser+extension+installed+which+messes+with+the+HTML+before+React+loaded.%0A%0Ahttps%3A%2F%2Freact.dev%2Flink%2Fhydration-mismatch%0A%0A++...%0A++++%3CErrorBoundary+errorComponent%3D%7Bundefined%7D+errorStyles%3D%7Bundefined%7D+errorScripts%3D%7Bundefined%7D%3E%0A++++++%3CLoa... [truncated]
  response: {"originalStackFrame":{"file":"node_modules/next/dist/compiled/scheduler/cjs/scheduler.development.js","lineNumber":44,"column":1,"methodName":"MessagePort.performWorkUntilDeadline","arguments":[],"ignored":true},"originalCodeFrame":null}
2026-02-27T23:05:41.139Z [network][GET 200] /__nextjs_original-stack-frame?isServer=false&isEdgeServer=false&isAppDirectory=true&errorMessage=Error%3A+A+tree+hydrated+but+some+attributes+of+the+server+rendered+HTML+didn%27t+match+the+client+properties.+This+won%27t+be+patched+up.+This+can+happen+if+a+SSR-ed+Client+Component+used%3A%0A%0A-+A+server%2Fclient+branch+%60if+%28typeof+window+%21%3D%3D+%27undefined%27%29%60.%0A-+Variable+input+such+as+%60Date.now%28%29%60+or+%60Math.random%28%29%60+which+changes+each+time+it%27s+called.%0A-+Date+formatting+in+a+user%27s+locale+which+doesn%27t+match+the+server.%0A-+External+changing+data+without+sending+a+snapshot+of+it+along+with+the+HTML.%0A-+Invalid+HTML+tag+nesting.%0A%0AIt+can+also+happen+if+the+client+has+a+browser+extension+installed+which+messes+with+the+HTML+before+React+loaded.%0A%0Ahttps%3A%2F%2Freact.dev%2Flink%2Fhydration-mismatch%0A%0A++...%0A++++%3CErrorBoundary+errorComponent%3D%7Bundefined%7D+errorStyles%3D%7Bundefined%7D+errorScripts%3D%7Bundefined%7D%3E%0A++++++%3CLoa... [truncated]
  response: {"originalStackFrame":{"file":"node_modules/next/dist/compiled/react-dom/cjs/react-dom-client.development.js","lineNumber":15032,"column":1,"methodName":"renderRootConcurrent","arguments":[],"ignored":true},"originalCodeFrame":null}
2026-02-27T23:05:41.141Z [network][GET 200] /__nextjs_original-stack-frame?isServer=false&isEdgeServer=false&isAppDirectory=true&errorMessage=Error%3A+A+tree+hydrated+but+some+attributes+of+the+server+rendered+HTML+didn%27t+match+the+client+properties.+This+won%27t+be+patched+up.+This+can+happen+if+a+SSR-ed+Client+Component+used%3A%0A%0A-+A+server%2Fclient+branch+%60if+%28typeof+window+%21%3D%3D+%27undefined%27%29%60.%0A-+Variable+input+such+as+%60Date.now%28%29%60+or+%60Math.random%28%29%60+which+changes+each+time+it%27s+called.%0A-+Date+formatting+in+a+user%27s+locale+which+doesn%27t+match+the+server.%0A-+External+changing+data+without+sending+a+snapshot+of+it+along+with+the+HTML.%0A-+Invalid+HTML+tag+nesting.%0A%0AIt+can+also+happen+if+the+client+has+a+browser+extension+installed+which+messes+with+the+HTML+before+React+loaded.%0A%0Ahttps%3A%2F%2Freact.dev%2Flink%2Fhydration-mismatch%0A%0A++...%0A++++%3CErrorBoundary+errorComponent%3D%7Bundefined%7D+errorStyles%3D%7Bundefined%7D+errorScripts%3D%7Bundefined%7D%3E%0A++++++%3CLoa... [truncated]
  response: {"originalStackFrame":{"file":"node_modules/next/dist/compiled/react-dom/cjs/react-dom-client.development.js","lineNumber":14349,"column":1,"methodName":"performWorkOnRoot","arguments":[],"ignored":true},"originalCodeFrame":null}
2026-02-27T23:06:53.507Z [network][GET 200] /_next/static/webpack/1d08abbf2c17a67f.webpack.hot-update.json
  response: {"c":["app/layout","webpack"],"r":[],"m":[]}
2026-02-27T23:06:57.623Z [network][GET 200] /_next/static/webpack/a54e6518c98eb7e2.webpack.hot-update.json
  response: {"c":["app/layout","webpack"],"r":[],"m":[]}
2026-02-27T23:06:58.209Z [network][GET 200] 
  response: 1:"$Sreact.fragment"
3:I["(app-pages-browser)/./node_modules/next/dist/client/components/layout-router.js",["app-pages-internals","static/chunks/app-pages-internals.js"],""]
4:I["(app-pages-browser)/./node_modules/next/dist/client/components/render-from-template-context.js",["app-pages-internals","static/chunks/app-pages-internals.js"],""]
6:I["(app-pages-browser)/./node_modules/next/dist/client/script.js",["app/layout","static/chunks/app/layout.js"],""]
8:I["(app-pages-browser)/./src/components/ErrorReporter.tsx",["app/layout","static/chunks/app/layout.js"],"default"]
9:I["(app-pages-browser)/./src/components/pixel-provider.tsx",["app/layout","static/chunks/app/layout.js"],"PixelProvider"]
d:I["(app-pages-browser)/./src/visual-edits/VisualEditsMessenger.tsx",["app/layout","static/chunks/app/layout.js"],"default"]
e:I["(app-pages-browser)/./node_modules/next/dist/client/components/client-page.js",["app-pages-internals","static/chunks/app-pages-internals.js"],"ClientPageRoot"]
f:I["(app-pages-browser)/./src/app/page.tsx",["app/page","static/chunks/app/page.js"],"default"]
10:I["(app-pages-browser)/./node_modules/next/dist/lib/metadata/metadata-boundary.js",["app-pages-internals","static/chunks/app-pages-internals.js"],"OutletBoundary"]
14:I["(app-pages-browser)/./src/app/global-error.tsx",["app/global-error","static/chunks/app/global-error.js"],"default"]
15:I["(app-pages-browser)/./node_modules/next/dist/client/components/client-segment.js",["app-pages-internals","static/chunks/app-pages-internals.js"],"ClientSegmentRoot"]
16:I["(app-pages-browser)/./node_modules/next/dist/client/components/http-access-fallback/error-boundary.js",["app-pages-internals","static/chunks/app-pages-internals.js"],"HTTPAccessFallbackBoundary"]
17:I["(app-pages-browser)/./node_modules/next/dist/lib/metadata/metadata-boundary.js",["app-pages-internals","static/chunks/app-pages-internals.js"],"MetadataBoundary"]
18:I["(app-pages-browser)/./node_modules/next/dist/lib/metadata/metadata-boundar... [truncated]
2026-02-27T23:06:58.748Z [console][warn] [Digistore24] Deprecated configuration: Do not read value from window.DIGISTORE_VENDOR_VAL use api functions!
2026-02-27T23:06:58.748Z [console][warn] [Digistore24] Deprecated configuration: Do not read value from window.DIGISTORE_AFFILIATE_VAL use api functions!
2026-02-27T23:06:58.748Z [console][warn] [Digistore24] Deprecated configuration: Do not read value from window.DIGISTORE_CAMPAIGNKEY_VAL use api functions!
2026-02-27T23:06:58.748Z [console][warn] [Digistore24] Deprecated configuration: Do not read value from window.DIGISTORE_LINK_ID_VAL use api functions!
2026-02-27T23:06:58.748Z [console][warn] [Digistore24] Deprecated configuration: Do not read value from window.DIGISTORE_UTM_VAL use api functions!
2026-02-27T23:06:58.748Z [console][warn] [Digistore24] Deprecated configuration: Do not read value from window.DIGISTORE_CLICK_AMT_VAL use api functions!
2026-02-27T23:06:58.750Z [console][warn] [Digistore24] Deprecated configuration: Do not read value from window.DIGISTORE_EMAIL_VAL use api functions!
2026-02-27T23:06:58.751Z [console][warn] [Digistore24] Deprecated configuration: Do not read value from window.DIGISTORE_AFFILIATE_KEY use api functions!
2026-02-27T23:06:58.751Z [console][warn] [Digistore24] Deprecated configuration: Do not read value from window.DIGISTORE_CAMPAIGNKEY_KEY use api functions!
2026-02-27T23:06:58.752Z [console][warn] [Digistore24] Deprecated configuration: Do not read value from window.DIGISTORE_VENDORKEY use api functions!
2026-02-27T23:06:58.752Z [console][warn] [Digistore24] Deprecated configuration: Do not read value from window.DIGISTORE_LINK_ID_SEP use api functions!
2026-02-27T23:06:58.753Z [console][warn] [Digistore24] Deprecated configuration: Do not read value from window.DIGISTORE_LINK_ID_KEY use api functions!
2026-02-27T23:06:58.753Z [console][warn] [Digistore24] Deprecated configuration: Do not read value from window.DIGISTORE_UTM_KEY use api functions!
2026-02-27T23:06:58.753Z [console][warn] [Digistore24] Deprecated configuration: Do not read value from window.DIGISTORE_CLICK_AMT_KEY use api functions!
2026-02-27T23:06:58.754Z [console][warn] [Digistore24] Deprecated configuration: Do not read value from window.DIGISTORE_EMAIL_KEY use api functions!
2026-02-27T23:05:38.283Z [console][warn] %cDownload the React DevTools for a better development experience: https://react.dev/link/react-devtools font-weight:bold
2026-02-27T23:05:40.420Z [console][error] A tree hydrated but some attributes of the server rendered HTML didn't match the client properties. This won't be patched up. This can happen if a SSR-ed Client Component used:

- A server/client branch `if (typeof window !== 'undefined')`.
- Variable input such as `Date.now()` or `Math.random()` which changes each time it's called.
- Date formatting in a user's locale which doesn't match the server.
- External changing data without sending a snapshot of it along with the HTML.
- Invalid HTML tag nesting.

It can also happen if the client has a browser extension installed which messes with the HTML before React loaded.

%s%s https://react.dev/link/hydration-mismatch 

  ...
    <LoadingBoundary loading={null}>
      <HTTPAccessFallbackBoundary notFound={[...]} forbidden={undefined} unauthorized={undefined}>
        <HTTPAccessFallbackErrorBoundary pathname="/" notFound={[...]} forbidden={undefined} unauthorized={undefined} ...>
          <RedirectBoundary>
            <RedirectErrorBoundary router={{...}}>
              <InnerLayoutRouter parallelRouterKey="children" url="/" tree={[...]} childNodes={Map} segmentPath={[...]} ...>
                <ClientPageRoot Component={function Home} searchParams={{}} params={{}}>
                  <Home params={Promise} searchParams={Promise}>
                    <main className="min-h-scre...">
                      <HeroSection>
                      <ReviewsCarousel>
                        <section id="sec-prova-..." className="jsx-e4c0ee...">
                          <div className="jsx-e4c0ee...">
                            <div>
                            <div>
                            <div className="jsx-e4c0ee...">
                              <a
+                               href="https://www.checkout-ds24.com/product/670107"
-                               href={"https://www.checkout-ds24.com/product/670107?cid=1770994886602_17709954190034&..."}
                                className="jsx-e4c0ee4aadd7f829 inline-flex items-center justify-center px-10 py-5 bg-..."
                              >
+                               APROVEITAR OFERTA AGORA
                          ...
                      <SegredoRevelado>
                        <section className="py-[80px] ...">
                          <div className="container ...">
                            <div>
                            <div>
                            <div className="flex justi...">
                              <a
+                               href="#pricing"
-                               href={"http://localhost:3000/?cid=1770994886602_17709954190034&utm_source=direto#pricing"}
                                className="group btn-primary bg-[#22c55e] text-[#05070a] text-[1rem] font-bold upperca..."
                              >
+                               QUERO O MEU ACESSO COM DESCONTO
                      <BonusInclusos>
                        <section className="py-[80px] ...">
                          <div className="max-w-[120...">
                            <div>
                            <div>
                            <div className="flex justi...">
                              <a
+                               href="https://www.checkout-ds24.com/product/670107"
-                               href={"https://www.checkout-ds24.com/product/670107?cid=1770994886602_17709954190034&..."}
                                className="group relative flex items-center justify-center gap-2 bg-[#22c55e] text-[#0..."
                              >
                      <ProblemasSolucoes>
                        <section className="py-20 px-5...">
                          <div className="max-w-[120...">
                            <div>
                            <div>
                            <div className="flex justi...">
                              <a
+                               href="#pricing"
-                               href={"http://localhost:3000/?cid=1... [truncated]
2026-02-27T23:05:40.495Z [console][error] A tree hydrated but some attributes of the server rendered HTML didn't match the client properties. This won't be patched up. This can happen if a SSR-ed Client Component used:

- A server/client branch `if (typeof window !== 'undefined')`.
- Variable input such as `Date.now()` or `Math.random()` which changes each time it's called.
- Date formatting in a user's locale which doesn't match the server.
- External changing data without sending a snapshot of it along with the HTML.
- Invalid HTML tag nesting.

It can also happen if the client has a browser extension installed which messes with the HTML before React loaded.

%s%s https://react.dev/link/hydration-mismatch 

  ...
    <ErrorBoundary errorComponent={undefined} errorStyles={undefined} errorScripts={undefined}>
      <LoadingBoundary loading={null}>
        <HTTPAccessFallbackBoundary notFound={[...]} forbidden={undefined} unauthorized={undefined}>
          <HTTPAccessFallbackErrorBoundary pathname="/" notFound={[...]} forbidden={undefined} unauthorized={undefined} ...>
            <RedirectBoundary>
              <RedirectErrorBoundary router={{...}}>
                <InnerLayoutRouter parallelRouterKey="children" url="/" tree={[...]} childNodes={Map} segmentPath={[...]} ...>
                  <ClientPageRoot Component={function Home} searchParams={{}} params={{}}>
                    <Home params={Promise} searchParams={Promise}>
                      <main className="min-h-scre...">
                        <HeroSection>
                          <section className="relative f...">
                            <div>
                            <h1>
                            <p>
                            <div>
                            <div className="w-full max...">
                              <div>
                              <p>
                              <p>
                              <p>
                              <a
+                               href="https://www.checkout-ds24.com/product/670107"
-                               href={"https://www.checkout-ds24.com/product/670107?cid=1770994886602_17709954190034&..."}
                                className="w-full h-[56px] inline-flex items-center justify-center gap-2 bg-[#22c55e] ..."
                              >
                              ...
                            ...
                        <ReviewsCarousel>
                          <section id="sec-prova-..." className="jsx-e4c0ee...">
                            <div className="jsx-e4c0ee...">
                              <div>
                              <div>
                              <div className="jsx-e4c0ee...">
                                <a
+                                 href="https://www.checkout-ds24.com/product/670107"
-                                 href={"https://www.checkout-ds24.com/product/670107?cid=1770994886602_1770995419003..."}
                                  className="jsx-e4c0ee4aadd7f829 inline-flex items-center justify-center px-10 py-5 b..."
                                >
+                                 APROVEITAR OFERTA AGORA
                            ...
                        <SegredoRevelado>
                          <section className="py-[80px] ...">
                            <div className="container ...">
                              <div>
                              <div>
                              <div className="flex justi...">
                                <a
+                                 href="#pricing"
-                                 href={"http://localhost:3000/?cid=1770994886602_17709954190034&utm_source=direto#pr..."}
                                  className="group btn-primary bg-[#22c55e] text-[#05070a] text-[1rem] font-bold upper..."
                                >
+                                 QUERO O MEU ACESSO COM DESCONTO
                        <BonusInclusos>
                          <section className="py-[80px] ...">
 ... [truncated]
2026-02-27T23:06:50.335Z [console][warn] [Fast Refresh] rebuilding
2026-02-27T23:06:53.490Z [console][warn] [Fast Refresh] rebuilding
2026-02-27T23:06:53.558Z [console][warn] [Fast Refresh] done in 69ms
2026-02-27T23:06:57.653Z [console][warn] [Fast Refresh] done in 4164ms
2026-02-27T23:06:58.286Z [console][log] __ORCHIDS_NAVIGATE__ http://localhost:3000/
2026-02-27T23:06:58.748Z [console][error] [Digistore24] Deprecated configuration: Do not read value from window.DIGISTORE_VENDOR_VAL use api functions!
2026-02-27T23:06:58.749Z [console][error] [Digistore24] Deprecated configuration: Do not read value from window.DIGISTORE_AFFILIATE_VAL use api functions!
2026-02-27T23:06:58.749Z [console][error] [Digistore24] Deprecated configuration: Do not read value from window.DIGISTORE_CAMPAIGNKEY_VAL use api functions!
2026-02-27T23:06:58.749Z [console][error] [Digistore24] Deprecated configuration: Do not read value from window.DIGISTORE_LINK_ID_VAL use api functions!
2026-02-27T23:06:58.749Z [console][error] [Digistore24] Deprecated configuration: Do not read value from window.DIGISTORE_UTM_VAL use api functions!
2026-02-27T23:06:58.749Z [console][error] [Digistore24] Deprecated configuration: Do not read value from window.DIGISTORE_CLICK_AMT_VAL use api functions!
2026-02-27T23:06:58.750Z [console][error] [Digistore24] Deprecated configuration: Do not read value from window.DIGISTORE_EMAIL_VAL use api functions!
2026-02-27T23:06:58.751Z [console][error] [Digistore24] Deprecated configuration: Do not read value from window.DIGISTORE_AFFILIATE_KEY use api functions!
2026-02-27T23:06:58.751Z [console][error] [Digistore24] Deprecated configuration: Do not read value from window.DIGISTORE_CAMPAIGNKEY_KEY use api functions!
2026-02-27T23:06:58.752Z [console][error] [Digistore24] Deprecated configuration: Do not read value from window.DIGISTORE_VENDORKEY use api functions!
2026-02-27T23:06:58.752Z [console][error] [Digistore24] Deprecated configuration: Do not read value from window.DIGISTORE_LINK_ID_SEP use api functions!
2026-02-27T23:06:58.753Z [console][error] [Digistore24] Deprecated configuration: Do not read value from window.DIGISTORE_LINK_ID_KEY use api functions!
2026-02-27T23:06:58.753Z [console][error] [Digistore24] Deprecated configuration: Do not read value from window.DIGISTORE_UTM_KEY use api functions!
2026-02-27T23:06:58.753Z [console][error] [Digistore24] Deprecated configuration: Do not read value from window.DIGISTORE_CLICK_AMT_KEY use api functions!
2026-02-27T23:06:58.754Z [console][error] [Digistore24] Deprecated configuration: Do not read value from window.DIGISTORE_EMAIL_KEY use api functions!
2026-02-27T23:05:40.420Z [console][error] A tree hydrated but some attributes of the server rendered HTML didn't match the client properties. This won't be patched up. This can happen if a SSR-ed Client Component used:

- A server/client branch `if (typeof window !== 'undefined')`.
- Variable input such as `Date.now()` or `Math.random()` which changes each time it's called.
- Date formatting in a user's locale which doesn't match the server.
- External changing data without sending a snapshot of it along with the HTML.
- Invalid HTML tag nesting.

It can also happen if the client has a browser extension installed which messes with the HTML before React loaded.

%s%s https://react.dev/link/hydration-mismatch 

  ...
    <LoadingBoundary loading={null}>
      <HTTPAccessFallbackBoundary notFound={[...]} forbidden={undefined} unauthorized={undefined}>
        <HTTPAccessFallbackErrorBoundary pathname="/" notFound={[...]} forbidden={undefined} unauthorized={undefined} ...>
          <RedirectBoundary>
            <RedirectErrorBoundary router={{...}}>
              <InnerLayoutRouter parallelRouterKey="children" url="/" tree={[...]} childNodes={Map} segmentPath={[...]} ...>
                <ClientPageRoot Component={function Home} searchParams={{}} params={{}}>
                  <Home params={Promise} searchParams={Promise}>
                    <main className="min-h-scre...">
                      <HeroSection>
                      <ReviewsCarousel>
                        <section id="sec-prova-..." className="jsx-e4c0ee...">
                          <div className="jsx-e4c0ee...">
                            <div>
                            <div>
                            <div className="jsx-e4c0ee...">
                              <a
+                               href="https://www.checkout-ds24.com/product/670107"
-                               href={"https://www.checkout-ds24.com/product/670107?cid=1770994886602_17709954190034&..."}
                                className="jsx-e4c0ee4aadd7f829 i...
2026-02-27T23:05:40.494Z [console][error] A tree hydrated but some attributes of the server rendered HTML didn't match the client properties. This won't be patched up. This can happen if a SSR-ed Client Component used:

- A server/client branch `if (typeof window !== 'undefined')`.
- Variable input such as `Date.now()` or `Math.random()` which changes each time it's called.
- Date formatting in a user's locale which doesn't match the server.
- External changing data without sending a snapshot of it along with the HTML.
- Invalid HTML tag nesting.

It can also happen if the client has a browser extension installed which messes with the HTML before React loaded.

%s%s https://react.dev/link/hydration-mismatch 

  ...
    <ErrorBoundary errorComponent={undefined} errorStyles={undefined} errorScripts={undefined}>
      <LoadingBoundary loading={null}>
        <HTTPAccessFallbackBoundary notFound={[...]} forbidden={undefined} unauthorized={undefined}>
          <HTTPAccessFallbackErrorBoundary pathname="/" notFound={[...]} forbidden={undefined} unauthorized={undefined} ...>
            <RedirectBoundary>
              <RedirectErrorBoundary router={{...}}>
                <InnerLayoutRouter parallelRouterKey="children" url="/" tree={[...]} childNodes={Map} segmentPath={[...]} ...>
                  <ClientPageRoot Component={function Home} searchParams={{}} params={{}}>
                    <Home params={Promise} searchParams={Promise}>
                      <main className="min-h-scre...">
                        <HeroSection>
                          <section className="relative f...">
                            <div>
                            <h1>
                            <p>
                            <div>
                            <div className="w-full max...">
                              <div>
                              <p>
                              <p>
                              <p>
                              <a
+                               href="https://www.checkout-ds24.com/...
2026-02-27T23:06:50.335Z [console][log] [Fast Refresh] rebuilding
2026-02-27T23:06:53.489Z [console][log] [Fast Refresh] rebuilding
2026-02-27T23:06:53.558Z [console][log] [Fast Refresh] done in 69ms
2026-02-27T23:06:57.653Z [console][log] [Fast Refresh] done in 4164ms
2026-02-27T23:06:58.286Z [console][debug] __ORCHIDS_NAVIGATE__ http://localhost:3000/
2026-02-27T23:06:58.748Z [console][warn] [Digistore24] Deprecated configuration: Do not read value from window.DIGISTORE_VENDOR_VAL use api functions!
2026-02-27T23:06:58.748Z [console][warn] [Digistore24] Deprecated configuration: Do not read value from window.DIGISTORE_AFFILIATE_VAL use api functions!
2026-02-27T23:06:58.748Z [console][warn] [Digistore24] Deprecated configuration: Do not read value from window.DIGISTORE_CAMPAIGNKEY_VAL use api functions!
2026-02-27T23:06:58.748Z [console][warn] [Digistore24] Deprecated configuration: Do not read value from window.DIGISTORE_LINK_ID_VAL use api functions!
2026-02-27T23:06:58.748Z [console][warn] [Digistore24] Deprecated configuration: Do not read value from window.DIGISTORE_UTM_VAL use api functions!
2026-02-27T23:06:58.748Z [console][warn] [Digistore24] Deprecated configuration: Do not read value from window.DIGISTORE_CLICK_AMT_VAL use api functions!
2026-02-27T23:06:58.750Z [console][warn] [Digistore24] Deprecated configuration: Do not read value from window.DIGISTORE_EMAIL_VAL use api functions!
2026-02-27T23:06:58.751Z [console][warn] [Digistore24] Deprecated configuration: Do not read value from window.DIGISTORE_AFFILIATE_KEY use api functions!
2026-02-27T23:06:58.751Z [console][warn] [Digistore24] Deprecated configuration: Do not read value from window.DIGISTORE_CAMPAIGNKEY_KEY use api functions!
2026-02-27T23:06:58.752Z [console][warn] [Digistore24] Deprecated configuration: Do not read value from window.DIGISTORE_VENDORKEY use api functions!
2026-02-27T23:06:58.752Z [console][warn] [Digistore24] Deprecated configuration: Do not read value from window.DIGISTORE_LINK_ID_SEP use api functions!
2026-02-27T23:06:58.753Z [console][warn] [Digistore24] Deprecated configuration: Do not read value from window.DIGISTORE_LINK_ID_KEY use api functions!
2026-02-27T23:06:58.753Z [console][warn] [Digistore24] Deprecated configuration: Do not read value from window.DIGISTORE_UTM_KEY use api functions!
2026-02-27T23:06:58.753Z [console][warn] [Digistore24] Deprecated configuration: Do not read value from window.DIGISTORE_CLICK_AMT_KEY use api functions!
2026-02-27T23:06:58.754Z [console][warn] [Digistore24] Deprecated configuration: Do not read value from window.DIGISTORE_EMAIL_KEY use api functions!
2026-02-27T23:05:40.550Z [network][GET 200] /__nextjs_original-stack-frame?isServer=false&isEdgeServer=false&isAppDirectory=true&errorMessage=Error%3A+A+tree+hydrated+but+some+attributes+of+the+server+rendered+HTML+didn%27t+match+the+client+properties.+This+won%27t+be+patched+up.+This+can+happen+if+a+SSR-ed+Client+Component+used%3A%0A%0A-+A+server%2Fclient+branch+%60if+%28typeof+window+%21%3D%3D+%27undefined%27%29%60.%0A-+Variable+input+such+as+%60Date.now%28%29%60+or+%60Math.random%28%29%60+which+changes+each+time+it%27s+called.%0A-+Date+formatting+in+a+user%27s+locale+which+doesn%27t+match+the+server.%0A-+External+changing+data+without+sending+a+snapshot+of+it+along+with+the+HTML.%0A-+Invalid+HTML+tag+nesting.%0A%0AIt+can+also+happen+if+the+client+has+a+browser+extension+installed+which+messes+with+the+HTML+before+React+loaded.%0A%0Ahttps%3A%2F%2Freact.dev%2Flink%2Fhydration-mismatch%0A%0A++...%0A++++%3CLoadingBoundary+loading%3D%7Bnull%7D%3E%0A++++++%3CHTTPAccessFallbackBoundary+notFound%3D%7B%5B...%5D%7D+forbidden%3D%7Bundef... [truncated]
  response: {"originalStackFrame":{"file":"<anonymous>","lineNumber":132,"column":36,"methodName":"console.error","ignored":false,"arguments":[]},"originalCodeFrame":null}
2026-02-27T23:05:40.557Z [network][GET 200] /__nextjs_original-stack-frame?isServer=false&isEdgeServer=false&isAppDirectory=true&errorMessage=Error%3A+A+tree+hydrated+but+some+attributes+of+the+server+rendered+HTML+didn%27t+match+the+client+properties.+This+won%27t+be+patched+up.+This+can+happen+if+a+SSR-ed+Client+Component+used%3A%0A%0A-+A+server%2Fclient+branch+%60if+%28typeof+window+%21%3D%3D+%27undefined%27%29%60.%0A-+Variable+input+such+as+%60Date.now%28%29%60+or+%60Math.random%28%29%60+which+changes+each+time+it%27s+called.%0A-+Date+formatting+in+a+user%27s+locale+which+doesn%27t+match+the+server.%0A-+External+changing+data+without+sending+a+snapshot+of+it+along+with+the+HTML.%0A-+Invalid+HTML+tag+nesting.%0A%0AIt+can+also+happen+if+the+client+has+a+browser+extension+installed+which+messes+with+the+HTML+before+React+loaded.%0A%0Ahttps%3A%2F%2Freact.dev%2Flink%2Fhydration-mismatch%0A%0A++...%0A++++%3CLoadingBoundary+loading%3D%7Bnull%7D%3E%0A++++++%3CHTTPAccessFallbackBoundary+notFound%3D%7B%5B...%5D%7D+forbidden%3D%7Bundef... [truncated]
  response: {"originalStackFrame":{"file":"node_modules/next/dist/compiled/react-dom/cjs/react-dom-client.development.js","lineNumber":4299,"column":1,"methodName":"emitPendingHydrationWarnings","arguments":[],"ignored":true},"originalCodeFrame":null}
2026-02-27T23:05:40.574Z [network][GET 200] /__nextjs_original-stack-frame?isServer=false&isEdgeServer=false&isAppDirectory=true&errorMessage=Error%3A+A+tree+hydrated+but+some+attributes+of+the+server+rendered+HTML+didn%27t+match+the+client+properties.+This+won%27t+be+patched+up.+This+can+happen+if+a+SSR-ed+Client+Component+used%3A%0A%0A-+A+server%2Fclient+branch+%60if+%28typeof+window+%21%3D%3D+%27undefined%27%29%60.%0A-+Variable+input+such+as+%60Date.now%28%29%60+or+%60Math.random%28%29%60+which+changes+each+time+it%27s+called.%0A-+Date+formatting+in+a+user%27s+locale+which+doesn%27t+match+the+server.%0A-+External+changing+data+without+sending+a+snapshot+of+it+along+with+the+HTML.%0A-+Invalid+HTML+tag+nesting.%0A%0AIt+can+also+happen+if+the+client+has+a+browser+extension+installed+which+messes+with+the+HTML+before+React+loaded.%0A%0Ahttps%3A%2F%2Freact.dev%2Flink%2Fhydration-mismatch%0A%0A++...%0A++++%3CLoadingBoundary+loading%3D%7Bnull%7D%3E%0A++++++%3CHTTPAccessFallbackBoundary+notFound%3D%7B%5B...%5D%7D+forbidden%3D%7Bundef... [truncated]
  response: {"originalStackFrame":{"file":"node_modules/next/dist/compiled/react-dom/cjs/react-dom-client.development.js","lineNumber":13909,"column":1,"methodName":"completeWork","arguments":[],"ignored":true},"originalCodeFrame":null}
2026-02-27T23:05:40.574Z [network][GET 200] /__nextjs_original-stack-frame?isServer=false&isEdgeServer=false&isAppDirectory=true&errorMessage=Error%3A+A+tree+hydrated+but+some+attributes+of+the+server+rendered+HTML+didn%27t+match+the+client+properties.+This+won%27t+be+patched+up.+This+can+happen+if+a+SSR-ed+Client+Component+used%3A%0A%0A-+A+server%2Fclient+branch+%60if+%28typeof+window+%21%3D%3D+%27undefined%27%29%60.%0A-+Variable+input+such+as+%60Date.now%28%29%60+or+%60Math.random%28%29%60+which+changes+each+time+it%27s+called.%0A-+Date+formatting+in+a+user%27s+locale+which+doesn%27t+match+the+server.%0A-+External+changing+data+without+sending+a+snapshot+of+it+along+with+the+HTML.%0A-+Invalid+HTML+tag+nesting.%0A%0AIt+can+also+happen+if+the+client+has+a+browser+extension+installed+which+messes+with+the+HTML+before+React+loaded.%0A%0Ahttps%3A%2F%2Freact.dev%2Flink%2Fhydration-mismatch%0A%0A++...%0A++++%3CLoadingBoundary+loading%3D%7Bnull%7D%3E%0A++++++%3CHTTPAccessFallbackBoundary+notFound%3D%7B%5B...%5D%7D+forbidden%3D%7Bundef... [truncated]
  response: {"originalStackFrame":{"file":"node_modules/next/dist/compiled/react-dom/cjs/react-dom-client.development.js","lineNumber":543,"column":1,"methodName":"runWithFiberInDEV","arguments":[],"ignored":true},"originalCodeFrame":null}
2026-02-27T23:05:40.655Z [network][GET 200] /__nextjs_original-stack-frame?isServer=false&isEdgeServer=false&isAppDirectory=true&errorMessage=Error%3A+A+tree+hydrated+but+some+attributes+of+the+server+rendered+HTML+didn%27t+match+the+client+properties.+This+won%27t+be+patched+up.+This+can+happen+if+a+SSR-ed+Client+Component+used%3A%0A%0A-+A+server%2Fclient+branch+%60if+%28typeof+window+%21%3D%3D+%27undefined%27%29%60.%0A-+Variable+input+such+as+%60Date.now%28%29%60+or+%60Math.random%28%29%60+which+changes+each+time+it%27s+called.%0A-+Date+formatting+in+a+user%27s+locale+which+doesn%27t+match+the+server.%0A-+External+changing+data+without+sending+a+snapshot+of+it+along+with+the+HTML.%0A-+Invalid+HTML+tag+nesting.%0A%0AIt+can+also+happen+if+the+client+has+a+browser+extension+installed+which+messes+with+the+HTML+before+React+loaded.%0A%0Ahttps%3A%2F%2Freact.dev%2Flink%2Fhydration-mismatch%0A%0A++...%0A++++%3CLoadingBoundary+loading%3D%7Bnull%7D%3E%0A++++++%3CHTTPAccessFallbackBoundary+notFound%3D%7B%5B...%5D%7D+forbidden%3D%7Bundef... [truncated]
  response: {"originalStackFrame":{"file":"node_modules/next/dist/compiled/react-dom/cjs/react-dom-client.development.js","lineNumber":15199,"column":1,"methodName":"completeUnitOfWork","arguments":[],"ignored":true},"originalCodeFrame":null}
2026-02-27T23:05:40.656Z [network][GET 200] /__nextjs_original-stack-frame?isServer=false&isEdgeServer=false&isAppDirectory=true&errorMessage=Error%3A+A+tree+hydrated+but+some+attributes+of+the+server+rendered+HTML+didn%27t+match+the+client+properties.+This+won%27t+be+patched+up.+This+can+happen+if+a+SSR-ed+Client+Component+used%3A%0A%0A-+A+server%2Fclient+branch+%60if+%28typeof+window+%21%3D%3D+%27undefined%27%29%60.%0A-+Variable+input+such+as+%60Date.now%28%29%60+or+%60Math.random%28%29%60+which+changes+each+time+it%27s+called.%0A-+Date+formatting+in+a+user%27s+locale+which+doesn%27t+match+the+server.%0A-+External+changing+data+without+sending+a+snapshot+of+it+along+with+the+HTML.%0A-+Invalid+HTML+tag+nesting.%0A%0AIt+can+also+happen+if+the+client+has+a+browser+extension+installed+which+messes+with+the+HTML+before+React+loaded.%0A%0Ahttps%3A%2F%2Freact.dev%2Flink%2Fhydration-mismatch%0A%0A++...%0A++++%3CLoadingBoundary+loading%3D%7Bnull%7D%3E%0A++++++%3CHTTPAccessFallbackBoundary+notFound%3D%7B%5B...%5D%7D+forbidden%3D%7Bundef... [truncated]
  response: {"originalStackFrame":{"file":"../src/client/components/react-dev-overlay/internal/helpers/console-error.ts","lineNumber":14,"column":35,"methodName":"createUnhandledError","arguments":[],"ignored":true},"originalCodeFrame":"\u001b[0m \u001b[90m 12 |\u001b[39m \u001b[36mexport\u001b[39m \u001b[36mfunction\u001b[39m createUnhandledError(message\u001b[33m:\u001b[39m string \u001b[33m|\u001b[39m \u001b[33mError\u001b[39m)\u001b[33m:\u001b[39m \u001b[33mUnhandledError\u001b[39m {\u001b[0m\n\u001b[0m \u001b[90m 13 |\u001b[39m   \u001b[36mconst\u001b[39m error \u001b[33m=\u001b[39m (\u001b[0m\n\u001b[0m\u001b[31m\u001b[1m>\u001b[22m\u001b[39m\u001b[90m 14 |\u001b[39m     \u001b[36mtypeof\u001b[39m message \u001b[33m===\u001b[39m \u001b[32m'string'\u001b[39m \u001b[33m?\u001b[39m \u001b[36mnew\u001b[39m \u001b[33mError\u001b[39m(message) \u001b[33m:\u001b[39m message\u001b[0m\n\u001b[0m \u001b[90m    |\u001b[39m                                   \u001b[31m\u001b[1m^\u001b[22m\u001b[39m\u001b[0m\n\u001b[0m \u001b[90m 15 |\u001b[39m   ) \u001b[36mas\u001b[39m \u001b[33mUnhandledError\u001b[39m\u001b[0m\n\u001b[0m \u001b[90m 16 |\u001b[39m   error[digestSym] \u001b[33m=\u001b[39m \u001b[32m'NEXT_UNHANDLED_ERROR'\u001b[39m\u001b[0m\n\u001b[0m \u001b[90m 17 |\u001b[39m   error[consoleTypeSym] \u001b[33m=\u001b[39m \u001b[36mtypeof\u001b[39m message \u001b[33m===\u001b[39m \u001b[32m'string'\u001b[39m \u001b[33m?\u001b[39m \u001b[32m'string'\u001b[39m \u001b[33m:\u001b[39m \u001b[32m'error'\u001b[39m\u001b[0m"}
2026-02-27T23:05:40.656Z [network][GET 200] /__nextjs_original-stack-frame?isServer=false&isEdgeServer=false&isAppDirectory=true&errorMessage=Error%3A+A+tree+hydrated+but+some+attributes+of+the+server+rendered+HTML+didn%27t+match+the+client+properties.+This+won%27t+be+patched+up.+This+can+happen+if+a+SSR-ed+Client+Component+used%3A%0A%0A-+A+server%2Fclient+branch+%60if+%28typeof+window+%21%3D%3D+%27undefined%27%29%60.%0A-+Variable+input+such+as+%60Date.now%28%29%60+or+%60Math.random%28%29%60+which+changes+each+time+it%27s+called.%0A-+Date+formatting+in+a+user%27s+locale+which+doesn%27t+match+the+server.%0A-+External+changing+data+without+sending+a+snapshot+of+it+along+with+the+HTML.%0A-+Invalid+HTML+tag+nesting.%0A%0AIt+can+also+happen+if+the+client+has+a+browser+extension+installed+which+messes+with+the+HTML+before+React+loaded.%0A%0Ahttps%3A%2F%2Freact.dev%2Flink%2Fhydration-mismatch%0A%0A++...%0A++++%3CLoadingBoundary+loading%3D%7Bnull%7D%3E%0A++++++%3CHTTPAccessFallbackBoundary+notFound%3D%7B%5B...%5D%7D+forbidden%3D%7Bundef... [truncated]
  response: {"originalStackFrame":{"file":"../src/client/components/globals/intercept-console-error.ts","lineNumber":32,"column":11,"methodName":"console.error","arguments":[],"ignored":true},"originalCodeFrame":"\u001b[0m \u001b[90m 30 |\u001b[39m       \u001b[36mif\u001b[39m (process\u001b[33m.\u001b[39menv\u001b[33m.\u001b[39m\u001b[33mNODE_ENV\u001b[39m \u001b[33m!==\u001b[39m \u001b[32m'production'\u001b[39m) {\u001b[0m\n\u001b[0m \u001b[90m 31 |\u001b[39m         handleClientError(\u001b[0m\n\u001b[0m\u001b[31m\u001b[1m>\u001b[22m\u001b[39m\u001b[90m 32 |\u001b[39m           \u001b[90m// replayed errors have their own complex format string that should be used,\u001b[39m\u001b[0m\n\u001b[0m \u001b[90m    |\u001b[39m           \u001b[31m\u001b[1m^\u001b[22m\u001b[39m\u001b[0m\n\u001b[0m \u001b[90m 33 |\u001b[39m           \u001b[90m// but if we pass the error directly, `handleClientError` will ignore it\u001b[39m\u001b[0m\n\u001b[0m \u001b[90m 34 |\u001b[39m           maybeError\u001b[33m,\u001b[39m\u001b[0m\n\u001b[0m \u001b[90m 35 |\u001b[39m           args\u001b[33m,\u001b[39m\u001b[0m"}
2026-02-27T23:05:40.656Z [network][GET 200] /__nextjs_original-stack-frame?isServer=false&isEdgeServer=false&isAppDirectory=true&errorMessage=Error%3A+A+tree+hydrated+but+some+attributes+of+the+server+rendered+HTML+didn%27t+match+the+client+properties.+This+won%27t+be+patched+up.+This+can+happen+if+a+SSR-ed+Client+Component+used%3A%0A%0A-+A+server%2Fclient+branch+%60if+%28typeof+window+%21%3D%3D+%27undefined%27%29%60.%0A-+Variable+input+such+as+%60Date.now%28%29%60+or+%60Math.random%28%29%60+which+changes+each+time+it%27s+called.%0A-+Date+formatting+in+a+user%27s+locale+which+doesn%27t+match+the+server.%0A-+External+changing+data+without+sending+a+snapshot+of+it+along+with+the+HTML.%0A-+Invalid+HTML+tag+nesting.%0A%0AIt+can+also+happen+if+the+client+has+a+browser+extension+installed+which+messes+with+the+HTML+before+React+loaded.%0A%0Ahttps%3A%2F%2Freact.dev%2Flink%2Fhydration-mismatch%0A%0A++...%0A++++%3CLoadingBoundary+loading%3D%7Bnull%7D%3E%0A++++++%3CHTTPAccessFallbackBoundary+notFound%3D%7B%5B...%5D%7D+forbidden%3D%7Bundef... [truncated]
  response: {"originalStackFrame":{"file":"../src/client/components/react-dev-overlay/internal/helpers/use-error-handler.ts","lineNumber":30,"column":34,"methodName":"formattedErrorMessage","arguments":[],"ignored":true},"originalCodeFrame":"\u001b[0m \u001b[90m 28 |\u001b[39m     \u001b[90m// If it's not an error, format the args into an error\u001b[39m\u001b[0m\n\u001b[0m \u001b[90m 29 |\u001b[39m     \u001b[36mconst\u001b[39m formattedErrorMessage \u001b[33m=\u001b[39m formatConsoleArgs(consoleErrorArgs)\u001b[0m\n\u001b[0m\u001b[31m\u001b[1m>\u001b[22m\u001b[39m\u001b[90m 30 |\u001b[39m     error \u001b[33m=\u001b[39m createUnhandledError(formattedErrorMessage)\u001b[0m\n\u001b[0m \u001b[90m    |\u001b[39m                                  \u001b[31m\u001b[1m^\u001b[22m\u001b[39m\u001b[0m\n\u001b[0m \u001b[90m 31 |\u001b[39m   } \u001b[36melse\u001b[39m {\u001b[0m\n\u001b[0m \u001b[90m 32 |\u001b[39m     error \u001b[33m=\u001b[39m capturedFromConsole\u001b[0m\n\u001b[0m \u001b[90m 33 |\u001b[39m       \u001b[33m?\u001b[39m createUnhandledError(originError)\u001b[0m"}
2026-02-27T23:05:40.656Z [network][GET 200] /__nextjs_original-stack-frame?isServer=false&isEdgeServer=false&isAppDirectory=true&errorMessage=Error%3A+A+tree+hydrated+but+some+attributes+of+the+server+rendered+HTML+didn%27t+match+the+client+properties.+This+won%27t+be+patched+up.+This+can+happen+if+a+SSR-ed+Client+Component+used%3A%0A%0A-+A+server%2Fclient+branch+%60if+%28typeof+window+%21%3D%3D+%27undefined%27%29%60.%0A-+Variable+input+such+as+%60Date.now%28%29%60+or+%60Math.random%28%29%60+which+changes+each+time+it%27s+called.%0A-+Date+formatting+in+a+user%27s+locale+which+doesn%27t+match+the+server.%0A-+External+changing+data+without+sending+a+snapshot+of+it+along+with+the+HTML.%0A-+Invalid+HTML+tag+nesting.%0A%0AIt+can+also+happen+if+the+client+has+a+browser+extension+installed+which+messes+with+the+HTML+before+React+loaded.%0A%0Ahttps%3A%2F%2Freact.dev%2Flink%2Fhydration-mismatch%0A%0A++...%0A++++%3CLoadingBoundary+loading%3D%7Bnull%7D%3E%0A++++++%3CHTTPAccessFallbackBoundary+notFound%3D%7B%5B...%5D%7D+forbidden%3D%7Bundef... [truncated]
  response: {"originalStackFrame":{"file":"node_modules/next/dist/compiled/react-dom/cjs/react-dom-client.development.js","lineNumber":15057,"column":1,"methodName":"workLoopConcurrent","arguments":[],"ignored":true},"originalCodeFrame":null}
2026-02-27T23:05:40.705Z [network][GET 200] /__nextjs_original-stack-frame?isServer=false&isEdgeServer=false&isAppDirectory=true&errorMessage=Error%3A+A+tree+hydrated+but+some+attributes+of+the+server+rendered+HTML+didn%27t+match+the+client+properties.+This+won%27t+be+patched+up.+This+can+happen+if+a+SSR-ed+Client+Component+used%3A%0A%0A-+A+server%2Fclient+branch+%60if+%28typeof+window+%21%3D%3D+%27undefined%27%29%60.%0A-+Variable+input+such+as+%60Date.now%28%29%60+or+%60Math.random%28%29%60+which+changes+each+time+it%27s+called.%0A-+Date+formatting+in+a+user%27s+locale+which+doesn%27t+match+the+server.%0A-+External+changing+data+without+sending+a+snapshot+of+it+along+with+the+HTML.%0A-+Invalid+HTML+tag+nesting.%0A%0AIt+can+also+happen+if+the+client+has+a+browser+extension+installed+which+messes+with+the+HTML+before+React+loaded.%0A%0Ahttps%3A%2F%2Freact.dev%2Flink%2Fhydration-mismatch%0A%0A++...%0A++++%3CLoadingBoundary+loading%3D%7Bnull%7D%3E%0A++++++%3CHTTPAccessFallbackBoundary+notFound%3D%7B%5B...%5D%7D+forbidden%3D%7Bundef... [truncated]
  response: {"originalStackFrame":{"file":"node_modules/next/dist/compiled/react-dom/cjs/react-dom-client.development.js","lineNumber":15032,"column":1,"methodName":"renderRootConcurrent","arguments":[],"ignored":true},"originalCodeFrame":null}
2026-02-27T23:05:40.706Z [network][GET 200] /__nextjs_original-stack-frame?isServer=false&isEdgeServer=false&isAppDirectory=true&errorMessage=Error%3A+A+tree+hydrated+but+some+attributes+of+the+server+rendered+HTML+didn%27t+match+the+client+properties.+This+won%27t+be+patched+up.+This+can+happen+if+a+SSR-ed+Client+Component+used%3A%0A%0A-+A+server%2Fclient+branch+%60if+%28typeof+window+%21%3D%3D+%27undefined%27%29%60.%0A-+Variable+input+such+as+%60Date.now%28%29%60+or+%60Math.random%28%29%60+which+changes+each+time+it%27s+called.%0A-+Date+formatting+in+a+user%27s+locale+which+doesn%27t+match+the+server.%0A-+External+changing+data+without+sending+a+snapshot+of+it+along+with+the+HTML.%0A-+Invalid+HTML+tag+nesting.%0A%0AIt+can+also+happen+if+the+client+has+a+browser+extension+installed+which+messes+with+the+HTML+before+React+loaded.%0A%0Ahttps%3A%2F%2Freact.dev%2Flink%2Fhydration-mismatch%0A%0A++...%0A++++%3CLoadingBoundary+loading%3D%7Bnull%7D%3E%0A++++++%3CHTTPAccessFallbackBoundary+notFound%3D%7B%5B...%5D%7D+forbidden%3D%7Bundef... [truncated]
  response: {"originalStackFrame":{"file":"node_modules/next/dist/compiled/react-dom/cjs/react-dom-client.development.js","lineNumber":15080,"column":1,"methodName":"performUnitOfWork","arguments":[],"ignored":true},"originalCodeFrame":null}
2026-02-27T23:05:40.706Z [network][GET 200] /__nextjs_original-stack-frame?isServer=false&isEdgeServer=false&isAppDirectory=true&errorMessage=Error%3A+A+tree+hydrated+but+some+attributes+of+the+server+rendered+HTML+didn%27t+match+the+client+properties.+This+won%27t+be+patched+up.+This+can+happen+if+a+SSR-ed+Client+Component+used%3A%0A%0A-+A+server%2Fclient+branch+%60if+%28typeof+window+%21%3D%3D+%27undefined%27%29%60.%0A-+Variable+input+such+as+%60Date.now%28%29%60+or+%60Math.random%28%29%60+which+changes+each+time+it%27s+called.%0A-+Date+formatting+in+a+user%27s+locale+which+doesn%27t+match+the+server.%0A-+External+changing+data+without+sending+a+snapshot+of+it+along+with+the+HTML.%0A-+Invalid+HTML+tag+nesting.%0A%0AIt+can+also+happen+if+the+client+has+a+browser+extension+installed+which+messes+with+the+HTML+before+React+loaded.%0A%0Ahttps%3A%2F%2Freact.dev%2Flink%2Fhydration-mismatch%0A%0A++...%0A++++%3CLoadingBoundary+loading%3D%7Bnull%7D%3E%0A++++++%3CHTTPAccessFallbackBoundary+notFound%3D%7B%5B...%5D%7D+forbidden%3D%7Bundef... [truncated]
  response: {"originalStackFrame":{"file":"node_modules/next/dist/compiled/react-dom/cjs/react-dom-client.development.js","lineNumber":14349,"column":1,"methodName":"performWorkOnRoot","arguments":[],"ignored":true},"originalCodeFrame":null}
2026-02-27T23:05:40.721Z [network][GET 200] /__nextjs_original-stack-frame?isServer=false&isEdgeServer=false&isAppDirectory=true&errorMessage=Error%3A+A+tree+hydrated+but+some+attributes+of+the+server+rendered+HTML+didn%27t+match+the+client+properties.+This+won%27t+be+patched+up.+This+can+happen+if+a+SSR-ed+Client+Component+used%3A%0A%0A-+A+server%2Fclient+branch+%60if+%28typeof+window+%21%3D%3D+%27undefined%27%29%60.%0A-+Variable+input+such+as+%60Date.now%28%29%60+or+%60Math.random%28%29%60+which+changes+each+time+it%27s+called.%0A-+Date+formatting+in+a+user%27s+locale+which+doesn%27t+match+the+server.%0A-+External+changing+data+without+sending+a+snapshot+of+it+along+with+the+HTML.%0A-+Invalid+HTML+tag+nesting.%0A%0AIt+can+also+happen+if+the+client+has+a+browser+extension+installed+which+messes+with+the+HTML+before+React+loaded.%0A%0Ahttps%3A%2F%2Freact.dev%2Flink%2Fhydration-mismatch%0A%0A++...%0A++++%3CLoadingBoundary+loading%3D%7Bnull%7D%3E%0A++++++%3CHTTPAccessFallbackBoundary+notFound%3D%7B%5B...%5D%7D+forbidden%3D%7Bundef... [truncated]
  response: {"originalStackFrame":{"file":"<anonymous>","lineNumber":132,"column":36,"methodName":"console.error","ignored":false,"arguments":[]},"originalCodeFrame":null}
2026-02-27T23:05:40.721Z [network][GET 200] /__nextjs_original-stack-frame?isServer=false&isEdgeServer=false&isAppDirectory=true&errorMessage=Error%3A+A+tree+hydrated+but+some+attributes+of+the+server+rendered+HTML+didn%27t+match+the+client+properties.+This+won%27t+be+patched+up.+This+can+happen+if+a+SSR-ed+Client+Component+used%3A%0A%0A-+A+server%2Fclient+branch+%60if+%28typeof+window+%21%3D%3D+%27undefined%27%29%60.%0A-+Variable+input+such+as+%60Date.now%28%29%60+or+%60Math.random%28%29%60+which+changes+each+time+it%27s+called.%0A-+Date+formatting+in+a+user%27s+locale+which+doesn%27t+match+the+server.%0A-+External+changing+data+without+sending+a+snapshot+of+it+along+with+the+HTML.%0A-+Invalid+HTML+tag+nesting.%0A%0AIt+can+also+happen+if+the+client+has+a+browser+extension+installed+which+messes+with+the+HTML+before+React+loaded.%0A%0Ahttps%3A%2F%2Freact.dev%2Flink%2Fhydration-mismatch%0A%0A++...%0A++++%3CLoadingBoundary+loading%3D%7Bnull%7D%3E%0A++++++%3CHTTPAccessFallbackBoundary+notFound%3D%7B%5B...%5D%7D+forbidden%3D%7Bundef... [truncated]
  response: {"originalStackFrame":{"file":"node_modules/next/dist/compiled/react-dom/cjs/react-dom-client.development.js","lineNumber":15954,"column":1,"methodName":"performWorkOnRootViaSchedulerTask","arguments":[],"ignored":true},"originalCodeFrame":null}
2026-02-27T23:05:40.728Z [network][GET 200] /__nextjs_original-stack-frame?isServer=false&isEdgeServer=false&isAppDirectory=true&errorMessage=Error%3A+A+tree+hydrated+but+some+attributes+of+the+server+rendered+HTML+didn%27t+match+the+client+properties.+This+won%27t+be+patched+up.+This+can+happen+if+a+SSR-ed+Client+Component+used%3A%0A%0A-+A+server%2Fclient+branch+%60if+%28typeof+window+%21%3D%3D+%27undefined%27%29%60.%0A-+Variable+input+such+as+%60Date.now%28%29%60+or+%60Math.random%28%29%60+which+changes+each+time+it%27s+called.%0A-+Date+formatting+in+a+user%27s+locale+which+doesn%27t+match+the+server.%0A-+External+changing+data+without+sending+a+snapshot+of+it+along+with+the+HTML.%0A-+Invalid+HTML+tag+nesting.%0A%0AIt+can+also+happen+if+the+client+has+a+browser+extension+installed+which+messes+with+the+HTML+before+React+loaded.%0A%0Ahttps%3A%2F%2Freact.dev%2Flink%2Fhydration-mismatch%0A%0A++...%0A++++%3CLoadingBoundary+loading%3D%7Bnull%7D%3E%0A++++++%3CHTTPAccessFallbackBoundary+notFound%3D%7B%5B...%5D%7D+forbidden%3D%7Bundef... [truncated]
  response: {"originalStackFrame":{"file":"node_modules/next/dist/compiled/scheduler/cjs/scheduler.development.js","lineNumber":44,"column":1,"methodName":"MessagePort.performWorkUntilDeadline","arguments":[],"ignored":true},"originalCodeFrame":null}
2026-02-27T23:05:40.729Z [network][GET 200] /__nextjs_original-stack-frame?isServer=false&isEdgeServer=false&isAppDirectory=true&errorMessage=Error%3A+A+tree+hydrated+but+some+attributes+of+the+server+rendered+HTML+didn%27t+match+the+client+properties.+This+won%27t+be+patched+up.+This+can+happen+if+a+SSR-ed+Client+Component+used%3A%0A%0A-+A+server%2Fclient+branch+%60if+%28typeof+window+%21%3D%3D+%27undefined%27%29%60.%0A-+Variable+input+such+as+%60Date.now%28%29%60+or+%60Math.random%28%29%60+which+changes+each+time+it%27s+called.%0A-+Date+formatting+in+a+user%27s+locale+which+doesn%27t+match+the+server.%0A-+External+changing+data+without+sending+a+snapshot+of+it+along+with+the+HTML.%0A-+Invalid+HTML+tag+nesting.%0A%0AIt+can+also+happen+if+the+client+has+a+browser+extension+installed+which+messes+with+the+HTML+before+React+loaded.%0A%0Ahttps%3A%2F%2Freact.dev%2Flink%2Fhydration-mismatch%0A%0A++...%0A++++%3CLoadingBoundary+loading%3D%7Bnull%7D%3E%0A++++++%3CHTTPAccessFallbackBoundary+notFound%3D%7B%5B...%5D%7D+forbidden%3D%7Bundef... [truncated]
  response: {"originalStackFrame":{"file":"node_modules/next/dist/compiled/react-dom/cjs/react-dom-client.development.js","lineNumber":4299,"column":1,"methodName":"emitPendingHydrationWarnings","arguments":[],"ignored":true},"originalCodeFrame":null}
2026-02-27T23:05:40.729Z [network][GET 200] /__nextjs_original-stack-frame?isServer=false&isEdgeServer=false&isAppDirectory=true&errorMessage=Error%3A+A+tree+hydrated+but+some+attributes+of+the+server+rendered+HTML+didn%27t+match+the+client+properties.+This+won%27t+be+patched+up.+This+can+happen+if+a+SSR-ed+Client+Component+used%3A%0A%0A-+A+server%2Fclient+branch+%60if+%28typeof+window+%21%3D%3D+%27undefined%27%29%60.%0A-+Variable+input+such+as+%60Date.now%28%29%60+or+%60Math.random%28%29%60+which+changes+each+time+it%27s+called.%0A-+Date+formatting+in+a+user%27s+locale+which+doesn%27t+match+the+server.%0A-+External+changing+data+without+sending+a+snapshot+of+it+along+with+the+HTML.%0A-+Invalid+HTML+tag+nesting.%0A%0AIt+can+also+happen+if+the+client+has+a+browser+extension+installed+which+messes+with+the+HTML+before+React+loaded.%0A%0Ahttps%3A%2F%2Freact.dev%2Flink%2Fhydration-mismatch%0A%0A++...%0A++++%3CLoadingBoundary+loading%3D%7Bnull%7D%3E%0A++++++%3CHTTPAccessFallbackBoundary+notFound%3D%7B%5B...%5D%7D+forbidden%3D%7Bundef... [truncated]
  response: {"originalStackFrame":{"file":"node_modules/next/dist/compiled/react-dom/cjs/react-dom-client.development.js","lineNumber":543,"column":1,"methodName":"runWithFiberInDEV","arguments":[],"ignored":true},"originalCodeFrame":null}
2026-02-27T23:05:40.729Z [network][GET 200] /__nextjs_original-stack-frame?isServer=false&isEdgeServer=false&isAppDirectory=true&errorMessage=Error%3A+A+tree+hydrated+but+some+attributes+of+the+server+rendered+HTML+didn%27t+match+the+client+properties.+This+won%27t+be+patched+up.+This+can+happen+if+a+SSR-ed+Client+Component+used%3A%0A%0A-+A+server%2Fclient+branch+%60if+%28typeof+window+%21%3D%3D+%27undefined%27%29%60.%0A-+Variable+input+such+as+%60Date.now%28%29%60+or+%60Math.random%28%29%60+which+changes+each+time+it%27s+called.%0A-+Date+formatting+in+a+user%27s+locale+which+doesn%27t+match+the+server.%0A-+External+changing+data+without+sending+a+snapshot+of+it+along+with+the+HTML.%0A-+Invalid+HTML+tag+nesting.%0A%0AIt+can+also+happen+if+the+client+has+a+browser+extension+installed+which+messes+with+the+HTML+before+React+loaded.%0A%0Ahttps%3A%2F%2Freact.dev%2Flink%2Fhydration-mismatch%0A%0A++...%0A++++%3CLoadingBoundary+loading%3D%7Bnull%7D%3E%0A++++++%3CHTTPAccessFallbackBoundary+notFound%3D%7B%5B...%5D%7D+forbidden%3D%7Bundef... [truncated]
  response: {"originalStackFrame":{"file":"node_modules/next/dist/compiled/react-dom/cjs/react-dom-client.development.js","lineNumber":15199,"column":1,"methodName":"completeUnitOfWork","arguments":[],"ignored":true},"originalCodeFrame":null}
2026-02-27T23:05:40.860Z [network][GET 200] /__nextjs_original-stack-frame?isServer=false&isEdgeServer=false&isAppDirectory=true&errorMessage=Error%3A+A+tree+hydrated+but+some+attributes+of+the+server+rendered+HTML+didn%27t+match+the+client+properties.+This+won%27t+be+patched+up.+This+can+happen+if+a+SSR-ed+Client+Component+used%3A%0A%0A-+A+server%2Fclient+branch+%60if+%28typeof+window+%21%3D%3D+%27undefined%27%29%60.%0A-+Variable+input+such+as+%60Date.now%28%29%60+or+%60Math.random%28%29%60+which+changes+each+time+it%27s+called.%0A-+Date+formatting+in+a+user%27s+locale+which+doesn%27t+match+the+server.%0A-+External+changing+data+without+sending+a+snapshot+of+it+along+with+the+HTML.%0A-+Invalid+HTML+tag+nesting.%0A%0AIt+can+also+happen+if+the+client+has+a+browser+extension+installed+which+messes+with+the+HTML+before+React+loaded.%0A%0Ahttps%3A%2F%2Freact.dev%2Flink%2Fhydration-mismatch%0A%0A++...%0A++++%3CLoadingBoundary+loading%3D%7Bnull%7D%3E%0A++++++%3CHTTPAccessFallbackBoundary+notFound%3D%7B%5B...%5D%7D+forbidden%3D%7Bundef... [truncated]
  response: {"originalStackFrame":{"file":"node_modules/next/dist/compiled/react-dom/cjs/react-dom-client.development.js","lineNumber":13909,"column":1,"methodName":"completeWork","arguments":[],"ignored":true},"originalCodeFrame":null}
2026-02-27T23:05:40.862Z [network][GET 200] /__nextjs_original-stack-frame?isServer=false&isEdgeServer=false&isAppDirectory=true&errorMessage=Error%3A+A+tree+hydrated+but+some+attributes+of+the+server+rendered+HTML+didn%27t+match+the+client+properties.+This+won%27t+be+patched+up.+This+can+happen+if+a+SSR-ed+Client+Component+used%3A%0A%0A-+A+server%2Fclient+branch+%60if+%28typeof+window+%21%3D%3D+%27undefined%27%29%60.%0A-+Variable+input+such+as+%60Date.now%28%29%60+or+%60Math.random%28%29%60+which+changes+each+time+it%27s+called.%0A-+Date+formatting+in+a+user%27s+locale+which+doesn%27t+match+the+server.%0A-+External+changing+data+without+sending+a+snapshot+of+it+along+with+the+HTML.%0A-+Invalid+HTML+tag+nesting.%0A%0AIt+can+also+happen+if+the+client+has+a+browser+extension+installed+which+messes+with+the+HTML+before+React+loaded.%0A%0Ahttps%3A%2F%2Freact.dev%2Flink%2Fhydration-mismatch%0A%0A++...%0A++++%3CLoadingBoundary+loading%3D%7Bnull%7D%3E%0A++++++%3CHTTPAccessFallbackBoundary+notFound%3D%7B%5B...%5D%7D+forbidden%3D%7Bundef... [truncated]
  response: {"originalStackFrame":{"file":"../src/client/components/react-dev-overlay/internal/helpers/console-error.ts","lineNumber":14,"column":35,"methodName":"createUnhandledError","arguments":[],"ignored":true},"originalCodeFrame":"\u001b[0m \u001b[90m 12 |\u001b[39m \u001b[36mexport\u001b[39m \u001b[36mfunction\u001b[39m createUnhandledError(message\u001b[33m:\u001b[39m string \u001b[33m|\u001b[39m \u001b[33mError\u001b[39m)\u001b[33m:\u001b[39m \u001b[33mUnhandledError\u001b[39m {\u001b[0m\n\u001b[0m \u001b[90m 13 |\u001b[39m   \u001b[36mconst\u001b[39m error \u001b[33m=\u001b[39m (\u001b[0m\n\u001b[0m\u001b[31m\u001b[1m>\u001b[22m\u001b[39m\u001b[90m 14 |\u001b[39m     \u001b[36mtypeof\u001b[39m message \u001b[33m===\u001b[39m \u001b[32m'string'\u001b[39m \u001b[33m?\u001b[39m \u001b[36mnew\u001b[39m \u001b[33mError\u001b[39m(message) \u001b[33m:\u001b[39m message\u001b[0m\n\u001b[0m \u001b[90m    |\u001b[39m                                   \u001b[31m\u001b[1m^\u001b[22m\u001b[39m\u001b[0m\n\u001b[0m \u001b[90m 15 |\u001b[39m   ) \u001b[36mas\u001b[39m \u001b[33mUnhandledError\u001b[39m\u001b[0m\n\u001b[0m \u001b[90m 16 |\u001b[39m   error[digestSym] \u001b[33m=\u001b[39m \u001b[32m'NEXT_UNHANDLED_ERROR'\u001b[39m\u001b[0m\n\u001b[0m \u001b[90m 17 |\u001b[39m   error[consoleTypeSym] \u001b[33m=\u001b[39m \u001b[36mtypeof\u001b[39m message \u001b[33m===\u001b[39m \u001b[32m'string'\u001b[39m \u001b[33m?\u001b[39m \u001b[32m'string'\u001b[39m \u001b[33m:\u001b[39m \u001b[32m'error'\u001b[39m\u001b[0m"}
2026-02-27T23:05:40.862Z [network][GET 200] /__nextjs_original-stack-frame?isServer=false&isEdgeServer=false&isAppDirectory=true&errorMessage=Error%3A+A+tree+hydrated+but+some+attributes+of+the+server+rendered+HTML+didn%27t+match+the+client+properties.+This+won%27t+be+patched+up.+This+can+happen+if+a+SSR-ed+Client+Component+used%3A%0A%0A-+A+server%2Fclient+branch+%60if+%28typeof+window+%21%3D%3D+%27undefined%27%29%60.%0A-+Variable+input+such+as+%60Date.now%28%29%60+or+%60Math.random%28%29%60+which+changes+each+time+it%27s+called.%0A-+Date+formatting+in+a+user%27s+locale+which+doesn%27t+match+the+server.%0A-+External+changing+data+without+sending+a+snapshot+of+it+along+with+the+HTML.%0A-+Invalid+HTML+tag+nesting.%0A%0AIt+can+also+happen+if+the+client+has+a+browser+extension+installed+which+messes+with+the+HTML+before+React+loaded.%0A%0Ahttps%3A%2F%2Freact.dev%2Flink%2Fhydration-mismatch%0A%0A++...%0A++++%3CLoadingBoundary+loading%3D%7Bnull%7D%3E%0A++++++%3CHTTPAccessFallbackBoundary+notFound%3D%7B%5B...%5D%7D+forbidden%3D%7Bundef... [truncated]
  response: {"originalStackFrame":{"file":"../src/client/components/globals/intercept-console-error.ts","lineNumber":32,"column":11,"methodName":"console.error","arguments":[],"ignored":true},"originalCodeFrame":"\u001b[0m \u001b[90m 30 |\u001b[39m       \u001b[36mif\u001b[39m (process\u001b[33m.\u001b[39menv\u001b[33m.\u001b[39m\u001b[33mNODE_ENV\u001b[39m \u001b[33m!==\u001b[39m \u001b[32m'production'\u001b[39m) {\u001b[0m\n\u001b[0m \u001b[90m 31 |\u001b[39m         handleClientError(\u001b[0m\n\u001b[0m\u001b[31m\u001b[1m>\u001b[22m\u001b[39m\u001b[90m 32 |\u001b[39m           \u001b[90m// replayed errors have their own complex format string that should be used,\u001b[39m\u001b[0m\n\u001b[0m \u001b[90m    |\u001b[39m           \u001b[31m\u001b[1m^\u001b[22m\u001b[39m\u001b[0m\n\u001b[0m \u001b[90m 33 |\u001b[39m           \u001b[90m// but if we pass the error directly, `handleClientError` will ignore it\u001b[39m\u001b[0m\n\u001b[0m \u001b[90m 34 |\u001b[39m           maybeError\u001b[33m,\u001b[39m\u001b[0m\n\u001b[0m \u001b[90m 35 |\u001b[39m           args\u001b[33m,\u001b[39m\u001b[0m"}
2026-02-27T23:05:40.862Z [network][GET 200] /__nextjs_original-stack-frame?isServer=false&isEdgeServer=false&isAppDirectory=true&errorMessage=Error%3A+A+tree+hydrated+but+some+attributes+of+the+server+rendered+HTML+didn%27t+match+the+client+properties.+This+won%27t+be+patched+up.+This+can+happen+if+a+SSR-ed+Client+Component+used%3A%0A%0A-+A+server%2Fclient+branch+%60if+%28typeof+window+%21%3D%3D+%27undefined%27%29%60.%0A-+Variable+input+such+as+%60Date.now%28%29%60+or+%60Math.random%28%29%60+which+changes+each+time+it%27s+called.%0A-+Date+formatting+in+a+user%27s+locale+which+doesn%27t+match+the+server.%0A-+External+changing+data+without+sending+a+snapshot+of+it+along+with+the+HTML.%0A-+Invalid+HTML+tag+nesting.%0A%0AIt+can+also+happen+if+the+client+has+a+browser+extension+installed+which+messes+with+the+HTML+before+React+loaded.%0A%0Ahttps%3A%2F%2Freact.dev%2Flink%2Fhydration-mismatch%0A%0A++...%0A++++%3CLoadingBoundary+loading%3D%7Bnull%7D%3E%0A++++++%3CHTTPAccessFallbackBoundary+notFound%3D%7B%5B...%5D%7D+forbidden%3D%7Bundef... [truncated]
  response: {"originalStackFrame":{"file":"node_modules/next/dist/compiled/react-dom/cjs/react-dom-client.development.js","lineNumber":15057,"column":1,"methodName":"workLoopConcurrent","arguments":[],"ignored":true},"originalCodeFrame":null}
2026-02-27T23:05:40.862Z [network][GET 200] /__nextjs_original-stack-frame?isServer=false&isEdgeServer=false&isAppDirectory=true&errorMessage=Error%3A+A+tree+hydrated+but+some+attributes+of+the+server+rendered+HTML+didn%27t+match+the+client+properties.+This+won%27t+be+patched+up.+This+can+happen+if+a+SSR-ed+Client+Component+used%3A%0A%0A-+A+server%2Fclient+branch+%60if+%28typeof+window+%21%3D%3D+%27undefined%27%29%60.%0A-+Variable+input+such+as+%60Date.now%28%29%60+or+%60Math.random%28%29%60+which+changes+each+time+it%27s+called.%0A-+Date+formatting+in+a+user%27s+locale+which+doesn%27t+match+the+server.%0A-+External+changing+data+without+sending+a+snapshot+of+it+along+with+the+HTML.%0A-+Invalid+HTML+tag+nesting.%0A%0AIt+can+also+happen+if+the+client+has+a+browser+extension+installed+which+messes+with+the+HTML+before+React+loaded.%0A%0Ahttps%3A%2F%2Freact.dev%2Flink%2Fhydration-mismatch%0A%0A++...%0A++++%3CLoadingBoundary+loading%3D%7Bnull%7D%3E%0A++++++%3CHTTPAccessFallbackBoundary+notFound%3D%7B%5B...%5D%7D+forbidden%3D%7Bundef... [truncated]
  response: {"originalStackFrame":{"file":"node_modules/next/dist/compiled/react-dom/cjs/react-dom-client.development.js","lineNumber":15032,"column":1,"methodName":"renderRootConcurrent","arguments":[],"ignored":true},"originalCodeFrame":null}
2026-02-27T23:05:40.862Z [network][GET 200] /__nextjs_original-stack-frame?isServer=false&isEdgeServer=false&isAppDirectory=true&errorMessage=Error%3A+A+tree+hydrated+but+some+attributes+of+the+server+rendered+HTML+didn%27t+match+the+client+properties.+This+won%27t+be+patched+up.+This+can+happen+if+a+SSR-ed+Client+Component+used%3A%0A%0A-+A+server%2Fclient+branch+%60if+%28typeof+window+%21%3D%3D+%27undefined%27%29%60.%0A-+Variable+input+such+as+%60Date.now%28%29%60+or+%60Math.random%28%29%60+which+changes+each+time+it%27s+called.%0A-+Date+formatting+in+a+user%27s+locale+which+doesn%27t+match+the+server.%0A-+External+changing+data+without+sending+a+snapshot+of+it+along+with+the+HTML.%0A-+Invalid+HTML+tag+nesting.%0A%0AIt+can+also+happen+if+the+client+has+a+browser+extension+installed+which+messes+with+the+HTML+before+React+loaded.%0A%0Ahttps%3A%2F%2Freact.dev%2Flink%2Fhydration-mismatch%0A%0A++...%0A++++%3CLoadingBoundary+loading%3D%7Bnull%7D%3E%0A++++++%3CHTTPAccessFallbackBoundary+notFound%3D%7B%5B...%5D%7D+forbidden%3D%7Bundef... [truncated]
  response: {"originalStackFrame":{"file":"node_modules/next/dist/compiled/react-dom/cjs/react-dom-client.development.js","lineNumber":15080,"column":1,"methodName":"performUnitOfWork","arguments":[],"ignored":true},"originalCodeFrame":null}
2026-02-27T23:05:40.862Z [network][GET 200] /__nextjs_original-stack-frame?isServer=false&isEdgeServer=false&isAppDirectory=true&errorMessage=Error%3A+A+tree+hydrated+but+some+attributes+of+the+server+rendered+HTML+didn%27t+match+the+client+properties.+This+won%27t+be+patched+up.+This+can+happen+if+a+SSR-ed+Client+Component+used%3A%0A%0A-+A+server%2Fclient+branch+%60if+%28typeof+window+%21%3D%3D+%27undefined%27%29%60.%0A-+Variable+input+such+as+%60Date.now%28%29%60+or+%60Math.random%28%29%60+which+changes+each+time+it%27s+called.%0A-+Date+formatting+in+a+user%27s+locale+which+doesn%27t+match+the+server.%0A-+External+changing+data+without+sending+a+snapshot+of+it+along+with+the+HTML.%0A-+Invalid+HTML+tag+nesting.%0A%0AIt+can+also+happen+if+the+client+has+a+browser+extension+installed+which+messes+with+the+HTML+before+React+loaded.%0A%0Ahttps%3A%2F%2Freact.dev%2Flink%2Fhydration-mismatch%0A%0A++...%0A++++%3CLoadingBoundary+loading%3D%7Bnull%7D%3E%0A++++++%3CHTTPAccessFallbackBoundary+notFound%3D%7B%5B...%5D%7D+forbidden%3D%7Bundef... [truncated]
  response: {"originalStackFrame":{"file":"../src/client/components/react-dev-overlay/internal/helpers/use-error-handler.ts","lineNumber":30,"column":34,"methodName":"formattedErrorMessage","arguments":[],"ignored":true},"originalCodeFrame":"\u001b[0m \u001b[90m 28 |\u001b[39m     \u001b[90m// If it's not an error, format the args into an error\u001b[39m\u001b[0m\n\u001b[0m \u001b[90m 29 |\u001b[39m     \u001b[36mconst\u001b[39m formattedErrorMessage \u001b[33m=\u001b[39m formatConsoleArgs(consoleErrorArgs)\u001b[0m\n\u001b[0m\u001b[31m\u001b[1m>\u001b[22m\u001b[39m\u001b[90m 30 |\u001b[39m     error \u001b[33m=\u001b[39m createUnhandledError(formattedErrorMessage)\u001b[0m\n\u001b[0m \u001b[90m    |\u001b[39m                                  \u001b[31m\u001b[1m^\u001b[22m\u001b[39m\u001b[0m\n\u001b[0m \u001b[90m 31 |\u001b[39m   } \u001b[36melse\u001b[39m {\u001b[0m\n\u001b[0m \u001b[90m 32 |\u001b[39m     error \u001b[33m=\u001b[39m capturedFromConsole\u001b[0m\n\u001b[0m \u001b[90m 33 |\u001b[39m       \u001b[33m?\u001b[39m createUnhandledError(originError)\u001b[0m"}
2026-02-27T23:05:40.862Z [network][GET 200] /__nextjs_original-stack-frame?isServer=false&isEdgeServer=false&isAppDirectory=true&errorMessage=Error%3A+A+tree+hydrated+but+some+attributes+of+the+server+rendered+HTML+didn%27t+match+the+client+properties.+This+won%27t+be+patched+up.+This+can+happen+if+a+SSR-ed+Client+Component+used%3A%0A%0A-+A+server%2Fclient+branch+%60if+%28typeof+window+%21%3D%3D+%27undefined%27%29%60.%0A-+Variable+input+such+as+%60Date.now%28%29%60+or+%60Math.random%28%29%60+which+changes+each+time+it%27s+called.%0A-+Date+formatting+in+a+user%27s+locale+which+doesn%27t+match+the+server.%0A-+External+changing+data+without+sending+a+snapshot+of+it+along+with+the+HTML.%0A-+Invalid+HTML+tag+nesting.%0A%0AIt+can+also+happen+if+the+client+has+a+browser+extension+installed+which+messes+with+the+HTML+before+React+loaded.%0A%0Ahttps%3A%2F%2Freact.dev%2Flink%2Fhydration-mismatch%0A%0A++...%0A++++%3CLoadingBoundary+loading%3D%7Bnull%7D%3E%0A++++++%3CHTTPAccessFallbackBoundary+notFound%3D%7B%5B...%5D%7D+forbidden%3D%7Bundef... [truncated]
  response: {"originalStackFrame":{"file":"node_modules/next/dist/compiled/react-dom/cjs/react-dom-client.development.js","lineNumber":14349,"column":1,"methodName":"performWorkOnRoot","arguments":[],"ignored":true},"originalCodeFrame":null}
2026-02-27T23:05:40.862Z [network][GET 200] /__nextjs_original-stack-frame?isServer=false&isEdgeServer=false&isAppDirectory=true&errorMessage=Error%3A+A+tree+hydrated+but+some+attributes+of+the+server+rendered+HTML+didn%27t+match+the+client+properties.+This+won%27t+be+patched+up.+This+can+happen+if+a+SSR-ed+Client+Component+used%3A%0A%0A-+A+server%2Fclient+branch+%60if+%28typeof+window+%21%3D%3D+%27undefined%27%29%60.%0A-+Variable+input+such+as+%60Date.now%28%29%60+or+%60Math.random%28%29%60+which+changes+each+time+it%27s+called.%0A-+Date+formatting+in+a+user%27s+locale+which+doesn%27t+match+the+server.%0A-+External+changing+data+without+sending+a+snapshot+of+it+along+with+the+HTML.%0A-+Invalid+HTML+tag+nesting.%0A%0AIt+can+also+happen+if+the+client+has+a+browser+extension+installed+which+messes+with+the+HTML+before+React+loaded.%0A%0Ahttps%3A%2F%2Freact.dev%2Flink%2Fhydration-mismatch%0A%0A++...%0A++++%3CLoadingBoundary+loading%3D%7Bnull%7D%3E%0A++++++%3CHTTPAccessFallbackBoundary+notFound%3D%7B%5B...%5D%7D+forbidden%3D%7Bundef... [truncated]
  response: {"originalStackFrame":{"file":"node_modules/next/dist/compiled/react-dom/cjs/react-dom-client.development.js","lineNumber":15954,"column":1,"methodName":"performWorkOnRootViaSchedulerTask","arguments":[],"ignored":true},"originalCodeFrame":null}
2026-02-27T23:05:40.862Z [network][GET 200] /__nextjs_original-stack-frame?isServer=false&isEdgeServer=false&isAppDirectory=true&errorMessage=Error%3A+A+tree+hydrated+but+some+attributes+of+the+server+rendered+HTML+didn%27t+match+the+client+properties.+This+won%27t+be+patched+up.+This+can+happen+if+a+SSR-ed+Client+Component+used%3A%0A%0A-+A+server%2Fclient+branch+%60if+%28typeof+window+%21%3D%3D+%27undefined%27%29%60.%0A-+Variable+input+such+as+%60Date.now%28%29%60+or+%60Math.random%28%29%60+which+changes+each+time+it%27s+called.%0A-+Date+formatting+in+a+user%27s+locale+which+doesn%27t+match+the+server.%0A-+External+changing+data+without+sending+a+snapshot+of+it+along+with+the+HTML.%0A-+Invalid+HTML+tag+nesting.%0A%0AIt+can+also+happen+if+the+client+has+a+browser+extension+installed+which+messes+with+the+HTML+before+React+loaded.%0A%0Ahttps%3A%2F%2Freact.dev%2Flink%2Fhydration-mismatch%0A%0A++...%0A++++%3CLoadingBoundary+loading%3D%7Bnull%7D%3E%0A++++++%3CHTTPAccessFallbackBoundary+notFound%3D%7B%5B...%5D%7D+forbidden%3D%7Bundef... [truncated]
  response: {"originalStackFrame":{"file":"node_modules/next/dist/compiled/scheduler/cjs/scheduler.development.js","lineNumber":44,"column":1,"methodName":"MessagePort.performWorkUntilDeadline","arguments":[],"ignored":true},"originalCodeFrame":null}
2026-02-27T23:05:40.926Z [network][GET 200] /__nextjs_original-stack-frame?isServer=false&isEdgeServer=false&isAppDirectory=true&errorMessage=Error%3A+A+tree+hydrated+but+some+attributes+of+the+server+rendered+HTML+didn%27t+match+the+client+properties.+This+won%27t+be+patched+up.+This+can+happen+if+a+SSR-ed+Client+Component+used%3A%0A%0A-+A+server%2Fclient+branch+%60if+%28typeof+window+%21%3D%3D+%27undefined%27%29%60.%0A-+Variable+input+such+as+%60Date.now%28%29%60+or+%60Math.random%28%29%60+which+changes+each+time+it%27s+called.%0A-+Date+formatting+in+a+user%27s+locale+which+doesn%27t+match+the+server.%0A-+External+changing+data+without+sending+a+snapshot+of+it+along+with+the+HTML.%0A-+Invalid+HTML+tag+nesting.%0A%0AIt+can+also+happen+if+the+client+has+a+browser+extension+installed+which+messes+with+the+HTML+before+React+loaded.%0A%0Ahttps%3A%2F%2Freact.dev%2Flink%2Fhydration-mismatch%0A%0A++...%0A++++%3CErrorBoundary+errorComponent%3D%7Bundefined%7D+errorStyles%3D%7Bundefined%7D+errorScripts%3D%7Bundefined%7D%3E%0A++++++%3CLoa... [truncated]
  response: {"originalStackFrame":{"file":"../src/client/components/react-dev-overlay/internal/helpers/console-error.ts","lineNumber":14,"column":35,"methodName":"createUnhandledError","arguments":[],"ignored":true},"originalCodeFrame":"\u001b[0m \u001b[90m 12 |\u001b[39m \u001b[36mexport\u001b[39m \u001b[36mfunction\u001b[39m createUnhandledError(message\u001b[33m:\u001b[39m string \u001b[33m|\u001b[39m \u001b[33mError\u001b[39m)\u001b[33m:\u001b[39m \u001b[33mUnhandledError\u001b[39m {\u001b[0m\n\u001b[0m \u001b[90m 13 |\u001b[39m   \u001b[36mconst\u001b[39m error \u001b[33m=\u001b[39m (\u001b[0m\n\u001b[0m\u001b[31m\u001b[1m>\u001b[22m\u001b[39m\u001b[90m 14 |\u001b[39m     \u001b[36mtypeof\u001b[39m message \u001b[33m===\u001b[39m \u001b[32m'string'\u001b[39m \u001b[33m?\u001b[39m \u001b[36mnew\u001b[39m \u001b[33mError\u001b[39m(message) \u001b[33m:\u001b[39m message\u001b[0m\n\u001b[0m \u001b[90m    |\u001b[39m                                   \u001b[31m\u001b[1m^\u001b[22m\u001b[39m\u001b[0m\n\u001b[0m \u001b[90m 15 |\u001b[39m   ) \u001b[36mas\u001b[39m \u001b[33mUnhandledError\u001b[39m\u001b[0m\n\u001b[0m \u001b[90m 16 |\u001b[39m   error[digestSym] \u001b[33m=\u001b[39m \u001b[32m'NEXT_UNHANDLED_ERROR'\u001b[39m\u001b[0m\n\u001b[0m \u001b[90m 17 |\u001b[39m   error[consoleTypeSym] \u001b[33m=\u001b[39m \u001b[36mtypeof\u001b[39m message \u001b[33m===\u001b[39m \u001b[32m'string'\u001b[39m \u001b[33m?\u001b[39m \u001b[32m'string'\u001b[39m \u001b[33m:\u001b[39m \u001b[32m'error'\u001b[39m\u001b[0m"}
2026-02-27T23:05:40.926Z [network][GET 200] /__nextjs_original-stack-frame?isServer=false&isEdgeServer=false&isAppDirectory=true&errorMessage=Error%3A+A+tree+hydrated+but+some+attributes+of+the+server+rendered+HTML+didn%27t+match+the+client+properties.+This+won%27t+be+patched+up.+This+can+happen+if+a+SSR-ed+Client+Component+used%3A%0A%0A-+A+server%2Fclient+branch+%60if+%28typeof+window+%21%3D%3D+%27undefined%27%29%60.%0A-+Variable+input+such+as+%60Date.now%28%29%60+or+%60Math.random%28%29%60+which+changes+each+time+it%27s+called.%0A-+Date+formatting+in+a+user%27s+locale+which+doesn%27t+match+the+server.%0A-+External+changing+data+without+sending+a+snapshot+of+it+along+with+the+HTML.%0A-+Invalid+HTML+tag+nesting.%0A%0AIt+can+also+happen+if+the+client+has+a+browser+extension+installed+which+messes+with+the+HTML+before+React+loaded.%0A%0Ahttps%3A%2F%2Freact.dev%2Flink%2Fhydration-mismatch%0A%0A++...%0A++++%3CErrorBoundary+errorComponent%3D%7Bundefined%7D+errorStyles%3D%7Bundefined%7D+errorScripts%3D%7Bundefined%7D%3E%0A++++++%3CLoa... [truncated]
  response: {"originalStackFrame":{"file":"../src/client/components/react-dev-overlay/internal/helpers/use-error-handler.ts","lineNumber":30,"column":34,"methodName":"formattedErrorMessage","arguments":[],"ignored":true},"originalCodeFrame":"\u001b[0m \u001b[90m 28 |\u001b[39m     \u001b[90m// If it's not an error, format the args into an error\u001b[39m\u001b[0m\n\u001b[0m \u001b[90m 29 |\u001b[39m     \u001b[36mconst\u001b[39m formattedErrorMessage \u001b[33m=\u001b[39m formatConsoleArgs(consoleErrorArgs)\u001b[0m\n\u001b[0m\u001b[31m\u001b[1m>\u001b[22m\u001b[39m\u001b[90m 30 |\u001b[39m     error \u001b[33m=\u001b[39m createUnhandledError(formattedErrorMessage)\u001b[0m\n\u001b[0m \u001b[90m    |\u001b[39m                                  \u001b[31m\u001b[1m^\u001b[22m\u001b[39m\u001b[0m\n\u001b[0m \u001b[90m 31 |\u001b[39m   } \u001b[36melse\u001b[39m {\u001b[0m\n\u001b[0m \u001b[90m 32 |\u001b[39m     error \u001b[33m=\u001b[39m capturedFromConsole\u001b[0m\n\u001b[0m \u001b[90m 33 |\u001b[39m       \u001b[33m?\u001b[39m createUnhandledError(originError)\u001b[0m"}
2026-02-27T23:05:40.926Z [network][GET 200] /__nextjs_original-stack-frame?isServer=false&isEdgeServer=false&isAppDirectory=true&errorMessage=Error%3A+A+tree+hydrated+but+some+attributes+of+the+server+rendered+HTML+didn%27t+match+the+client+properties.+This+won%27t+be+patched+up.+This+can+happen+if+a+SSR-ed+Client+Component+used%3A%0A%0A-+A+server%2Fclient+branch+%60if+%28typeof+window+%21%3D%3D+%27undefined%27%29%60.%0A-+Variable+input+such+as+%60Date.now%28%29%60+or+%60Math.random%28%29%60+which+changes+each+time+it%27s+called.%0A-+Date+formatting+in+a+user%27s+locale+which+doesn%27t+match+the+server.%0A-+External+changing+data+without+sending+a+snapshot+of+it+along+with+the+HTML.%0A-+Invalid+HTML+tag+nesting.%0A%0AIt+can+also+happen+if+the+client+has+a+browser+extension+installed+which+messes+with+the+HTML+before+React+loaded.%0A%0Ahttps%3A%2F%2Freact.dev%2Flink%2Fhydration-mismatch%0A%0A++...%0A++++%3CErrorBoundary+errorComponent%3D%7Bundefined%7D+errorStyles%3D%7Bundefined%7D+errorScripts%3D%7Bundefined%7D%3E%0A++++++%3CLoa... [truncated]
  response: {"originalStackFrame":{"file":"../src/client/components/globals/intercept-console-error.ts","lineNumber":32,"column":11,"methodName":"console.error","arguments":[],"ignored":true},"originalCodeFrame":"\u001b[0m \u001b[90m 30 |\u001b[39m       \u001b[36mif\u001b[39m (process\u001b[33m.\u001b[39menv\u001b[33m.\u001b[39m\u001b[33mNODE_ENV\u001b[39m \u001b[33m!==\u001b[39m \u001b[32m'production'\u001b[39m) {\u001b[0m\n\u001b[0m \u001b[90m 31 |\u001b[39m         handleClientError(\u001b[0m\n\u001b[0m\u001b[31m\u001b[1m>\u001b[22m\u001b[39m\u001b[90m 32 |\u001b[39m           \u001b[90m// replayed errors have their own complex format string that should be used,\u001b[39m\u001b[0m\n\u001b[0m \u001b[90m    |\u001b[39m           \u001b[31m\u001b[1m^\u001b[22m\u001b[39m\u001b[0m\n\u001b[0m \u001b[90m 33 |\u001b[39m           \u001b[90m// but if we pass the error directly, `handleClientError` will ignore it\u001b[39m\u001b[0m\n\u001b[0m \u001b[90m 34 |\u001b[39m           maybeError\u001b[33m,\u001b[39m\u001b[0m\n\u001b[0m \u001b[90m 35 |\u001b[39m           args\u001b[33m,\u001b[39m\u001b[0m"}
2026-02-27T23:05:40.926Z [network][GET 200] /__nextjs_original-stack-frame?isServer=false&isEdgeServer=false&isAppDirectory=true&errorMessage=Error%3A+A+tree+hydrated+but+some+attributes+of+the+server+rendered+HTML+didn%27t+match+the+client+properties.+This+won%27t+be+patched+up.+This+can+happen+if+a+SSR-ed+Client+Component+used%3A%0A%0A-+A+server%2Fclient+branch+%60if+%28typeof+window+%21%3D%3D+%27undefined%27%29%60.%0A-+Variable+input+such+as+%60Date.now%28%29%60+or+%60Math.random%28%29%60+which+changes+each+time+it%27s+called.%0A-+Date+formatting+in+a+user%27s+locale+which+doesn%27t+match+the+server.%0A-+External+changing+data+without+sending+a+snapshot+of+it+along+with+the+HTML.%0A-+Invalid+HTML+tag+nesting.%0A%0AIt+can+also+happen+if+the+client+has+a+browser+extension+installed+which+messes+with+the+HTML+before+React+loaded.%0A%0Ahttps%3A%2F%2Freact.dev%2Flink%2Fhydration-mismatch%0A%0A++...%0A++++%3CErrorBoundary+errorComponent%3D%7Bundefined%7D+errorStyles%3D%7Bundefined%7D+errorScripts%3D%7Bundefined%7D%3E%0A++++++%3CLoa... [truncated]
  response: {"originalStackFrame":{"file":"<anonymous>","lineNumber":132,"column":36,"methodName":"console.error","ignored":false,"arguments":[]},"originalCodeFrame":null}
2026-02-27T23:05:40.949Z [network][GET 200] /__nextjs_original-stack-frame?isServer=false&isEdgeServer=false&isAppDirectory=true&errorMessage=Error%3A+A+tree+hydrated+but+some+attributes+of+the+server+rendered+HTML+didn%27t+match+the+client+properties.+This+won%27t+be+patched+up.+This+can+happen+if+a+SSR-ed+Client+Component+used%3A%0A%0A-+A+server%2Fclient+branch+%60if+%28typeof+window+%21%3D%3D+%27undefined%27%29%60.%0A-+Variable+input+such+as+%60Date.now%28%29%60+or+%60Math.random%28%29%60+which+changes+each+time+it%27s+called.%0A-+Date+formatting+in+a+user%27s+locale+which+doesn%27t+match+the+server.%0A-+External+changing+data+without+sending+a+snapshot+of+it+along+with+the+HTML.%0A-+Invalid+HTML+tag+nesting.%0A%0AIt+can+also+happen+if+the+client+has+a+browser+extension+installed+which+messes+with+the+HTML+before+React+loaded.%0A%0Ahttps%3A%2F%2Freact.dev%2Flink%2Fhydration-mismatch%0A%0A++...%0A++++%3CErrorBoundary+errorComponent%3D%7Bundefined%7D+errorStyles%3D%7Bundefined%7D+errorScripts%3D%7Bundefined%7D%3E%0A++++++%3CLoa... [truncated]
  response: {"originalStackFrame":{"file":"node_modules/next/dist/compiled/react-dom/cjs/react-dom-client.development.js","lineNumber":4299,"column":1,"methodName":"emitPendingHydrationWarnings","arguments":[],"ignored":true},"originalCodeFrame":null}
2026-02-27T23:05:40.953Z [network][GET 200] /__nextjs_original-stack-frame?isServer=false&isEdgeServer=false&isAppDirectory=true&errorMessage=Error%3A+A+tree+hydrated+but+some+attributes+of+the+server+rendered+HTML+didn%27t+match+the+client+properties.+This+won%27t+be+patched+up.+This+can+happen+if+a+SSR-ed+Client+Component+used%3A%0A%0A-+A+server%2Fclient+branch+%60if+%28typeof+window+%21%3D%3D+%27undefined%27%29%60.%0A-+Variable+input+such+as+%60Date.now%28%29%60+or+%60Math.random%28%29%60+which+changes+each+time+it%27s+called.%0A-+Date+formatting+in+a+user%27s+locale+which+doesn%27t+match+the+server.%0A-+External+changing+data+without+sending+a+snapshot+of+it+along+with+the+HTML.%0A-+Invalid+HTML+tag+nesting.%0A%0AIt+can+also+happen+if+the+client+has+a+browser+extension+installed+which+messes+with+the+HTML+before+React+loaded.%0A%0Ahttps%3A%2F%2Freact.dev%2Flink%2Fhydration-mismatch%0A%0A++...%0A++++%3CErrorBoundary+errorComponent%3D%7Bundefined%7D+errorStyles%3D%7Bundefined%7D+errorScripts%3D%7Bundefined%7D%3E%0A++++++%3CLoa... [truncated]
  response: {"originalStackFrame":{"file":"node_modules/next/dist/compiled/react-dom/cjs/react-dom-client.development.js","lineNumber":13909,"column":1,"methodName":"completeWork","arguments":[],"ignored":true},"originalCodeFrame":null}
2026-02-27T23:05:40.963Z [network][GET 200] /__nextjs_original-stack-frame?isServer=false&isEdgeServer=false&isAppDirectory=true&errorMessage=Error%3A+A+tree+hydrated+but+some+attributes+of+the+server+rendered+HTML+didn%27t+match+the+client+properties.+This+won%27t+be+patched+up.+This+can+happen+if+a+SSR-ed+Client+Component+used%3A%0A%0A-+A+server%2Fclient+branch+%60if+%28typeof+window+%21%3D%3D+%27undefined%27%29%60.%0A-+Variable+input+such+as+%60Date.now%28%29%60+or+%60Math.random%28%29%60+which+changes+each+time+it%27s+called.%0A-+Date+formatting+in+a+user%27s+locale+which+doesn%27t+match+the+server.%0A-+External+changing+data+without+sending+a+snapshot+of+it+along+with+the+HTML.%0A-+Invalid+HTML+tag+nesting.%0A%0AIt+can+also+happen+if+the+client+has+a+browser+extension+installed+which+messes+with+the+HTML+before+React+loaded.%0A%0Ahttps%3A%2F%2Freact.dev%2Flink%2Fhydration-mismatch%0A%0A++...%0A++++%3CErrorBoundary+errorComponent%3D%7Bundefined%7D+errorStyles%3D%7Bundefined%7D+errorScripts%3D%7Bundefined%7D%3E%0A++++++%3CLoa... [truncated]
  response: {"originalStackFrame":{"file":"node_modules/next/dist/compiled/react-dom/cjs/react-dom-client.development.js","lineNumber":543,"column":1,"methodName":"runWithFiberInDEV","arguments":[],"ignored":true},"originalCodeFrame":null}
2026-02-27T23:05:40.971Z [network][GET 200] /__nextjs_original-stack-frame?isServer=false&isEdgeServer=false&isAppDirectory=true&errorMessage=Error%3A+A+tree+hydrated+but+some+attributes+of+the+server+rendered+HTML+didn%27t+match+the+client+properties.+This+won%27t+be+patched+up.+This+can+happen+if+a+SSR-ed+Client+Component+used%3A%0A%0A-+A+server%2Fclient+branch+%60if+%28typeof+window+%21%3D%3D+%27undefined%27%29%60.%0A-+Variable+input+such+as+%60Date.now%28%29%60+or+%60Math.random%28%29%60+which+changes+each+time+it%27s+called.%0A-+Date+formatting+in+a+user%27s+locale+which+doesn%27t+match+the+server.%0A-+External+changing+data+without+sending+a+snapshot+of+it+along+with+the+HTML.%0A-+Invalid+HTML+tag+nesting.%0A%0AIt+can+also+happen+if+the+client+has+a+browser+extension+installed+which+messes+with+the+HTML+before+React+loaded.%0A%0Ahttps%3A%2F%2Freact.dev%2Flink%2Fhydration-mismatch%0A%0A++...%0A++++%3CErrorBoundary+errorComponent%3D%7Bundefined%7D+errorStyles%3D%7Bundefined%7D+errorScripts%3D%7Bundefined%7D%3E%0A++++++%3CLoa... [truncated]
  response: {"originalStackFrame":{"file":"node_modules/next/dist/compiled/react-dom/cjs/react-dom-client.development.js","lineNumber":15199,"column":1,"methodName":"completeUnitOfWork","arguments":[],"ignored":true},"originalCodeFrame":null}
2026-02-27T23:05:40.979Z [network][GET 200] /__nextjs_original-stack-frame?isServer=false&isEdgeServer=false&isAppDirectory=true&errorMessage=Error%3A+A+tree+hydrated+but+some+attributes+of+the+server+rendered+HTML+didn%27t+match+the+client+properties.+This+won%27t+be+patched+up.+This+can+happen+if+a+SSR-ed+Client+Component+used%3A%0A%0A-+A+server%2Fclient+branch+%60if+%28typeof+window+%21%3D%3D+%27undefined%27%29%60.%0A-+Variable+input+such+as+%60Date.now%28%29%60+or+%60Math.random%28%29%60+which+changes+each+time+it%27s+called.%0A-+Date+formatting+in+a+user%27s+locale+which+doesn%27t+match+the+server.%0A-+External+changing+data+without+sending+a+snapshot+of+it+along+with+the+HTML.%0A-+Invalid+HTML+tag+nesting.%0A%0AIt+can+also+happen+if+the+client+has+a+browser+extension+installed+which+messes+with+the+HTML+before+React+loaded.%0A%0Ahttps%3A%2F%2Freact.dev%2Flink%2Fhydration-mismatch%0A%0A++...%0A++++%3CErrorBoundary+errorComponent%3D%7Bundefined%7D+errorStyles%3D%7Bundefined%7D+errorScripts%3D%7Bundefined%7D%3E%0A++++++%3CLoa... [truncated]
  response: {"originalStackFrame":{"file":"node_modules/next/dist/compiled/react-dom/cjs/react-dom-client.development.js","lineNumber":15080,"column":1,"methodName":"performUnitOfWork","arguments":[],"ignored":true},"originalCodeFrame":null}
2026-02-27T23:05:40.988Z [network][GET 200] /__nextjs_original-stack-frame?isServer=false&isEdgeServer=false&isAppDirectory=true&errorMessage=Error%3A+A+tree+hydrated+but+some+attributes+of+the+server+rendered+HTML+didn%27t+match+the+client+properties.+This+won%27t+be+patched+up.+This+can+happen+if+a+SSR-ed+Client+Component+used%3A%0A%0A-+A+server%2Fclient+branch+%60if+%28typeof+window+%21%3D%3D+%27undefined%27%29%60.%0A-+Variable+input+such+as+%60Date.now%28%29%60+or+%60Math.random%28%29%60+which+changes+each+time+it%27s+called.%0A-+Date+formatting+in+a+user%27s+locale+which+doesn%27t+match+the+server.%0A-+External+changing+data+without+sending+a+snapshot+of+it+along+with+the+HTML.%0A-+Invalid+HTML+tag+nesting.%0A%0AIt+can+also+happen+if+the+client+has+a+browser+extension+installed+which+messes+with+the+HTML+before+React+loaded.%0A%0Ahttps%3A%2F%2Freact.dev%2Flink%2Fhydration-mismatch%0A%0A++...%0A++++%3CErrorBoundary+errorComponent%3D%7Bundefined%7D+errorStyles%3D%7Bundefined%7D+errorScripts%3D%7Bundefined%7D%3E%0A++++++%3CLoa... [truncated]
  response: {"originalStackFrame":{"file":"node_modules/next/dist/compiled/react-dom/cjs/react-dom-client.development.js","lineNumber":15057,"column":1,"methodName":"workLoopConcurrent","arguments":[],"ignored":true},"originalCodeFrame":null}
2026-02-27T23:05:41.004Z [network][GET 200] /__nextjs_original-stack-frame?isServer=false&isEdgeServer=false&isAppDirectory=true&errorMessage=Error%3A+A+tree+hydrated+but+some+attributes+of+the+server+rendered+HTML+didn%27t+match+the+client+properties.+This+won%27t+be+patched+up.+This+can+happen+if+a+SSR-ed+Client+Component+used%3A%0A%0A-+A+server%2Fclient+branch+%60if+%28typeof+window+%21%3D%3D+%27undefined%27%29%60.%0A-+Variable+input+such+as+%60Date.now%28%29%60+or+%60Math.random%28%29%60+which+changes+each+time+it%27s+called.%0A-+Date+formatting+in+a+user%27s+locale+which+doesn%27t+match+the+server.%0A-+External+changing+data+without+sending+a+snapshot+of+it+along+with+the+HTML.%0A-+Invalid+HTML+tag+nesting.%0A%0AIt+can+also+happen+if+the+client+has+a+browser+extension+installed+which+messes+with+the+HTML+before+React+loaded.%0A%0Ahttps%3A%2F%2Freact.dev%2Flink%2Fhydration-mismatch%0A%0A++...%0A++++%3CErrorBoundary+errorComponent%3D%7Bundefined%7D+errorStyles%3D%7Bundefined%7D+errorScripts%3D%7Bundefined%7D%3E%0A++++++%3CLoa... [truncated]
  response: {"originalStackFrame":{"file":"node_modules/next/dist/compiled/react-dom/cjs/react-dom-client.development.js","lineNumber":15954,"column":1,"methodName":"performWorkOnRootViaSchedulerTask","arguments":[],"ignored":true},"originalCodeFrame":null}
2026-02-27T23:05:41.009Z [network][GET 200] /__nextjs_original-stack-frame?isServer=false&isEdgeServer=false&isAppDirectory=true&errorMessage=Error%3A+A+tree+hydrated+but+some+attributes+of+the+server+rendered+HTML+didn%27t+match+the+client+properties.+This+won%27t+be+patched+up.+This+can+happen+if+a+SSR-ed+Client+Component+used%3A%0A%0A-+A+server%2Fclient+branch+%60if+%28typeof+window+%21%3D%3D+%27undefined%27%29%60.%0A-+Variable+input+such+as+%60Date.now%28%29%60+or+%60Math.random%28%29%60+which+changes+each+time+it%27s+called.%0A-+Date+formatting+in+a+user%27s+locale+which+doesn%27t+match+the+server.%0A-+External+changing+data+without+sending+a+snapshot+of+it+along+with+the+HTML.%0A-+Invalid+HTML+tag+nesting.%0A%0AIt+can+also+happen+if+the+client+has+a+browser+extension+installed+which+messes+with+the+HTML+before+React+loaded.%0A%0Ahttps%3A%2F%2Freact.dev%2Flink%2Fhydration-mismatch%0A%0A++...%0A++++%3CErrorBoundary+errorComponent%3D%7Bundefined%7D+errorStyles%3D%7Bundefined%7D+errorScripts%3D%7Bundefined%7D%3E%0A++++++%3CLoa... [truncated]
  response: {"originalStackFrame":{"file":"node_modules/next/dist/compiled/scheduler/cjs/scheduler.development.js","lineNumber":44,"column":1,"methodName":"MessagePort.performWorkUntilDeadline","arguments":[],"ignored":true},"originalCodeFrame":null}
2026-02-27T23:05:41.139Z [network][GET 200] /__nextjs_original-stack-frame?isServer=false&isEdgeServer=false&isAppDirectory=true&errorMessage=Error%3A+A+tree+hydrated+but+some+attributes+of+the+server+rendered+HTML+didn%27t+match+the+client+properties.+This+won%27t+be+patched+up.+This+can+happen+if+a+SSR-ed+Client+Component+used%3A%0A%0A-+A+server%2Fclient+branch+%60if+%28typeof+window+%21%3D%3D+%27undefined%27%29%60.%0A-+Variable+input+such+as+%60Date.now%28%29%60+or+%60Math.random%28%29%60+which+changes+each+time+it%27s+called.%0A-+Date+formatting+in+a+user%27s+locale+which+doesn%27t+match+the+server.%0A-+External+changing+data+without+sending+a+snapshot+of+it+along+with+the+HTML.%0A-+Invalid+HTML+tag+nesting.%0A%0AIt+can+also+happen+if+the+client+has+a+browser+extension+installed+which+messes+with+the+HTML+before+React+loaded.%0A%0Ahttps%3A%2F%2Freact.dev%2Flink%2Fhydration-mismatch%0A%0A++...%0A++++%3CErrorBoundary+errorComponent%3D%7Bundefined%7D+errorStyles%3D%7Bundefined%7D+errorScripts%3D%7Bundefined%7D%3E%0A++++++%3CLoa... [truncated]
  response: {"originalStackFrame":{"file":"node_modules/next/dist/compiled/react-dom/cjs/react-dom-client.development.js","lineNumber":15032,"column":1,"methodName":"renderRootConcurrent","arguments":[],"ignored":true},"originalCodeFrame":null}
2026-02-27T23:05:41.141Z [network][GET 200] /__nextjs_original-stack-frame?isServer=false&isEdgeServer=false&isAppDirectory=true&errorMessage=Error%3A+A+tree+hydrated+but+some+attributes+of+the+server+rendered+HTML+didn%27t+match+the+client+properties.+This+won%27t+be+patched+up.+This+can+happen+if+a+SSR-ed+Client+Component+used%3A%0A%0A-+A+server%2Fclient+branch+%60if+%28typeof+window+%21%3D%3D+%27undefined%27%29%60.%0A-+Variable+input+such+as+%60Date.now%28%29%60+or+%60Math.random%28%29%60+which+changes+each+time+it%27s+called.%0A-+Date+formatting+in+a+user%27s+locale+which+doesn%27t+match+the+server.%0A-+External+changing+data+without+sending+a+snapshot+of+it+along+with+the+HTML.%0A-+Invalid+HTML+tag+nesting.%0A%0AIt+can+also+happen+if+the+client+has+a+browser+extension+installed+which+messes+with+the+HTML+before+React+loaded.%0A%0Ahttps%3A%2F%2Freact.dev%2Flink%2Fhydration-mismatch%0A%0A++...%0A++++%3CErrorBoundary+errorComponent%3D%7Bundefined%7D+errorStyles%3D%7Bundefined%7D+errorScripts%3D%7Bundefined%7D%3E%0A++++++%3CLoa... [truncated]
  response: {"originalStackFrame":{"file":"node_modules/next/dist/compiled/react-dom/cjs/react-dom-client.development.js","lineNumber":14349,"column":1,"methodName":"performWorkOnRoot","arguments":[],"ignored":true},"originalCodeFrame":null}
2026-02-27T23:06:53.507Z [network][GET 200] /_next/static/webpack/1d08abbf2c17a67f.webpack.hot-update.json
  response: {"c":["app/layout","webpack"],"r":[],"m":[]}
2026-02-27T23:06:57.623Z [network][GET 200] /_next/static/webpack/a54e6518c98eb7e2.webpack.hot-update.json
  response: {"c":["app/layout","webpack"],"r":[],"m":[]}
2026-02-27T23:06:58.209Z [network][GET 200] 
  response: 1:"$Sreact.fragment"
3:I["(app-pages-browser)/./node_modules/next/dist/client/components/layout-router.js",["app-pages-internals","static/chunks/app-pages-internals.js"],""]
4:I["(app-pages-browser)/./node_modules/next/dist/client/components/render-from-template-context.js",["app-pages-internals","static/chunks/app-pages-internals.js"],""]
6:I["(app-pages-browser)/./node_modules/next/dist/client/script.js",["app/layout","static/chunks/app/layout.js"],""]
8:I["(app-pages-browser)/./src/components/ErrorReporter.tsx",["app/layout","static/chunks/app/layout.js"],"default"]
9:I["(app-pages-browser)/./src/components/pixel-provider.tsx",["app/layout","static/chunks/app/layout.js"],"PixelProvider"]
d:I["(app-pages-browser)/./src/visual-edits/VisualEditsMessenger.tsx",["app/layout","static/chunks/app/layout.js"],"default"]
e:I["(app-pages-browser)/./node_modules/next/dist/client/components/client-page.js",["app-pages-internals","static/chunks/app-pages-internals.js"],"ClientPageRoot"]
f:I["(app-pages-browser)/./src/app/page.tsx",["app/page","static/chunks/app/page.js"],"default"]
10:I["(app-pages-browser)/./node_modules/next/dist/lib/metadata/metadata-boundary.js",["app-pages-internals","static/chunks/app-pages-internals.js"],"OutletBoundary"]
14:I["(app-pages-browser)/./src/app/global-error.tsx",["app/global-error","static/chunks/app/global-error.js"],"default"]
15:I["(app-pages-browser)/./node_modules/next/dist/client/components/client-segment.js",["app-pages-internals","static/chunks/app-pages-internals.js"],"ClientSegmentRoot"]
16:I["(app-pages-browser)/./node_modules/next/dist/client/components/http-access-fallback/error-boundary.js",["app-pages-internals","static/chunks/app-pages-internals.js"],"HTTPAccessFallbackBoundary"]
17:I["(app-pages-browser)/./node_modules/next/dist/lib/metadata/metadata-boundary.js",["app-pages-internals","static/chunks/app-pages-internals.js"],"MetadataBoundary"]
18:I["(app-pages-browser)/./node_modules/next/dist/lib/metadata/metadata-boundar... [truncated]
2026-02-27T23:07:58.583Z [console][warn] %cDownload the React DevTools for a better development experience: https://react.dev/link/react-devtools font-weight:bold
2026-02-27T23:07:58.788Z [console][log] __ORCHIDS_NAVIGATE__ http://localhost:3000/
2026-02-27T23:07:58.788Z [console][debug] __ORCHIDS_NAVIGATE__ http://localhost:3000/
2026-02-27T23:10:32.705Z [console][warn] %cDownload the React DevTools for a better development experience: https://react.dev/link/react-devtools font-weight:bold
